# lichess database positions (CC0, database.lichess.org), games=3000000 max_ply=20 min_count=3
# key	games_all	games_avg1600	games_avg2000
rnbqkbnr/pppppppp/8/8/4P3/8/PPPP1PPP/RNBQKBNR b	1764704	928502	266586
rnbqkbnr/pppppppp/8/8/3P4/8/PPP1PPPP/RNBQKBNR b	742692	453219	158979
rnbqkbnr/pppp1ppp/8/4p3/4P3/8/PPPP1PPP/RNBQKBNR w	703295	273515	52374
rnbqkbnr/pppp1ppp/8/4p3/4P3/5N2/PPPP1PPP/RNBQKB1R b	424639	166710	33323
rnbqkbnr/ppp1pppp/8/3p4/3P4/8/PPP1PPPP/RNBQKBNR w	306981	163030	44621
rnbqkbnr/pp1ppppp/8/2p5/4P3/8/PPPP1PPP/RNBQKBNR w	288855	201206	70919
r1bqkbnr/pppp1ppp/2n5/4p3/4P3/5N2/PPPP1PPP/RNBQKB1R w	275592	111686	23913
rnbqkbnr/ppp1pppp/8/3p4/4P3/8/PPPP1PPP/RNBQKBNR w	197096	105091	27828
rnbqkbnr/pppp1ppp/4p3/8/4P3/8/PPPP1PPP/RNBQKBNR w	178021	109694	35079
rnbqkbnr/pp1ppppp/8/2p5/4P3/5N2/PPPP1PPP/RNBQKB1R b	149518	107633	39541
rnbqkbnr/pp1ppppp/2p5/8/4P3/8/PPPP1PPP/RNBQKBNR w	143292	89914	31341
rnbqkb1r/pppppppp/5n2/8/3P4/8/PPP1PPPP/RNBQKBNR w	134337	101476	47274
rnbqkbnr/ppp1pppp/8/3P4/8/8/PPPP1PPP/RNBQKBNR b	128199	73961	19283
r1bqkbnr/pppp1ppp/2n5/4p3/2B1P3/5N2/PPPP1PPP/RNBQK2R b	123378	49528	9267
rnbqkbnr/ppp1pppp/8/3p4/2PP4/8/PP2PPPP/RNBQKBNR b	107394	66347	19438
rnbqkbnr/pppppppp/8/8/8/5N2/PPPPPPPP/RNBQKB1R b	104812	71921	34748
rnb1kbnr/ppp1pppp/8/3q4/8/8/PPPP1PPP/RNBQKBNR w	92798	49760	11986
rnbqkbnr/pppppppp/8/8/2P5/8/PP1PPPPP/RNBQKBNR b	92489	64567	25853
rnbqkbnr/pppp1ppp/4p3/8/3PP3/8/PPP2PPP/RNBQKBNR b	82253	55199	19947
rnbqkbnr/pppp1ppp/8/4p3/2B1P3/8/PPPP1PPP/RNBQK1NR b	73297	24561	2851
rnbqkbnr/pppp1ppp/4p3/8/3P4/8/PPP1PPPP/RNBQKBNR w	73200	45233	14659
rnbqkbnr/ppp1pppp/3p4/8/4P3/8/PPPP1PPP/RNBQKBNR w	71992	42843	14905
rnbqkbnr/ppp1pppp/8/3p4/3P4/5N2/PPP1PPPP/RNBQKB1R b	67977	39339	13322
rnb1kbnr/ppp1pppp/8/3q4/8/2N5/PPPP1PPP/R1BQKBNR b	66719	33375	7915
rnbqkbnr/pppppppp/8/8/8/4P3/PPPP1PPP/RNBQKBNR b	66444	32984	11063
r1bqkbnr/pp1ppppp/2n5/2p5/4P3/5N2/PPPP1PPP/RNBQKB1R w	64168	44671	13876
rnbqkbnr/ppp2ppp/3p4/4p3/4P3/5N2/PPPP1PPP/RNBQKB1R w	63591	25261	3471
rnbqkbnr/pp1ppppp/2p5/8/3PP3/8/PPP2PPP/RNBQKBNR b	62504	43211	16967
rnbqkbnr/pppppp1p/6p1/8/4P3/8/PPPP1PPP/RNBQKBNR w	61403	38482	12217
rnbqkbnr/pp2pppp/2p5/3p4/3PP3/8/PPP2PPP/RNBQKBNR w	58326	40345	15743
r1bqkbnr/pppp1ppp/2n5/1B2p3/4P3/5N2/PPPP1PPP/RNBQK2R b	58036	26799	7420
rnbqkbnr/ppp1pppp/8/3p4/3P1B2/8/PPP1PPPP/RN1QKBNR b	57758	25385	5009
rnbqkbnr/ppp2ppp/4p3/3p4/3PP3/8/PPP2PPP/RNBQKBNR w	55901	40868	16383
rnbqkbnr/pppp1ppp/8/4p3/4P3/2N5/PPPP1PPP/R1BQKBNR b	54332	24343	5922
rnbqkb1r/pppppppp/5n2/8/2PP4/8/PP2PPPP/RNBQKBNR b	53702	43932	21049
rnbqkbnr/pppp1ppp/4p3/8/4P3/5N2/PPPP1PPP/RNBQKB1R b	53661	28529	6998
r1bqkbnr/pppp1ppp/2n5/4p3/3PP3/5N2/PPP2PPP/RNBQKB1R b	52321	23493	4859
rnbqkbnr/pppppppp/8/8/8/6P1/PPPPPP1P/RNBQKBNR b	51384	33186	12908
rnbqkbnr/pppp1ppp/8/4p3/3P4/8/PPP1PPPP/RNBQKBNR w	50096	24609	6099
rnbqkbnr/pppp1ppp/8/4p3/3PP3/8/PPP2PPP/RNBQKBNR b	49179	20097	4667
rnbqkbnr/pppppppp/8/8/8/1P6/P1PPPPPP/RNBQKBNR b	49013	33902	14203
rnbqkb1r/pppp1ppp/5n2/4p3/4P3/5N2/PPPP1PPP/RNBQKB1R w	46710	18471	4115
r1bqkb1r/pppp1ppp/2n2n2/4p3/2B1P3/5N2/PPPP1PPP/RNBQK2R w	45598	18086	3998
rnbqkbnr/pp2pppp/3p4/2p5/4P3/5N2/PPPP1PPP/RNBQKB1R w	45003	33206	13669
rnbqkbnr/pp1ppppp/2p5/8/4P3/5N2/PPPP1PPP/RNBQKB1R b	42277	23498	6569
r1bqkbnr/pppp1ppp/2n5/4p3/4P3/2N2N2/PPPP1PPP/R1BQKB1R b	41881	13505	3095
r1bqkbnr/pppp1ppp/2n5/8/3pP3/5N2/PPP2PPP/RNBQKB1R w	41466	21197	4724
rnbqkbnr/pppp1ppp/8/4p3/4PP2/8/PPPP2PP/RNBQKBNR b	40865	23784	4024
r1bqk1nr/pppp1ppp/2n5/2b1p3/2B1P3/5N2/PPPP1PPP/RNBQK2R w	40712	18691	3735
rnbqkbnr/ppp2ppp/4p3/3p4/2PP4/8/PP2PPPP/RNBQKBNR w	39600	27768	9656
rnbqkbnr/pp2pppp/2p5/3p4/4P3/5N2/PPPP1PPP/RNBQKB1R w	39163	21833	6091
rnbqkbnr/p1pppppp/1p6/8/4P3/8/PPPP1PPP/RNBQKBNR w	37391	20949	5112
rnbqkbnr/ppp1pppp/8/3p4/3P4/4P3/PPP2PPP/RNBQKBNR b	36240	16189	3751
rnbqkbnr/pppppp1p/6p1/8/3P4/8/PPP1PPPP/RNBQKBNR w	36077	23677	8012
rnbqkbnr/pp1ppppp/8/2p5/3P4/8/PPP1PPPP/RNBQKBNR w	35324	26904	12305
rnbqkbnr/ppp1pppp/3p4/8/3PP3/8/PPP2PPP/RNBQKBNR b	35218	23337	9369
rnbqkb1r/pppppppp/5n2/8/4P3/8/PPPP1PPP/RNBQKBNR w	33896	21963	9158
rnbqkbnr/ppp1pppp/8/3p4/8/5N2/PPPPPPPP/RNBQKB1R w	33696	21727	9418
rnbqkbnr/ppp2ppp/4p3/3p4/4P3/5N2/PPPP1PPP/RNBQKB1R w	31710	18829	5350
rnbqkbnr/pp1p1ppp/4p3/2p5/4P3/5N2/PPPP1PPP/RNBQKB1R w	31296	22688	8729
rnbqkbnr/pp1ppppp/8/2p5/4P3/2N5/PPPP1PPP/R1BQKBNR b	31187	23724	10600
r1bqkb1r/pppp1ppp/2n2n2/4p3/4P3/2N2N2/PPPP1PPP/R1BQKB1R w	31175	10753	2942
rnbqkbnr/pp1ppppp/2p5/8/3P4/8/PPP1PPPP/RNBQKBNR w	30954	21641	8593
rnbqkb1r/pppppppp/5n2/8/3P4/5N2/PPP1PPPP/RNBQKB1R b	30774	24491	13523
rnbqkbnr/ppp1pppp/3p4/8/3P4/8/PPP1PPPP/RNBQKBNR w	30360	19260	8020
rnbqkbnr/pp2pppp/2p5/3p4/2PP4/8/PP2PPPP/RNBQKBNR w	29690	22451	8710
rnbqkbnr/pppppppp/8/8/8/3P4/PPP1PPPP/RNBQKBNR b	29394	17406	6354
rnbqkbnr/pppp1ppp/8/8/3pP3/8/PPP2PPP/RNBQKBNR w	29103	13191	2972
rnbqkbnr/ppp2ppp/3p4/4p3/2B1P3/5N2/PPPP1PPP/RNBQK2R b	28780	11154	1270
rnbqkbnr/pppppp1p/6p1/8/3PP3/8/PPP2PPP/RNBQKBNR b	28771	19487	7099
r1bqkbnr/pp1ppppp/2n5/2p5/3PP3/5N2/PPP2PPP/RNBQKB1R b	28393	21684	7336
r1bqkbnr/pp1ppppp/2n5/8/3pP3/5N2/PPP2PPP/RNBQKB1R w	27645	21821	7614
rnbqkbnr/pppppppp/8/8/5P2/8/PPPPP1PP/RNBQKBNR b	27302	19549	6648
rnbqkbnr/ppp1pppp/8/8/8/2N5/PPPP1PPP/R1BQKBNR w	27165	15348	3498
rnbqkb1r/ppp1pppp/5n2/3p4/3P4/5N2/PPP1PPPP/RNBQKB1R w	27115	18696	8133
r1bqkbnr/pppppppp/2n5/8/4P3/8/PPPP1PPP/RNBQKBNR w	27051	14022	4721
r1bqkbnr/pppp1ppp/2n5/8/3NP3/8/PPP2PPP/RNBQKB1R b	26840	12677	2539
rnbqkbnr/pppp1ppp/8/4P3/8/8/PPP1PPPP/RNBQKBNR b	26532	12429	2780
rnbqkbnr/pppp1ppp/8/4p3/2P5/8/PP1PPPPP/RNBQKBNR w	26482	15259	4826
rnbqkbnr/pp1ppppp/8/2p5/2B1P3/8/PPPP1PPP/RNBQK1NR b	26389	13582	1870
r1bqkbnr/pppp1ppp/2n5/4p3/2B1P3/8/PPPP1PPP/RNBQK1NR w	26034	9716	1193
rnbqkbnr/pp1ppppp/8/2p5/3PP3/8/PPP2PPP/RNBQKBNR b	25904	17515	6576
rnbqk1nr/ppppppbp/6p1/8/3PP3/8/PPP2PPP/RNBQKBNR w	25619	17598	6325
r1bqkbnr/pp1ppppp/2n5/8/3NP3/8/PPP2PPP/RNBQKB1R b	25370	20026	6867
rnbqkbnr/pp2pppp/2p5/3P4/8/5N2/PPPP1PPP/RNBQKB1R b	25099	14803	3936
rnbqkbnr/pppp1ppp/4p3/8/2PP4/8/PP2PPPP/RNBQKBNR b	25082	17930	6080
rnbqkbnr/pp2pppp/8/3p4/8/5N2/PPPP1PPP/RNBQKB1R w	24364	14409	3844
rnbqkbnr/ppp1pppp/8/3p4/3P4/2N5/PPP1PPPP/R1BQKBNR b	24358	10257	2929
rnbqkbnr/pp2pppp/8/3p4/3P4/5N2/PPP2PPP/RNBQKB1R b	24126	16117	4727
r1bqkbnr/pppp1ppp/2n5/4p3/4P3/2N5/PPPP1PPP/R1BQKBNR w	23963	11819	3256
rnbqkb1r/ppp1pppp/5n2/3P4/8/8/PPPP1PPP/RNBQKBNR w	23936	16581	4978
rnbqkbnr/ppp2ppp/4p3/3p4/2PP4/2N5/PP2PPPP/R1BQKBNR b	23742	17619	6455
rnbqkbnr/pp2pppp/3p4/2p5/3PP3/5N2/PPP2PPP/RNBQKB1R b	23615	18931	8801
rnbqkbnr/ppp1pppp/8/8/2pP4/8/PP2PPPP/RNBQKBNR w	23514	10632	2080
rnbqkbnr/pp2pppp/2p5/3pP3/3P4/8/PPP2PPP/RNBQKBNR b	23340	14106	4735
rnbqkbnr/ppp2ppp/4p3/3pP3/3P4/8/PPP2PPP/RNBQKBNR b	23329	13598	4045
rnbqkbnr/pppp1ppp/8/4p3/8/4P3/PPPP1PPP/RNBQKBNR w	23239	7629	1796
rnbqkb1r/pppp1ppp/5n2/4p3/2B1P3/8/PPPP1PPP/RNBQK1NR w	22832	7586	1054
rnbqkbnr/pppp1ppp/8/4p3/4P3/3P4/PPP2PPP/RNBQKBNR b	22598	7082	1027
rnbqkbnr/pp2pppp/3p4/8/3pP3/5N2/PPP2PPP/RNBQKB1R w	22542	18414	8710
rnbqkb1r/ppp1pppp/5n2/3p4/2PP4/8/PP2PPPP/RNBQKBNR w	22294	13559	3166
rnbqkb1r/ppp2ppp/4pn2/3p4/2PP4/2N5/PP2PPPP/R1BQKBNR w	21940	17062	6366
rnbqkbnr/ppp1pppp/8/3pP3/8/8/PPPP1PPP/RNBQKBNR b	21468	8256	1566
rnbqkb1r/pppp1ppp/5n2/4p3/4P3/2N2N2/PPPP1PPP/R1BQKB1R b	21412	8305	1997
rnbqkbnr/ppp2ppp/8/3p4/3P4/5N2/PPP2PPP/RNBQKB1R b	21396	15748	4750
rnbqkbnr/ppp1pppp/3p4/8/4P3/5N2/PPPP1PPP/RNBQKB1R b	21253	10863	2996
rnbqkb1r/pppp1ppp/4pn2/8/2PP4/8/PP2PPPP/RNBQKBNR w	21089	17580	8791
rnbqkbnr/ppp2ppp/4p3/3P4/8/5N2/PPPP1PPP/RNBQKB1R b	20886	13245	3417
rnbqkb1r/pppppppp/5n2/8/3P1B2/8/PPP1PPPP/RN1QKBNR b	20492	13572	4873
rnbqkbnr/ppp2ppp/3p4/4p3/3PP3/5N2/PPP2PPP/RNBQKB1R b	20346	9859	1850
rnbqkb1r/ppp1pppp/5n2/3p4/3P1B2/8/PPP1PPPP/RN1QKBNR w	19876	10829	2815
rnbqkbnr/pp2pppp/3p4/8/3NP3/8/PPP2PPP/RNBQKB1R b	19753	16223	7649
rnbqkbnr/pp2pppp/8/3p4/3P4/8/PPP2PPP/RNBQKBNR w	19681	14710	5794
rnbqkbnr/ppp2ppp/4p3/3p4/3P4/5N2/PPP1PPPP/RNBQKB1R w	19600	12778	4625
rnbqkbnr/ppp2ppp/8/3p4/8/5N2/PPPP1PPP/RNBQKB1R w	19368	12663	3320
r1bqkb1r/pppp1ppp/2n2n2/4p3/2B1P3/2N2N2/PPPP1PPP/R1BQK2R b	19280	5782	953
rnbqkbnr/pp1ppppp/8/8/3pP3/8/PPP2PPP/RNBQKBNR w	19232	13278	4915
rnbqkbnr/ppp1pppp/8/3p4/4P3/5N2/PPPP1PPP/RNBQKB1R b	19026	9395	2203
rnbqkbnr/pppppppp/8/8/8/2N5/PPPPPPPP/R1BQKBNR b	19021	11602	5174
rnbqkbnr/pp2pppp/2p5/3P4/3P4/8/PPP2PPP/RNBQKBNR b	18981	13953	5319
rnbqkbnr/pp3ppp/4p3/2ppP3/3P4/8/PPP2PPP/RNBQKBNR w	18154	11838	3706
rnb1kbnr/ppp1pppp/8/q7/8/2N5/PPPP1PPP/R1BQKBNR w	17987	10243	2633
rnbqkbnr/pppppp1p/6p1/8/4P3/5N2/PPPP1PPP/RNBQKB1R b	17777	9941	2585
rnbqkbnr/ppp2ppp/4p3/3P4/3P4/8/PPP2PPP/RNBQKBNR b	17760	13158	4328
rnbqkbnr/pp1p1ppp/4p3/2p5/3PP3/5N2/PPP2PPP/RNBQKB1R b	17753	13482	5491
rnbqkbnr/ppp2ppp/8/3p4/3P4/8/PPP2PPP/RNBQKBNR w	17739	13371	4536
rnbqkb1r/ppp1pppp/3p1n2/8/3PP3/8/PPP2PPP/RNBQKBNR w	17399	11645	5125
rnbqkbnr/pp1ppppp/8/2p5/4P3/2P5/PP1P1PPP/RNBQKBNR b	17336	13276	5026
rnbqkb1r/pppp1ppp/5n2/4p3/4P3/2N5/PPPP1PPP/R1BQKBNR w	17129	7817	2330
rnbqk1nr/ppppppbp/6p1/8/3PP3/5N2/PPP2PPP/RNBQKB1R b	16698	10511	2968
rnbqkbnr/pp2pppp/2p5/3p4/2PP4/2N5/PP2PPPP/R1BQKBNR b	16461	12682	4837
rnbqkb1r/pppppp1p/5np1/8/2PP4/8/PP2PPPP/RNBQKBNR w	16448	13367	6356
r1bqkbnr/ppp1pppp/2n5/3p4/3P4/5N2/PPP1PPPP/RNBQKB1R w	16224	6281	1212
rnbqkbnr/pppp1ppp/8/4p3/2P5/2N5/PP1PPPPP/R1BQKBNR b	16105	9690	3068
rnbqk1nr/ppppppbp/6p1/8/4P3/5N2/PPPP1PPP/RNBQKB1R w	16042	9131	2357
rnbqkbnr/ppp1pppp/8/8/4p3/5N2/PPPP1PPP/RNBQKB1R w	15972	7911	1815
rnbqkbnr/p1pppppp/1p6/8/3P4/8/PPP1PPPP/RNBQKBNR w	15961	9937	2920
rnbqkbnr/ppp2ppp/4p3/3p4/3P1B2/8/PPP1PPPP/RN1QKBNR w	15947	8159	1693
rnbqkbnr/pppp1ppp/4p3/8/3P4/5N2/PPP1PPPP/RNBQKB1R b	15946	10810	4322
rnbqkbnr/pppp1ppp/8/8/4Pp2/8/PPPP2PP/RNBQKBNR w	15870	9063	1461
rnbqkbnr/p1pppppp/1p6/8/3PP3/8/PPP2PPP/RNBQKBNR b	15823	9799	2790
r1bqkbnr/pppp1pp1/2n4p/4p3/2B1P3/5N2/PPPP1PPP/RNBQK2R w	15722	4257	205
rnbqkbnr/pppp1ppp/4p3/8/4P3/2N5/PPPP1PPP/R1BQKBNR b	15392	10153	3836
r1bqkb1r/pppp1ppp/2n2n2/4p3/2B1P3/3P1N2/PPP2PPP/RNBQK2R b	15089	6522	1697
rnbqkb1r/pppppppp/5n2/8/8/5N2/PPPPPPPP/RNBQKB1R w	14985	12349	7652
rnbqkb1r/pppppppp/5n2/4P3/8/8/PPPP1PPP/RNBQKBNR b	14878	11320	5101
rnbqkb1r/pp2pppp/3p1n2/8/3NP3/8/PPP2PPP/RNBQKB1R w	14793	12880	6766
rnbqkbnr/ppp1pppp/8/3p4/8/6P1/PPPPPP1P/RNBQKBNR w	14670	9828	3454
rnbqkb1r/pppppppp/5n2/8/2P5/8/PP1PPPPP/RNBQKBNR w	14587	11932	5754
rnbqkb1r/pppp1ppp/5n2/4p3/2B1P3/5N2/PPPP1PPP/RNBQK2R b	14502	4907	668
rnbqkbnr/ppp1pppp/8/3p4/3PP3/8/PPP2PPP/RNBQKBNR b	14333	7620	1987
rnbqkbnr/ppp2ppp/4p3/3p4/3PP3/2N5/PPP2PPP/R1BQKBNR b	14200	11225	5831
rn1qkbnr/pbpppppp/1p6/8/3PP3/8/PPP2PPP/RNBQKBNR w	14190	8889	2537
rnbqkb1r/pppp1ppp/4pn2/8/2PP4/2N5/PP2PPPP/R1BQKBNR b	14177	11856	5651
rnbqkb1r/pppp1ppp/5n2/4N3/4P3/8/PPPP1PPP/RNBQKB1R b	14056	5744	1503
r1bqkbnr/pp1ppppp/2n5/2p5/2B1P3/5N2/PPPP1PPP/RNBQK2R b	14043	7289	994
rnbqkb1r/ppp1pppp/5n2/3p4/3P4/2N5/PPP1PPPP/R1BQKBNR w	14025	6724	2437
rnbqkbnr/ppp1pppp/8/3p4/4P3/2N5/PPPP1PPP/R1BQKBNR b	13995	8353	3521
rn1qkbnr/pp2pppp/2p5/3pPb2/3P4/8/PPP2PPP/RNBQKBNR w	13994	8929	2993
rnbqkbnr/pppp1ppp/8/8/4Pp2/5N2/PPPP2PP/RNBQKB1R b	13940	8143	1225
r1bqkbnr/ppp1pppp/2n5/3p4/3P1B2/8/PPP1PPPP/RN1QKBNR w	13881	3662	317
rnbqkbnr/pp2pppp/2p5/3p4/3PP3/2N5/PPP2PPP/R1BQKBNR b	13825	10299	4850
r1bqkbnr/1ppp1ppp/p1n5/1B2p3/4P3/5N2/PPPP1PPP/RNBQK2R w	13781	7857	3172
r1bqkb1r/pppp1ppp/2n2n2/4p1N1/2B1P3/8/PPPP1PPP/RNBQK2R b	13747	4767	1026
rnbqkb1r/pp2pppp/3p1n2/8/3NP3/2N5/PPP2PPP/R1BQKB1R b	13745	12038	6408
rnbqkbnr/pp1ppppp/8/2p5/4PP2/8/PPPP2PP/RNBQKBNR b	13696	10454	2234
r1bqkbnr/pp1ppppp/2n5/2p5/4P3/2N5/PPPP1PPP/R1BQKBNR w	13627	10376	4481
rnbqkbnr/pp1p1ppp/4p3/8/3pP3/5N2/PPP2PPP/RNBQKB1R w	13610	11173	5070
rnbqkbnr/pp1ppppp/2p5/8/4P3/2N5/PPPP1PPP/R1BQKBNR b	13599	9492	4237
rnbqk1nr/pppp1ppp/8/2b1p3/4P3/5N2/PPPP1PPP/RNBQKB1R w	13516	4000	413
rnbqkbnr/ppp1pppp/8/3p4/8/4P3/PPPP1PPP/RNBQKBNR w	13479	7311	2416
r1bqk2r/pppp1ppp/2n2n2/2b1p3/2B1P3/2N2N2/PPPP1PPP/R1BQK2R w	13165	4043	552
rnbqkbnr/ppp1pppp/8/3p4/8/6P1/PPPPPPBP/RNBQK1NR b	13147	8978	3136
rnbqkb1r/ppp1pppp/3p1n2/8/3PP3/2N5/PPP2PPP/R1BQKBNR b	13109	9092	4348
rnbqkb1r/pppppp1p/5np1/8/2PP4/2N5/PP2PPPP/R1BQKBNR b	13106	10860	5203
rnbqkbnr/ppppp1pp/8/5p2/3P4/8/PPP1PPPP/RNBQKBNR w	12964	9116	3278
rnbqkb1r/pppppppp/8/3nP3/8/8/PPPP1PPP/RNBQKBNR w	12731	10107	4715
r1bqkbnr/ppp2ppp/2np4/1B2p3/4P3/5N2/PPPP1PPP/RNBQK2R w	12717	5624	690
rnbqkbnr/pp2pppp/2p5/3p4/4P3/2N5/PPPP1PPP/R1BQKBNR w	12620	8809	3950
rnbqkbnr/ppp1pppp/8/8/8/2N2N2/PPPP1PPP/R1BQKB1R b	12596	6903	1406
rnbqkbnr/pppp1ppp/8/4p3/8/1P6/P1PPPPPP/RNBQKBNR w	12558	6921	2148
rnbqkb1r/ppp1pppp/5n2/3p4/3P1B2/4P3/PPP2PPP/RN1QKBNR b	12513	7196	2090
r1bqkbnr/pppp1ppp/8/8/3QP3/8/PPP2PPP/RNB1KB1R b	12491	4269	362
rnbqkbnr/pp3ppp/4p3/2ppP3/3P4/2P5/PP3PPP/RNBQKBNR b	12411	9171	3158
rnbqkbnr/pppppp1p/6p1/8/2PP4/8/PP2PPPP/RNBQKBNR b	12354	9054	3111
rnbqkb1r/ppp1pppp/5n2/3p4/3P4/4P3/PPP2PPP/RNBQKBNR w	12309	6691	1806
rnbqkbnr/pppp1ppp/4p3/8/3P1B2/8/PPP1PPPP/RN1QKBNR b	12053	6274	1471
r1bqkb1r/pppp1ppp/2n2n2/1B2p3/4P3/5N2/PPPP1PPP/RNBQK2R w	12002	4911	1528
rnbqkbnr/pp1p1ppp/4p3/8/3NP3/8/PPP2PPP/RNBQKB1R b	11997	9967	4564
rnbqkb1r/ppp2ppp/4pn2/3p4/2PP4/2N2N2/PP2PPPP/R1BQKB1R b	11984	9799	4496
rnbqkbnr/pppp1ppp/8/8/3QP3/8/PPP2PPP/RNB1KBNR b	11960	3502	727
rnbqkbnr/ppp1pppp/8/3p4/8/1P6/P1PPPPPP/RNBQKBNR w	11938	8257	3169
rnb1kbnr/ppp1pppp/8/3q4/8/5N2/PPPP1PPP/RNBQKB1R b	11859	7831	2038
r1bqkbnr/ppp2ppp/2np4/4p3/2B1P3/5N2/PPPP1PPP/RNBQK2R w	11859	4722	634
r1bqkbnr/pppp1ppp/8/8/3nP3/8/PPP2PPP/RNBQKB1R w	11725	4082	345
rnbqkbnr/pppppppp/8/8/1P6/8/P1PPPPPP/RNBQKBNR b	11716	7228	1888
r1bqkbnr/pppppppp/2n5/8/4P3/5N2/PPPP1PPP/RNBQKB1R b	11688	5529	1702
rnbqkb1r/ppp1pppp/5n2/3P4/8/2N5/PPPP1PPP/R1BQKBNR b	11684	7470	2423
rnbqkb1r/pppppppp/5n2/8/3P4/2N5/PPP1PPPP/R1BQKBNR b	11630	7807	3407
rnbqkbnr/pp2pppp/2p5/3p4/3P4/5N2/PPP1PPPP/RNBQKB1R w	11581	8929	4348
rnbqkb1r/pp2pppp/2p2n2/3p4/2PP4/2N5/PP2PPPP/R1BQKBNR w	11574	9341	3956
rnbqkb1r/ppp1pppp/5n2/3p4/2PP4/2N5/PP2PPPP/R1BQKBNR b	11570	7319	1656
r1bqk2r/pppp1ppp/2n2n2/2b1p3/2B1P3/3P1N2/PPP2PPP/RNBQK2R w	11570	5013	1323
rnbqkbnr/pppp1ppp/8/4p3/8/1P6/PBPPPPPP/RN1QKBNR b	11563	6528	2061
rnbqkbnr/ppp1pppp/8/6N1/4p3/8/PPPP1PPP/RNBQKB1R b	11550	6565	1604
r1bqkbnr/pppp1ppp/2n5/4p3/3PP3/8/PPP2PPP/RNBQKBNR w	11536	5804	1959
r1bqkbnr/pppp1ppp/2n5/4P3/8/8/PPP1PPPP/RNBQKBNR w	11536	5478	1277
rnbqkb1r/ppp2ppp/5n2/3p4/3P4/5N2/PPP2PPP/RNBQKB1R w	11459	8647	2659
rnbqkbnr/p1pppppp/1p6/8/4P3/5N2/PPPP1PPP/RNBQKB1R b	11382	5789	1197
rnbqkbnr/pp1ppppp/2p5/8/2PP4/8/PP2PPPP/RNBQKBNR b	11376	8792	3682
rnbqkbnr/pppp1ppp/8/4p3/8/6P1/PPPPPP1P/RNBQKBNR w	11314	4842	1125
rnbqk1nr/ppppppbp/6p1/8/2PP4/8/PP2PPPP/RNBQKBNR w	11302	8356	2859
r1bqk1nr/pppp1ppp/2n5/2b1p3/2B1P3/2P2N2/PP1P1PPP/RNBQK2R b	11288	6031	1381
rnbqk2r/ppppppbp/5np1/8/2PP4/2N5/PP2PPPP/R1BQKBNR w	11097	8783	3793
r1bqkbnr/pppp1ppp/2n5/4p3/4PP2/8/PPPP2PP/RNBQKBNR w	11068	6237	1004
r1bqkbnr/pppp1ppp/2n5/4p3/4P3/2P2N2/PP1P1PPP/RNBQKB1R b	11065	4254	724
rnbqkbnr/ppp1pppp/8/3p4/8/1P6/PBPPPPPP/RN1QKBNR b	11060	7767	3016
rnbqkb1r/ppp1pppp/5n2/3p4/3P1B2/5N2/PPP1PPPP/RN1QKB1R b	11053	6931	2411
rnbqkb1r/pppppppp/5n2/8/4P3/2N5/PPPP1PPP/R1BQKBNR b	10940	6855	2971
rnbqkb1r/pppppppp/5n2/8/3P4/4P3/PPP2PPP/RNBQKBNR b	10907	7302	2672
rnbqkbnr/ppp2ppp/4p3/3p4/3P4/4P3/PPP2PPP/RNBQKBNR w	10788	5637	1548
rnbqkbnr/pp2pppp/2p5/8/3PN3/8/PPP2PPP/R1BQKBNR b	10757	8723	4504
rnbqkbnr/ppp2ppp/3p4/4p3/4P3/2N2N2/PPPP1PPP/R1BQKB1R b	10729	3334	519
rnbqkb1r/ppp2ppp/4pn2/3p4/2PP4/5N2/PP2PPPP/RNBQKB1R w	10691	8847	4756
r1bqk1nr/pppp1ppp/2n5/2b1p3/4P3/2N2N2/PPPP1PPP/R1BQKB1R w	10650	3852	752
rnbqkbnr/pp2pppp/2p5/8/3Pp3/2N5/PPP2PPP/R1BQKBNR w	10445	8301	4086
rn1qkbnr/pbpppppp/1p6/8/4P3/5N2/PPPP1PPP/RNBQKB1R w	10354	5302	1088
r1bqkb1r/ppp2ppp/2n2n2/3pp1N1/2B1P3/8/PPPP1PPP/RNBQK2R w	10336	3846	859
rnbqkbnr/ppp2ppp/3p4/8/3pP3/5N2/PPP2PPP/RNBQKB1R w	10333	5829	1079
rnbqkb1r/ppp1pppp/5n2/3p4/3P4/4PN2/PPP2PPP/RNBQKB1R b	10278	6212	2036
rnbqkbnr/pp1ppppp/8/2p5/2P5/8/PP1PPPPP/RNBQKBNR w	10255	7515	3018
rnbqkbnr/pp1p1ppp/4p3/2p5/2B1P3/8/PPPP1PPP/RNBQK1NR w	10250	5796	941
rnbqkbnr/pppp1ppp/4p3/8/2P5/8/PP1PPPPP/RNBQKBNR w	10212	7762	3242
rnbqkbnr/ppp1pppp/3p4/8/2PP4/8/PP2PPPP/RNBQKBNR b	10187	7383	3110
rnbqkbnr/pppppppp/8/8/8/2P5/PP1PPPPP/RNBQKBNR b	10131	6124	2522
rnbqkb1r/ppp2ppp/4pn2/3p4/3P1B2/4PN2/PPP2PPP/RN1QKB1R b	10005	6699	2204
r1bqkb1r/ppp2ppp/2n2n2/3Pp1N1/2B5/8/PPPP1PPP/RNBQK2R b	10000	3810	855
rnbqkbnr/ppp2ppp/4p3/3p4/2PP4/5N2/PP2PPPP/RNBQKB1R b	9935	7524	3412
r1bqkbnr/pp1ppppp/2n5/2p5/4P3/2N2N2/PPPP1PPP/R1BQKB1R b	9877	6220	2002
rnbqkb1r/pppppp1p/5np1/8/3P4/5N2/PPP1PPPP/RNBQKB1R w	9868	7881	4434
r1bqkbnr/pppp1ppp/2n5/8/3QP3/8/PPP2PPP/RNB1KBNR w	9857	2967	646
rnbqkbnr/ppp1pppp/8/8/3Pp3/8/PPP2PPP/RNBQKBNR w	9788	5319	1413
rnbqkbnr/pppp1ppp/8/4p3/8/6P1/PPPPPPBP/RNBQK1NR b	9784	4407	998
rnbqkbnr/pppp1ppp/4p3/8/8/5N2/PPPPPPPP/RNBQKB1R w	9762	6538	2871
r1bqkbnr/pppp1ppp/2n5/4p3/2B1P3/2N5/PPPP1PPP/R1BQK1NR b	9723	5106	1175
rnbqkbnr/ppp2ppp/4p3/3p4/3P1B2/4P3/PPP2PPP/RN1QKBNR b	9707	5335	1208
rnbqkbnr/ppp1pppp/8/3p4/5P2/8/PPPPP1PP/RNBQKBNR w	9670	6702	2008
r1bqkbnr/pp1ppppp/2n5/2p5/2B1P3/8/PPPP1PPP/RNBQK1NR w	9658	4814	573
rnbqkb1r/pppp1ppp/4pn2/8/3P4/5N2/PPP1PPPP/RNBQKB1R w	9593	7915	4423
r1bqkbnr/pp1p1ppp/2n1p3/2p5/2B1P3/5N2/PPPP1PPP/RNBQK2R w	9580	5225	742
rnbqkbnr/ppp2ppp/8/3pp3/4P3/5N2/PPPP1PPP/RNBQKB1R w	9579	4879	1316
rnbqk1nr/ppp1ppbp/3p2p1/8/3PP3/5N2/PPP2PPP/RNBQKB1R w	9559	6312	1842
rnbqkbnr/pppp1ppp/8/8/3pP3/2P5/PP3PPP/RNBQKBNR b	9478	5359	1128
r1bqkbnr/pppp1ppp/2n5/8/2BpP3/5N2/PPP2PPP/RNBQK2R b	9461	5950	1531
rnbqkbnr/pp1ppppp/2p5/8/2B1P3/8/PPPP1PPP/RNBQK1NR b	9457	3930	519
rnbqkbnr/ppp1pppp/8/3p4/8/3P4/PPP1PPPP/RNBQKBNR w	9456	5479	1798
r1bqkbnr/pppp1ppp/2n5/4p3/4P3/3P4/PPP2PPP/RNBQKBNR w	9394	3269	530
rnbqkbnr/ppp2ppp/4p3/3p4/4P3/2N5/PPPP1PPP/R1BQKBNR w	9389	6633	2850
rnbqkbnr/pp1ppppp/8/2p5/8/5N2/PPPPPPPP/RNBQKB1R w	9371	7311	3753
rnbqkb1r/ppp1pppp/3p1n2/8/4P3/5N2/PPPP1PPP/RNBQKB1R w	9319	4691	1384
r1bqkbnr/pppp1ppp/2n5/4p3/4PP2/5N2/PPPP2PP/RNBQKB1R b	9298	5460	870
r1bqkbnr/pp2pppp/2n5/3p4/3P4/5N2/PPP2PPP/RNBQKB1R w	9231	6487	2202
rnbqkbnr/pp1ppppp/8/2pP4/8/8/PPP1PPPP/RNBQKBNR b	9195	7551	3492
r1bqk1nr/pppp1ppp/2n5/2b1p3/2B1P3/3P1N2/PPP2PPP/RNBQK2R b	9183	3368	584
rnbqkbnr/ppp1pppp/8/3p4/2P5/8/PP1PPPPP/RNBQKBNR w	9175	5843	1855
r1bqk1nr/pppp1ppp/2n5/2b1p3/2B1P3/2N2N2/PPPP1PPP/R1BQK2R b	9157	3233	420
rnbqkbnr/pp1ppppp/8/8/3pP3/2P5/PP3PPP/RNBQKBNR b	9078	7531	3102
rnbqkb1r/ppp1pppp/8/3n4/8/2N5/PPPP1PPP/R1BQKBNR w	9012	5830	1918
rnb1kbnr/ppp1pppp/4q3/8/8/2N5/PPPP1PPP/R1BQKBNR w	8959	2415	371
rnbqkbnr/ppp1pppp/8/8/3P4/2N5/PPP2PPP/R1BQKBNR b	8915	5630	1493
r1bqk1nr/pppp1ppp/2n5/2b1p3/2B1P3/5N2/PPPP1PPP/RNBQ1RK1 b	8875	4457	960
rnbqkbnr/pppppppp/8/8/6P1/8/PPPPPP1P/RNBQKBNR b	8869	4866	1243
rnbqkb1r/ppp1pp1p/3p1np1/8/3PP3/2N5/PPP2PPP/R1BQKBNR w	8810	5923	2676
rnbqkbnr/pp2pppp/3p4/2p5/2B1P3/5N2/PPPP1PPP/RNBQK2R b	8731	4775	874
rnbqkb1r/1p2pppp/p2p1n2/8/3NP3/2N5/PPP2PPP/R1BQKB1R w	8699	7738	4093
rnbqkbnr/ppp1pppp/8/8/2pP4/2N5/PP2PPPP/R1BQKBNR b	8693	4414	834
rnbqkbnr/ppp2ppp/4p3/3p4/3P4/4PN2/PPP2PPP/RNBQKB1R b	8675	5042	1468
rnbqkb1r/pppppppp/5n2/8/2P5/2N5/PP1PPPPP/R1BQKBNR b	8662	7158	3478
rnbqkbnr/ppp2ppp/4p3/3p4/3P1B2/5N2/PPP1PPPP/RN1QKB1R b	8529	4778	1260
rnbqkbnr/pp1ppppp/8/2p5/4P3/3P4/PPP2PPP/RNBQKBNR b	8513	5198	1635
r1bqkbnr/pppp1ppp/2n5/4P3/8/5N2/PPP1PPPP/RNBQKB1R b	8502	4238	1094
rnbqkbnr/pp2pppp/2p5/3p4/2B1P3/8/PPPP1PPP/RNBQK1NR w	8489	3560	468
rnbqk1nr/pppp1ppp/8/2b1p3/2B1P3/8/PPPP1PPP/RNBQK1NR w	8454	2633	216
rnbqkbnr/pppp1ppp/4p3/8/2B1P3/8/PPPP1PPP/RNBQK1NR b	8436	3600	399
rnbqkbnr/pppp1ppp/8/4p3/3P4/4P3/PPP2PPP/RNBQKBNR b	8416	3717	1082
rnbqkbnr/pppp1ppp/4p3/8/3P4/4P3/PPP2PPP/RNBQKBNR b	8346	4812	1521
rnbqk1nr/pppp1ppp/8/2b1p3/2B1P3/5N2/PPPP1PPP/RNBQK2R b	8287	2724	244
r1bqkbnr/pp1ppppp/2n5/1Bp5/4P3/5N2/PPPP1PPP/RNBQK2R b	8284	5904	2464
rnb1kbnr/ppp1pppp/8/3q4/3P4/8/PPP2PPP/RNBQKBNR b	8277	5501	1356
r1bqkb1r/pppp1ppp/2n2n2/1B2p3/4P3/2N2N2/PPPP1PPP/R1BQK2R b	8267	2819	785
r1bqkbnr/pppp1ppp/2n5/4p2Q/2B1P3/8/PPPP1PPP/RNB1K1NR b	8246	1439	167
r1bqkbnr/1ppp1ppp/p1n5/4p3/B3P3/5N2/PPPP1PPP/RNBQK2R b	8241	5659	2517
r1bqkbnr/ppp1pppp/2n5/3p4/3P1B2/4P3/PPP2PPP/RN1QKBNR b	8213	2350	226
r1bqkbnr/pp3ppp/2n1p3/2ppP3/3P4/2P5/PP3PPP/RNBQKBNR w	8132	6269	2262
rnbqkbnr/pp2pppp/2p5/3p4/2PP4/5N2/PP2PPPP/RNBQKB1R b	8078	6725	3563
rnbqkbnr/ppp1pppp/8/3p4/8/5NP1/PPPPPP1P/RNBQKB1R b	8074	5940	3322
rnbqkb1r/pp2pppp/2p2n2/3p4/2PP4/2N2N2/PP2PPPP/R1BQKB1R b	8049	6885	3515
rnbqkbnr/pp1p1ppp/4p3/2p5/4P3/2N5/PPPP1PPP/R1BQKBNR w	8045	6215	2722
rnbqkbnr/pppppp1p/6p1/8/3P4/5N2/PPP1PPPP/RNBQKB1R b	7976	5608	2501
r1bqkbnr/ppp1pppp/2n5/3p4/3P4/4P3/PPP2PPP/RNBQKBNR w	7972	2088	250
rnbqkbnr/ppp2ppp/3p4/4p3/2B1P3/8/PPPP1PPP/RNBQK1NR w	7963	2861	265
rnbqkb1r/ppp2ppp/4pn2/3p4/3P1B2/4P3/PPP2PPP/RN1QKBNR w	7962	5067	1434
rnbqk1nr/ppppppbp/6p1/8/2PP4/2N5/PP2PPPP/R1BQKBNR b	7936	6202	2243
rnbqkbnr/pp2pppp/8/3p4/3P4/2N5/PPP2PPP/R1BQKBNR b	7936	4880	1369
rnbqkb1r/pppp1ppp/5n2/4p3/2B1P3/3P4/PPP2PPP/RNBQK1NR b	7928	3132	427
rnbqk2r/ppp1ppbp/3p1np1/8/2PPP3/2N5/PP3PPP/R1BQKBNR w	7882	6778	3303
rnbqkbnr/pp2pppp/2p5/3p4/4P3/2N2N2/PPPP1PPP/R1BQKB1R b	7877	5578	2687
rnbqkbnr/pp2pppp/2p5/3P4/2B5/8/PPPP1PPP/RNBQK1NR b	7862	3330	401
r1bqkbnr/pppppppp/2n5/8/3PP3/8/PPP2PPP/RNBQKBNR b	7856	4990	1885
rnbqkbnr/pp2pppp/8/3p4/2B5/8/PPPP1PPP/RNBQK1NR w	7821	3319	399
rnbqkbnr/pp1p1ppp/4p3/2p5/3PP3/8/PPP2PPP/RNBQKBNR w	7817	4791	1438
rnbqkb1r/ppp2ppp/4pn2/3p4/3P4/4PN2/PPP2PPP/RNBQKB1R w	7793	5307	1851
r1bqkb1r/pppp1ppp/2n2n2/4p3/3PP3/2N2N2/PPP2PPP/R1BQKB1R b	7774	3182	946
rnbqkbnr/pppp1ppp/4p3/8/4PP2/8/PPPP2PP/RNBQKBNR b	7743	5340	1005
rnbqkb1r/ppp1pppp/5n2/3p4/3P1B2/2N5/PPP1PPPP/R2QKBNR b	7729	3791	1255
r1bqk2r/pppp1ppp/2n2n2/2b1p3/2B1P3/2NP1N2/PPP2PPP/R1BQK2R b	7701	2921	504
rnbqkbnr/ppp1pppp/3p4/8/3P4/5N2/PPP1PPPP/RNBQKB1R b	7667	5403	2737
r1bqkbnr/pppppppp/2n5/8/3P4/8/PPP1PPPP/RNBQKBNR w	7640	3650	1558
rn1qkbnr/ppp1pppp/8/3p1b2/3P1B2/8/PPP1PPPP/RN1QKBNR w	7621	3214	422
r1bqkbnr/pp3ppp/2n1p3/2ppP3/3P4/2P2N2/PP3PPP/RNBQKB1R b	7550	5621	2098
r1bqkbnr/pppppppp/2n5/8/8/5N2/PPPPPPPP/RNBQKB1R w	7528	3788	1121
r1bqk1nr/pppp1ppp/2n5/1Bb1p3/4P3/5N2/PPPP1PPP/RNBQK2R w	7522	3718	873
r1bqkbnr/pp1ppppp/2n5/2p5/4P3/2P2N2/PP1P1PPP/RNBQKB1R b	7509	5466	1423
rnbqkb1r/ppp1pppp/5n2/3p4/2PP4/5N2/PP2PPPP/RNBQKB1R b	7505	5705	2791
rnbqkbnr/ppp2ppp/3p4/8/3NP3/8/PPP2PPP/RNBQKB1R b	7470	4229	745
rnbqkb1r/ppp2ppp/4pn2/3p4/3P1B2/5N2/PPP1PPPP/RN1QKB1R w	7446	5064	1784
r1bqkbnr/ppp1pppp/2n5/3p4/3P1B2/5N2/PPP1PPPP/RN1QKB1R b	7423	2413	350
r1bqk2r/pppp1ppp/2n2n2/2b1p3/2B1P3/5N2/PPPP1PPP/RNBQ1RK1 w	7326	3596	815
rnbqk1nr/ppppppbp/6p1/8/3P4/5N2/PPP1PPPP/RNBQKB1R w	7257	5186	2295
rnbqk2r/ppp1ppbp/3p1np1/8/3PP3/2N2N2/PPP2PPP/R1BQKB1R w	7235	4431	1534
rnbqkb1r/pppp1ppp/5n2/4p3/2B1P3/2N5/PPPP1PPP/R1BQK1NR b	7182	3010	692
rnbqkbnr/pp2pppp/3p4/2p5/4P3/2N5/PPPP1PPP/R1BQKBNR w	7166	5325	2348
r1bqkbnr/pppp1ppp/2n5/3Pp3/4P3/8/PPP2PPP/RNBQKBNR b	7125	3506	1057
rnbqkbnr/pp2pppp/2p5/3p4/3P1B2/8/PPP1PPPP/RN1QKBNR w	7123	4548	1315
rnbqkbnr/pp1ppppp/2p5/8/3P4/5N2/PPP1PPPP/RNBQKB1R b	7070	5339	2576
rn1qkbnr/pbpppppp/1p6/8/3PP3/2N5/PPP2PPP/R1BQKBNR b	7022	4343	1290
rnbqkbnr/ppp2ppp/4p3/3p4/3P4/2N5/PPP1PPPP/R1BQKBNR w	7006	3572	1077
rnbqkbnr/ppp1pppp/8/8/3pP3/2N5/PPPP1PPP/R1BQKBNR w	6988	4224	1527
rn1qkbnr/pbpppppp/1p6/8/4P3/2N2N2/PPPP1PPP/R1BQKB1R b	6961	3869	894
r1bqk2r/pppp1ppp/2n2n2/2b1p3/2B1P3/2P2N2/PP1P1PPP/RNBQK2R w	6943	3572	896
r1bqkbnr/pp1p1ppp/2n5/4p3/3NP3/8/PPP2PPP/RNBQKB1R w	6922	5648	1972
rnbqkbnr/pppp1ppp/4p3/8/4P3/3P4/PPP2PPP/RNBQKBNR b	6912	4419	1731
rnbqkbnr/pp1p1ppp/4p3/2p5/2B1P3/5N2/PPPP1PPP/RNBQK2R b	6895	3407	445
r1bqkbnr/pppp1ppp/2n5/4p3/8/1P6/PBPPPPPP/RN1QKBNR w	6886	3909	1324
rnbqkbnr/ppp2ppp/8/3p4/3P4/2N5/PPP2PPP/R1BQKBNR b	6834	4576	1178
rnbqkb1r/pp2pppp/5n2/3p4/3P4/5N2/PPP2PPP/RNBQKB1R w	6832	5153	1933
rnbqkbnr/pppp1ppp/4p3/8/8/4P3/PPPP1PPP/RNBQKBNR w	6787	3824	1281
rnbqkbnr/ppp2ppp/3pp3/8/3PP3/8/PPP2PPP/RNBQKBNR w	6787	3572	709
rnbqkbnr/pp1ppppp/8/8/3QP3/8/PPP2PPP/RNB1KBNR b	6760	3143	763
rnbqkbnr/ppp2ppp/4p3/3pP3/8/8/PPPP1PPP/RNBQKBNR w	6682	2917	664
rnbqk2r/pppp1ppp/4pn2/8/1bPP4/2N5/PP2PPPP/R1BQKBNR w	6681	5615	2884
rnbqkbnr/ppp2ppp/8/3pp3/8/6P1/PPPPPPBP/RNBQK1NR w	6674	3603	810
r1bqkbnr/pp1p1ppp/2n1p3/8/3NP3/8/PPP2PPP/RNBQKB1R w	6668	5261	1814
rnbqkbnr/ppp1pppp/8/3p4/3P4/2P5/PP2PPPP/RNBQKBNR b	6665	3643	1403
rnb1kbnr/ppp1pppp/8/q7/8/2N2N2/PPPP1PPP/R1BQKB1R b	6639	3600	782
r1bqkbnr/pppp1ppp/2n5/4p3/4P3/3P1N2/PPP2PPP/RNBQKB1R b	6628	1951	337
rnbqk2r/ppppppbp/5np1/8/2PPP3/2N5/PP3PPP/R1BQKBNR b	6617	5605	2802
rnbqkbnr/pp1ppp1p/6p1/2p5/4P3/5N2/PPPP1PPP/RNBQKB1R w	6614	5075	1991
rnbqkbnr/ppp2ppp/3p4/4p3/3PP3/8/PPP2PPP/RNBQKBNR w	6609	3006	916
rnbqkbnr/pp2pppp/2p5/3P4/8/2N5/PPPP1PPP/R1BQKBNR b	6600	4295	1429
rnbqkbnr/ppp2ppp/3p4/4p3/4P3/2N5/PPPP1PPP/R1BQKBNR w	6595	3081	672
rnbqkb1r/ppp1pppp/3p1n2/8/2PP4/8/PP2PPPP/RNBQKBNR w	6595	4938	2101
r1bqkbnr/ppp1pppp/2n5/3p4/3P4/4PN2/PPP2PPP/RNBQKB1R b	6593	2114	316
rnbqkbnr/ppp2ppp/4p3/3pP3/8/5N2/PPPP1PPP/RNBQKB1R b	6586	3340	1040
rnbqkbnr/pp2pppp/8/2ppP3/3P4/8/PPP2PPP/RNBQKBNR w	6548	3742	1278
rnbqkbnr/ppp1pppp/8/3p4/5P2/5N2/PPPPP1PP/RNBQKB1R b	6511	4734	1552
r1bqkbnr/ppp2ppp/2np4/4p3/3PP3/5N2/PPP2PPP/RNBQKB1R w	6510	2354	427
r1bqkb1r/pppp1ppp/2n2n2/4p3/2B1P3/2N5/PPPP1PPP/R1BQK1NR w	6503	3036	785
rnbqkbnr/ppp1pppp/8/3p4/4P3/3P4/PPP2PPP/RNBQKBNR b	6476	2864	828
rnbqk1nr/ppppppbp/6p1/8/3PP3/2N5/PPP2PPP/R1BQKBNR b	6476	5380	2989
rnbqkbnr/pppp1ppp/8/8/4P3/2p5/PP3PPP/RNBQKBNR w	6450	3500	582
rnbqkbnr/pp2pppp/2p5/3pP3/8/5N2/PPPP1PPP/RNBQKB1R b	6448	2855	519
rnbqkbnr/pp1ppppp/8/2p5/3P4/5N2/PPP1PPPP/RNBQKB1R b	6445	4994	2605
rnbqkb1r/pppp1ppp/5n2/4p3/2P5/2N5/PP1PPPPP/R1BQKBNR w	6417	4108	1365
rnbqkb1r/pp2pppp/2p2n2/3p4/2PP4/5N2/PP2PPPP/RNBQKB1R w	6402	5694	3475
r1bqkb1r/pppp1ppp/2n2n2/8/3NP3/2N5/PPP2PPP/R1BQKB1R b	6352	3017	938
rnbqkbnr/pp3ppp/2p1p3/3p4/2PP4/2N5/PP2PPPP/R1BQKBNR w	6342	5044	1891
rnbqkbnr/pppp1ppp/8/4p3/2PP4/8/PP2PPPP/RNBQKBNR b	6317	3661	1049
rnbqkbnr/ppp1pppp/3p4/8/4P3/2N5/PPPP1PPP/R1BQKBNR b	6294	4143	1852
r1bqkbnr/ppp2ppp/2np4/4p3/4P3/2N2N2/PPPP1PPP/R1BQKB1R w	6268	2173	413
rnbqkb1r/ppp1pppp/3p1n2/8/4P3/2N2N2/PPPP1PPP/R1BQKB1R b	6265	3539	1223
rnbqkb1r/pppp1ppp/4pn2/8/2PP4/5N2/PP2PPPP/RNBQKB1R b	6256	5550	3467
rnbqkbnr/ppp1pppp/8/8/3Pp3/2N5/PPP2PPP/R1BQKBNR b	6252	3564	978
rnbqkbnr/pppppp1p/6p1/8/4P3/2N5/PPPP1PPP/R1BQKBNR b	6203	4257	1728
rnbqkbnr/pp1ppppp/2p5/8/2P5/8/PP1PPPPP/RNBQKBNR w	6176	4985	2433
rnbqkbnr/ppp1pppp/3p4/8/8/5N2/PPPPPPPP/RNBQKB1R w	6172	4371	2170
rnbqkbnr/ppp1pppp/8/3p2B1/3P4/8/PPP1PPPP/RN1QKBNR b	6138	4268	1306
r1bqk1nr/pppp1ppp/2n5/2b5/3NP3/8/PPP2PPP/RNBQKB1R w	6132	3674	942
rnbqkbnr/ppp2ppp/3p4/4P3/8/8/PPP1PPPP/RNBQKBNR w	6082	3563	940
rnbqkbnr/pp1p1ppp/4p3/2p5/4P3/2N2N2/PPPP1PPP/R1BQKB1R b	6010	4031	1427
rnbqkbnr/pp1ppppp/8/2p5/2P5/2N5/PP1PPPPP/R1BQKBNR b	6001	4476	1743
rnbqkbnr/pppp1ppp/8/4p3/8/3P4/PPP1PPPP/RNBQKBNR w	5984	2487	643
rnbqkbnr/pp2pppp/8/3p4/8/2N5/PPPP1PPP/R1BQKBNR w	5974	3883	1309
rnb1kbnr/ppp1pppp/8/4q3/8/2N5/PPPP1PPP/R1BQKBNR w	5940	2047	291
r1bqkbnr/pp1ppppp/2n5/8/3QP3/8/PPP2PPP/RNB1KBNR w	5926	2683	621
rnbqkbnr/ppp1pppp/8/8/2pP4/4P3/PP3PPP/RNBQKBNR b	5896	2633	448
rnbqkb1r/ppp2ppp/4pn2/3p2B1/2PP4/2N5/PP2PPPP/R2QKBNR b	5887	4490	1484
r1bqkbnr/pp1ppp1p/2n3p1/8/3NP3/8/PPP2PPP/RNBQKB1R w	5883	4692	1691
rnbqkbnr/ppp1pp1p/3p2p1/8/3PP3/8/PPP2PPP/RNBQKBNR w	5882	4060	1675
rnb1kbnr/ppp1pppp/8/q7/3P4/2N5/PPP2PPP/R1BQKBNR b	5878	3748	1109
r1b1kbnr/ppppqppp/2n5/4P3/8/5N2/PPP1PPPP/RNBQKB1R w	5873	3008	697
rnbqkbnr/ppp1pppp/8/8/2pPP3/8/PP3PPP/RNBQKBNR b	5870	2050	374
rnbqkbnr/pp1ppppp/8/2p5/8/4P3/PPPP1PPP/RNBQKBNR w	5848	3696	1396
rn1qkbnr/ppp1pppp/8/3p1b2/3P4/5N2/PPP1PPPP/RNBQKB1R w	5829	3215	723
rnbqkbnr/pp2pppp/3p4/2p5/4P3/2N2N2/PPPP1PPP/R1BQKB1R b	5769	3686	1330
rnbqkbnr/pppp1ppp/8/4p3/8/5N2/PPPPPPPP/RNBQKB1R w	5741	2969	1158
rnbqkbnr/pp2pppp/2p5/3p4/3P4/4P3/PPP2PPP/RNBQKBNR w	5691	3766	1460
rnbqkbnr/ppp2ppp/3p4/4p3/4PP2/8/PPPP2PP/RNBQKBNR w	5676	3262	432
rnbqk1nr/ppppppbp/6p1/8/4P3/2N5/PPPP1PPP/R1BQKBNR w	5648	3895	1557
rnbqkbnr/pp3ppp/4p3/2ppP3/3P4/5N2/PPP2PPP/RNBQKB1R b	5625	2589	493
r1bqkb1r/ppp1pppp/2n2n2/3p4/3P1B2/4PN2/PPP2PPP/RN1QKB1R b	5625	1912	224
r1bqkb1r/pppp1ppp/2n2n2/8/3pP3/2N2N2/PPP2PPP/R1BQKB1R w	5584	2541	811
rnbqkbnr/pp1ppppp/8/8/4P3/2p5/PP3PPP/RNBQKBNR w	5579	4483	1594
rnbqkbnr/pppppp1p/6p1/8/8/5N2/PPPPPPPP/RNBQKB1R w	5578	4266	2313
rnbqkb1r/pppp1ppp/4pn2/8/3P1B2/8/PPP1PPPP/RN1QKBNR w	5578	3704	1243
rnbqkbnr/pp1ppppp/2p5/8/8/5N2/PPPPPPPP/RNBQKB1R w	5570	4320	2234
rnbqkb1r/pppppppp/8/3nP3/3P4/8/PPP2PPP/RNBQKBNR b	5562	4535	2161
rnbqkb1r/pppppppp/5n2/6B1/3P4/8/PPP1PPPP/RN1QKBNR b	5551	4345	2196
rnbqkb1r/ppp1pppp/5n2/6N1/4p3/8/PPPP1PPP/RNBQKB1R w	5533	3404	931
r1bqkbnr/pp1ppppp/2n5/2p5/4PP2/8/PPPP2PP/RNBQKBNR w	5525	4096	761
rnbqkbnr/pppppp1p/6p1/8/3P1B2/8/PPP1PPPP/RN1QKBNR b	5524	3025	730
rnbqkbnr/pppppp1p/6p1/8/2P5/8/PP1PPPPP/RNBQKBNR w	5520	4087	1643
rnbqkbnr/pppp1ppp/4p3/8/2P5/2N5/PP1PPPPP/R1BQKBNR b	5512	4186	1672
rn1qkbnr/pbpp1ppp/1p2p3/8/3PP3/2N2N2/PPP2PPP/R1BQKB1R b	5500	3314	792
rnbqkb1r/pp1ppppp/5n2/2p5/2PP4/8/PP2PPPP/RNBQKBNR w	5493	5050	3119
rnbqkbnr/ppp1pppp/8/3P4/8/8/PP1PPPPP/RNBQKBNR b	5486	3492	995
rnbqkb1r/ppp2ppp/4pn2/3p4/3PP3/2N5/PPP2PPP/R1BQKBNR w	5485	4615	2562
r1bqkbnr/pppp1ppp/2n5/8/4Pp2/5N2/PPPP2PP/RNBQKB1R w	5473	2665	331
rnb1kbnr/ppp1pppp/4q3/8/8/2N5/PPPPBPPP/R1BQK1NR b	5459	1424	231
rn1qkbnr/pp2pppp/2p5/3pPb2/3P4/5N2/PPP2PPP/RNBQKB1R b	5458	2822	720
rnbqkb1r/pp3ppp/2p1pn2/3p4/2PP4/2N2N2/PP2PPPP/R1BQKB1R w	5443	4744	2412
rnbqkb1r/pppppppp/5n2/8/8/1P6/P1PPPPPP/RNBQKBNR w	5432	4465	2345
rnbqkb1r/pppppp1p/5np1/8/3P1B2/8/PPP1PPPP/RN1QKBNR w	5415	3492	1252
rnbqkbnr/pp1ppppp/8/2p5/3P4/4P3/PPP2PPP/RNBQKBNR b	5405	4200	1995
rnbqkbnr/pp1ppppp/2p5/8/4PP2/8/PPPP2PP/RNBQKBNR b	5404	3740	758
rnbqkbnr/pp2pppp/2p5/3P4/8/8/PPPP1PPP/RNBQKBNR w	5366	3925	1437
rnbqkb1r/ppp2ppp/5n2/3p4/3P4/2N2N2/PPP2PPP/R1BQKB1R b	5333	3351	802
r1bqkbnr/pp1ppppp/2n5/2p5/4P3/2P5/PP1P1PPP/RNBQKBNR w	5325	3723	988
rnbqk2r/ppppppbp/5np1/8/2PP4/2N2N2/PP2PPPP/R1BQKB1R b	5306	4189	2054
rnbqkbnr/pp1ppppp/8/2p5/2PP4/8/PP2PPPP/RNBQKBNR b	5295	4320	2048
rnbqkb1r/pppp1ppp/5n2/4p3/4P3/3P4/PPP2PPP/RNBQKBNR w	5276	1791	380
rnbqk1nr/ppp1ppbp/3p2p1/8/3PP3/2N2N2/PPP2PPP/R1BQKB1R b	5266	3387	1272
r1bqkb1r/pppp1ppp/2n2n2/4p3/4P3/2P2N2/PP1P1PPP/RNBQKB1R w	5254	1899	331
r1bqkbnr/1ppp1ppp/p1B5/4p3/4P3/5N2/PPPP1PPP/RNBQK2R b	5252	2110	639
rnbqkb1r/ppp1pppp/5n2/8/8/2N2N2/PPPP1PPP/R1BQKB1R w	5241	3328	787
r1bqkb1r/ppp1pppp/2n2n2/3p4/3P1B2/4P3/PPP2PPP/RN1QKBNR w	5239	1569	177
rnbqkbnr/pppp1ppp/8/4p3/4P3/2P5/PP1P1PPP/RNBQKBNR b	5222	2107	237
rnbqkbnr/ppp2ppp/8/3Pp3/8/5N2/PPPP1PPP/RNBQKB1R b	5171	2613	574
rnbqkbnr/ppp2ppp/4p3/3P4/8/2N5/PPPP1PPP/R1BQKBNR b	5170	3474	1080
rnbqkb1r/ppp1pppp/3p1n2/8/2PP4/2N5/PP2PPPP/R1BQKBNR b	5168	4028	1738
rnbqkbnr/p1pppppp/1p6/8/2PP4/8/PP2PPPP/RNBQKBNR b	5162	3655	1093
r1bqkbnr/pp1p1ppp/2n1p3/2p5/4P3/2N2N2/PPPP1PPP/R1BQKB1R w	5144	3358	1045
rnbqkb1r/pp2pppp/2p2n2/8/3PN3/8/PPP2PPP/R1BQKBNR w	5139	4392	2498
rnbqkbnr/pp1ppppp/8/2P5/8/8/PPP1PPPP/RNBQKBNR b	5127	2850	787
rnbqkb1r/pppppppp/5n2/8/8/1P6/PBPPPPPP/RN1QKBNR b	5124	4233	2256
rnbqkbnr/ppp2ppp/4p3/3p4/2PP4/4P3/PP3PPP/RNBQKBNR b	5115	3002	715
rnbqkbnr/ppp1pppp/3p4/8/2B1P3/8/PPPP1PPP/RNBQK1NR b	5069	2272	385
rnbqkbnr/pppp1ppp/8/8/2B1P3/2p5/PP3PPP/RNBQK1NR b	5037	2662	389
r1bqkbnr/ppp2ppp/2np4/4p3/4PP2/5N2/PPPP2PP/RNBQKB1R w	5018	3106	412
rnbqkb1r/ppp1pppp/5n2/3p4/3P4/2N2N2/PPP1PPPP/R1BQKB1R b	5007	1758	450
rnbqk2r/pppp1ppp/5n2/2b1p3/4P3/2N2N2/PPPP1PPP/R1BQKB1R w	5002	1656	200
rnbqkbnr/1ppppppp/p7/8/4P3/8/PPPP1PPP/RNBQKBNR w	4996	2544	757
rnbqkbnr/ppp1pppp/8/8/4p3/2N5/PPPP1PPP/R1BQKBNR w	4988	3085	1495
rnbqkbnr/pp2pppp/8/3p4/8/1B6/PPPP1PPP/RNBQK1NR b	4977	2358	303
rnbqkbnr/pp2pppp/2pp4/8/3PP3/8/PPP2PPP/RNBQKBNR w	4975	3769	1577
rnbqkb1r/pppp1ppp/5n2/4p3/4PP2/2N5/PPPP2PP/R1BQKBNR b	4961	2537	698
rnbqkb1r/ppp2ppp/5n2/3p4/3P4/2N5/PP2PPPP/R1BQKBNR w	4947	4100	1964
rnbqkbnr/ppp1pppp/8/8/3pP3/8/PPPPNPPP/R1BQKBNR b	4946	3677	1436
r1bqkbnr/pp1p1ppp/2n1p3/8/3NP3/2N5/PPP2PPP/R1BQKB1R b	4946	3975	1442
rnbqk1nr/ppppppbp/6p1/8/3P1B2/8/PPP1PPPP/RN1QKBNR w	4942	2760	673
rnbqkb1r/ppp1pppp/8/3N4/8/8/PPPP1PPP/R1BQKBNR b	4935	2785	594
rnbqkbnr/pppp1ppp/8/8/3pP3/5N2/PPP2PPP/RNBQKB1R b	4919	2941	828
rnb1kb1r/ppp1pppp/8/3q4/8/8/PPPP1PPP/R1BQKBNR w	4915	2770	591
rnbqkbnr/pp3ppp/4p3/2ppP3/8/5N2/PPPP1PPP/RNBQKB1R w	4900	2836	895
r1bqkbnr/ppp1pppp/2n5/3p4/2PP4/8/PP2PPPP/RNBQKBNR w	4896	2682	651
r1bqk2r/pppp1ppp/2n2n2/2b1p3/2B1P3/3P1N2/PPP2PPP/RNBQ1RK1 b	4889	2386	658
rnbqkb1r/ppp1pppp/5n2/8/3Pp3/2N5/PPP2PPP/R1BQKBNR w	4888	2902	904
rnbqkbnr/ppp2ppp/4p3/8/3PN3/8/PPP2PPP/R1BQKBNR b	4885	4102	2150
rnbqkbnr/pp2pppp/2p5/3p4/4PP2/8/PPPP2PP/RNBQKBNR w	4866	3367	683
r1bqkb1r/pppp1ppp/2n2n2/4N3/4P3/8/PPPP1PPP/RNBQKB1R w	4864	2188	401
rnbqkb1r/ppp1pp1p/3p1np1/8/3PP3/2N2N2/PPP2PPP/R1BQKB1R b	4850	2845	954
rnbqkbnr/pp2pppp/2p5/3p4/8/6P1/PPPPPPBP/RNBQK1NR w	4838	3762	1747
rnbqkbnr/ppp2ppp/3pp3/8/3PP3/5N2/PPP2PPP/RNBQKB1R b	4838	2216	319
rnbqkbnr/ppp1pppp/8/4P3/3p4/8/PPPP1PPP/RNBQKBNR w	4800	1537	208
rnbqkbnr/pppp1ppp/8/8/3p4/4P3/PPP2PPP/RNBQKBNR w	4796	2333	666
r1bqkbnr/pp1ppppp/2n5/8/3pP3/2P5/PP3PPP/RNBQKBNR w	4778	3639	1147
rnbqkbnr/ppp2ppp/4p3/3p4/3PP3/8/PPPN1PPP/R1BQKBNR b	4773	4433	2701
rn1qkbnr/pp3ppp/2p1p3/3pPb2/3P4/5N2/PPP2PPP/RNBQKB1R w	4764	2523	661
rnbqkbnr/pppp1ppp/8/4p3/3P4/5N2/PPP1PPPP/RNBQKB1R b	4762	2692	1057
rnbqkbnr/ppp2ppp/8/3p4/8/2N5/PPPP1PPP/R1BQKBNR w	4760	3226	1017
rnbqkbnr/pp1ppppp/2p5/8/4P3/3P4/PPP2PPP/RNBQKBNR b	4751	3069	1247
rnbqkbnr/pp1ppppp/8/8/4P3/2N5/PP3PPP/R1BQKBNR b	4746	3883	1418
rnbqkb1r/ppp1pppp/5n2/3P4/3P4/8/PP2PPPP/RNBQKBNR b	4725	3117	941
r1bqkb1r/pppp1ppp/2n2n2/8/2BpP3/5N2/PPP2PPP/RNBQK2R w	4724	2906	1024
rnbqkbnr/pppppp1p/6p1/8/2B1P3/8/PPPP1PPP/RNBQK1NR b	4723	2335	373
rnbqkbnr/pp1ppppp/2p5/8/3P1B2/8/PPP1PPPP/RN1QKBNR b	4721	2815	747
r1bqkb1r/pppp1ppp/2n2n2/4p3/4P3/3P1N2/PPP2PPP/RNBQKB1R w	4716	1463	304
rnbqkbnr/ppp2ppp/4p3/3p4/4PP2/8/PPPP2PP/RNBQKBNR w	4713	3518	768
rnbqkbnr/pp2pppp/2p5/3p4/3P4/4PN2/PPP2PPP/RNBQKB1R b	4712	3321	1342
rnbqkbnr/pp1ppppp/8/8/3p4/5N2/PPP1PPPP/RNBQKB1R w	4698	3859	2113
r1bqkbnr/pp1ppppp/2n5/2p5/4PP2/5N2/PPPP2PP/RNBQKB1R b	4698	3569	657
rnbqkbnr/ppp1pppp/8/8/4N3/8/PPPP1PPP/R1BQKBNR b	4691	2891	1413
rnbqkbnr/ppp2ppp/3pp3/8/4P3/5N2/PPPP1PPP/RNBQKB1R w	4682	1936	303
rnbqkbnr/ppp1pppp/3p4/8/3P1B2/8/PPP1PPPP/RN1QKBNR b	4677	2435	684
rn1qkbnr/pbpp1ppp/1p2p3/8/3PP3/2N5/PPP2PPP/R1BQKBNR w	4649	3123	1075
r1bqkb1r/pp1ppppp/2n2n2/8/3NP3/8/PPP2PPP/RNBQKB1R w	4637	3980	1962
r1bqkb1r/pppp1ppp/2n2n2/4p3/2B1P3/5N2/PPPP1PPP/RNBQ1RK1 b	4626	2368	570
rnbqkb1r/pppp1ppp/5n2/4p3/4P3/3P1N2/PPP2PPP/RNBQKB1R b	4623	1601	303
r1bqk2r/pppp1ppp/2n2n2/2b1p3/2B1P3/2N2N2/PPPP1PPP/R1BQ1RK1 b	4622	1277	175
rn1qkbnr/pbpppppp/1p6/8/2PP4/8/PP2PPPP/RNBQKBNR w	4605	3283	961
rnbqkbnr/pp2pppp/3p4/2p5/4P3/2P2N2/PP1P1PPP/RNBQKB1R b	4594	3567	1296
rn1qkbnr/ppp1pppp/8/3p1b2/3P1B2/4P3/PPP2PPP/RN1QKBNR b	4588	2020	272
rnbqkb1r/ppp1pppp/5n2/8/2pP4/2N5/PP2PPPP/R1BQKBNR w	4585	2475	538
rnbqkb1r/ppp2ppp/3p1n2/4p3/4P3/2N2N2/PPPP1PPP/R1BQKB1R w	4572	1802	424
rnbqkb1r/ppp1pppp/3p1n2/8/3P4/5N2/PPP1PPPP/RNBQKB1R w	4568	3402	1744
rnbqkbnr/pp2pppp/8/3p4/2PP4/8/PP3PPP/RNBQKBNR b	4568	3914	1829
rn1qkbnr/pp2pppp/8/3p4/3P2b1/5N2/PPP2PPP/RNBQKB1R w	4561	2453	293
rnbqkbnr/ppp2ppp/3p4/4p3/4PP2/5N2/PPPP2PP/RNBQKB1R b	4556	2715	359
rnbqkbnr/ppp2ppp/4p3/3p4/4P3/3P4/PPP2PPP/RNBQKBNR w	4546	3166	1389
rnbqkbnr/ppp1pppp/8/3p4/8/2N5/PPPPPPPP/R1BQKBNR w	4539	3038	1382
rnbqkbnr/pppp1ppp/4p3/8/8/6P1/PPPPPP1P/RNBQKBNR w	4534	3182	1262
rnb1kbnr/ppp1pppp/3q4/8/8/2N5/PPPP1PPP/R1BQKBNR w	4533	2767	1031
rnbqk1nr/ppp1ppbp/3p2p1/8/3PP3/2N5/PPP2PPP/R1BQKBNR w	4517	3821	2281
rnbqkbnr/ppp2ppp/4p3/3p4/2B1P3/8/PPPP1PPP/RNBQK1NR w	4512	2207	295
rnbqkb1r/ppp1pppp/5n2/3p4/4P3/2N5/PPPP1PPP/R1BQKBNR w	4509	3234	1644
rnbqkbnr/pp2pppp/3p4/2p5/2B1P3/8/PPPP1PPP/RNBQK1NR w	4502	2137	223
r1bqkbnr/pp1ppppp/2n5/2p5/3PP3/2P5/PP3PPP/RNBQKBNR b	4496	3305	1035
r1bqkbnr/pppppppp/2n5/8/3P4/5N2/PPP1PPPP/RNBQKB1R b	4483	2272	841
r1bqkb1r/pppp1ppp/2n2n2/4p3/4P3/2NP1N2/PPP2PPP/R1BQKB1R b	4480	1285	261
rnbqkbnr/pppp1ppp/4p3/4P3/8/8/PPPP1PPP/RNBQKBNR b	4478	1940	509
rnbqkbnr/ppp2ppp/4p3/3p4/4P3/2N2N2/PPPP1PPP/R1BQKB1R b	4477	3057	1516
rnbqkbnr/pp1p1ppp/2p1p3/8/3PP3/8/PPP2PPP/RNBQKBNR w	4474	2662	475
rnbqkbnr/ppp1pppp/8/8/4p3/3P4/PPP2PPP/RNBQKBNR w	4469	2128	594
r1bqkb1r/ppp1pppp/2n2n2/3p4/3P1B2/5N2/PPP1PPPP/RN1QKB1R w	4469	1497	180
rnbqkbnr/ppp2ppp/4p3/3p4/3P1B2/2N5/PPP1PPPP/R2QKBNR b	4463	2182	563
rnbqkbnr/pp2pppp/8/3p4/3P4/8/PP2PPPP/RNBQKBNR w	4461	3553	1624
r1bqk2r/pppp1ppp/2n2n2/2b1p3/2B1P3/2PP1N2/PP3PPP/RNBQK2R b	4459	2614	841
rnbqkbnr/pp2pppp/2p5/3p4/4P3/3P4/PPP2PPP/RNBQKBNR w	4456	2862	1166
rnbqkbnr/pppp1ppp/4p3/8/3P4/2N5/PPP1PPPP/R1BQKBNR b	4450	2613	956
rnbqk1nr/ppppppbp/6p1/4P3/3P4/8/PPP2PPP/RNBQKBNR b	4449	1870	217
r1bqkbnr/ppppnppp/8/3Pp3/4P3/8/PPP2PPP/RNBQKBNR w	4432	2856	950
rnbqkbnr/pppp1ppp/4p3/8/8/1P6/P1PPPPPP/RNBQKBNR w	4430	3257	1372
rnbq1rk1/ppp1ppbp/3p1np1/8/2PPP3/2N2N2/PP3PPP/R1BQKB1R w	4428	3692	1887
rnbqkbnr/pp2pppp/2p5/3p4/3P1B2/5N2/PPP1PPPP/RN1QKB1R b	4427	3075	1126
rnbqkb1r/ppp1pppp/3p1n2/8/3P1B2/8/PPP1PPPP/RN1QKBNR w	4417	2745	870
rnbqkbnr/pppp1ppp/8/8/2Pp4/8/PP2PPPP/RNBQKBNR w	4416	2692	756
rnbqkb1r/ppp1pppp/5n2/3P4/2P5/8/PP1P1PPP/RNBQKBNR b	4410	3138	807
rnbqkb1r/ppp2ppp/4pn2/3p4/2PP4/4P3/PP3PPP/RNBQKBNR w	4409	2760	705
rnbqkb1r/ppp1pppp/5n2/8/3P4/2N2N2/PPP2PPP/R1BQKB1R b	4409	2963	832
rnbqkbnr/pp2pppp/2p5/8/4p3/2N2N2/PPPP1PPP/R1BQKB1R w	4404	3238	1541
rnbqk1nr/pppp1ppp/8/2b1p3/4P3/2N5/PPPP1PPP/R1BQKBNR w	4390	1770	258
rnbqkbnr/pp2pppp/2p5/3p4/3P1B2/4P3/PPP2PPP/RN1QKBNR b	4390	2923	891
rnbqkb1r/pppppp1p/5np1/8/2PP4/5N2/PP2PPPP/RNBQKB1R b	4376	3715	2144
rnbqk2r/ppp2ppp/3bpn2/3p4/3P1B2/4PN2/PPP2PPP/RN1QKB1R w	4367	3134	1166
rnbqk2r/ppp1ppbp/3p1np1/8/2PP4/2N2N2/PP2PPPP/R1BQKB1R w	4363	3502	1611
r1b1kbnr/pp3ppp/1qn1p3/2ppP3/3P4/2P2N2/PP3PPP/RNBQKB1R w	4363	3137	1029
rnbqk1nr/pppp1pbp/4p1p1/8/3PP3/5N2/PPP2PPP/RNBQKB1R w	4354	2451	405
rnbqkb1r/pp1ppppp/5n2/2pP4/2P5/8/PP2PPPP/RNBQKBNR b	4340	3910	2371
rnbqkb1r/pppppppp/5n2/8/8/5NP1/PPPPPP1P/RNBQKB1R b	4338	3775	2682
r1bqkbnr/pppp1ppp/2n5/4p3/2B1P3/3P4/PPP2PPP/RNBQK1NR b	4332	1804	209
rnbqk2r/ppppppbp/5np1/8/2PP4/5N2/PP2PPPP/RNBQKB1R w	4332	3538	1996
rnbqkb1r/ppp1pppp/3p1n2/8/4P3/2N5/PPPP1PPP/R1BQKBNR w	4331	2892	1282
r1bqkb1r/1ppp1ppp/p1n2n2/4p3/B3P3/5N2/PPPP1PPP/RNBQK2R w	4323	3522	1872
rnbqkbnr/ppp1pppp/8/3p4/2P5/5N2/PP1PPPPP/RNBQKB1R b	4321	3281	1595
rnbqkbnr/pp2pppp/2p5/8/4N3/5N2/PPPP1PPP/R1BQKB1R b	4309	3193	1511
rnbqkbnr/pp1ppppp/8/8/2Pp4/8/PP2PPPP/RNBQKBNR w	4305	3641	1833
r1bqkb1r/pppp1ppp/2n2n2/1B2p3/4P3/5N2/PPPP1PPP/RNBQ1RK1 b	4290	2407	857
rnbqkbnr/pppppppp/8/8/8/5P2/PPPPP1PP/RNBQKBNR b	4287	2707	1186
r1bqk1nr/pp1pppbp/2n3p1/8/3NP3/2N5/PPP2PPP/R1BQKB1R w	4282	3547	1553
rnbqkb1r/pppppppp/8/3nP3/2P5/8/PP1P1PPP/RNBQKBNR b	4281	3457	1521
rnbqkbnr/pppp1ppp/8/4p3/8/2N5/PPPPPPPP/R1BQKBNR w	4264	1513	414
rnbqkbnr/ppp2ppp/3P4/8/8/8/PPP1PPPP/RNBQKBNR b	4258	2370	465
r1bqkbnr/1pp2ppp/p1p5/4p3/4P3/5N2/PPPP1PPP/RNBQK2R w	4251	1971	616
rnbqkbnr/ppp2ppp/4p3/8/3Pp3/2N5/PPP2PPP/R1BQKBNR w	4247	3358	1594
rnbqkbnr/ppp2ppp/8/3pp3/2PP4/8/PP2PPPP/RNBQKBNR w	4231	2860	911
rnbqk1nr/ppppppbp/6p1/8/2B1P3/5N2/PPPP1PPP/RNBQK2R b	4208	1944	369
rnb1kbnr/ppp1pppp/8/3q4/8/8/PP1PPPPP/RNBQKBNR w	4203	2471	601
rnbqkb1r/ppp1pppp/5n2/3P4/3P4/8/PPP2PPP/RNBQKBNR b	4198	3462	1319
r1bqkb1r/ppp2ppp/5n2/n2Pp1N1/2B5/8/PPPP1PPP/RNBQK2R w	4183	2203	557
rnbqk1nr/ppppppbp/6p1/8/4P3/2N2N2/PPPP1PPP/R1BQKB1R b	4178	2352	771
r1bqkbnr/pp1ppppp/2n5/8/3PP3/8/PP3PPP/RNBQKBNR b	4176	3161	969
rnbqkb1r/ppp1pppp/5n2/3p4/8/6P1/PPPPPPBP/RNBQK1NR w	4172	2923	1172
rnbqkbnr/ppp2ppp/4p3/3P4/2B5/8/PPPP1PPP/RNBQK1NR b	4172	2107	283
rnbqk1nr/ppp1bppp/3p4/4p3/2B1P3/5N2/PPPP1PPP/RNBQK2R w	4167	2671	428
rnbqkbnr/ppppp1pp/8/5p2/2PP4/8/PP2PPPP/RNBQKBNR b	4166	3130	1080
rnbqkb1r/ppp2ppp/5n2/3p4/3P4/2N5/PPP2PPP/R1BQKBNR w	4161	2868	792
rnbqkbnr/p1pp1ppp/1p2p3/8/3PP3/8/PPP2PPP/RNBQKBNR w	4158	2691	755
rnbqkbnr/ppp2ppp/4p3/3p4/8/6P1/PPPPPPBP/RNBQK1NR w	4157	2983	1121
rnbqkb1r/pppp1ppp/5n2/4p3/2PP4/8/PP2PPPP/RNBQKBNR w	4152	3481	1360
rnbqkb1r/ppp1pppp/5n2/8/3P4/2N5/PPP2PPP/R1BQKBNR w	4151	2881	876
rnbqkbnr/ppp2ppp/8/3p4/2B5/8/PPPP1PPP/RNBQK1NR w	4138	2100	281
rnbqkb1r/ppp1pppp/5n2/3p4/2PP4/4P3/PP3PPP/RNBQKBNR b	4133	2068	368
rnbqk1nr/pppp1ppp/8/2b1P3/8/8/PPP1PPPP/RNBQKBNR w	4132	1580	192
rnbqkb1r/ppp2ppp/5n2/3p4/3P4/3B1N2/PPP2PPP/RNBQK2R b	4116	3539	1401
rnbqkbnr/pppp1ppp/4p3/8/8/1P6/PBPPPPPP/RN1QKBNR b	4115	3027	1296
rnbqkb1r/ppp2ppp/4pn2/3P4/3P4/2N5/PP2PPPP/R1BQKBNR b	4111	3561	1785
rnbqkbnr/pppp1ppp/4p3/8/8/6P1/PPPPPPBP/RNBQK1NR b	4106	2931	1156
rn1qkbnr/ppp1pppp/8/3p1b2/2PP4/8/PP2PPPP/RNBQKBNR w	4083	2426	384
rnbqkbnr/pp1p1ppp/4p3/2p5/4P3/2P2N2/PP1P1PPP/RNBQKB1R b	4083	3226	1251
rnbqkbnr/pppp1ppp/8/3Pp3/8/8/PPP1PPPP/RNBQKBNR b	4082	1893	237
rnbqk2r/ppp1ppbp/3p1np1/8/2PPP3/2N2N2/PP3PPP/R1BQKB1R b	4082	3276	1519
rnbqk1nr/ppppppbp/6p1/8/2B1P3/8/PPPP1PPP/RNBQK1NR w	4081	2090	338
rnbqkbnr/ppp2ppp/4p3/8/2pP4/2N5/PP2PPPP/R1BQKBNR w	4081	2240	419
rnbqkbnr/pppp1ppp/8/4p3/1P6/8/P1PPPPPP/RNBQKBNR w	4069	2210	474
rnbqkbnr/pp2pppp/2p5/3P4/3P4/8/PP2PPPP/RNBQKBNR b	4068	3142	1354
rnbqkbnr/pp1p1ppp/4p3/2p5/3PP3/2P5/PP3PPP/RNBQKBNR b	4063	2986	1070
rnbqkbnr/ppp2ppp/8/3pp3/4PP2/8/PPPP2PP/RNBQKBNR w	4061	3184	796
rn1qkbnr/ppp1pppp/8/3p1b2/3P4/4P3/PPP2PPP/RNBQKBNR w	4060	1727	239
rnbqkb1r/pppppppp/1n6/4P3/2P5/8/PP1P1PPP/RNBQKBNR w	4059	3358	1495
rn1qkbnr/pp2pppp/2p5/5b2/3PN3/8/PPP2PPP/R1BQKBNR w	4025	3021	1301
rnbqkbnr/pp2pppp/8/3p4/3P4/2N5/PP2PPPP/R1BQKBNR b	4014	3226	1469
rnbqkbnr/pp2pppp/8/2pp4/3P4/5N2/PPP1PPPP/RNBQKB1R w	4007	2671	934
r1bqkb1r/pppp1ppp/2N2n2/8/4P3/8/PPPP1PPP/RNBQKB1R b	4006	1802	324
r1bqkb1r/pppp1ppp/2n2n2/4p3/2B1P3/2NP4/PPP2PPP/R1BQK1NR b	3997	2175	658
rnbqkbnr/1p1p1ppp/p3p3/8/3NP3/8/PPP2PPP/RNBQKB1R w	3991	3532	1827
r1bqkbnr/pp2pppp/2np4/8/3NP3/8/PPP2PPP/RNBQKB1R w	3983	2830	595
rnbqkb1r/pp2pppp/5n2/3p4/3P4/2N2N2/PPP2PPP/R1BQKB1R b	3963	2381	674
rnbqkbnr/pp2pppp/8/3p4/3P4/3B4/PPP2PPP/RNBQK1NR b	3944	3467	1751
rnbqkbnr/pp3ppp/2p1p3/3p4/2PP4/2N2N2/PP2PPPP/R1BQKB1R b	3942	3233	1249
rnbqkbnr/pp2pppp/2p5/3p4/3P4/2N5/PPP1PPPP/R1BQKBNR w	3939	2453	1078
r1bqkb1r/ppp2ppp/2p2n2/8/4P3/8/PPPP1PPP/RNBQKB1R w	3925	1793	324
r1bqkbnr/pp2pppp/2n5/3p4/3P4/2N2N2/PPP2PPP/R1BQKB1R b	3914	2182	509
rnbqkbnr/pppppp1p/6p1/8/3P4/4P3/PPP2PPP/RNBQKBNR b	3905	2426	824
rnbqkb1r/pppp1ppp/5n2/4p3/3PP3/5N2/PPP2PPP/RNBQKB1R b	3900	2045	616
rnbqkbnr/ppp1pppp/8/8/8/5N2/PPPP1PPP/RNBQKB1R w	3887	2867	804
rnbqkbnr/p1pppppp/1p6/8/4P3/2N5/PPPP1PPP/R1BQKBNR b	3886	2481	826
rnbqkbnr/ppppp1pp/8/5p2/4P3/8/PPPP1PPP/RNBQKBNR w	3885	2396	664
r1bqkb1r/ppp1pppp/2n2n2/3p4/3P4/4PN2/PPP2PPP/RNBQKB1R w	3882	1292	196
r1bqk1nr/ppppbppp/2n5/4p3/2B1P3/5N2/PPPP1PPP/RNBQK2R w	3875	2459	528
r1bqkbnr/pp2pppp/2np4/2p5/2B1P3/5N2/PPPP1PPP/RNBQK2R w	3869	1883	240
rn1qkbnr/pbpp1ppp/1p2p3/8/4P3/2N2N2/PPPP1PPP/R1BQKB1R w	3860	2262	561
rnbqkbnr/pppp1ppp/8/4p3/2P5/6P1/PP1PPP1P/RNBQKBNR b	3855	2529	1013
rnbqkb1r/ppp1pp1p/3p1np1/8/4P3/2N2N2/PPPP1PPP/R1BQKB1R w	3854	2112	690
rnbqkb1r/ppp1pp1p/3p1np1/8/2PP4/2N5/PP2PPPP/R1BQKBNR w	3844	3020	1317
r1bqkbnr/pp1ppppp/2n5/2p5/4P3/3P4/PPP2PPP/RNBQKBNR w	3831	2286	678
rnbqkbnr/pppp2pp/8/4pp2/4P3/5N2/PPPP1PPP/RNBQKB1R w	3830	2177	637
rnbqkbnr/pp2pppp/3p4/2pP4/8/8/PPP1PPPP/RNBQKBNR w	3805	3243	1402
rnbqkb1r/pppppppp/5n2/8/8/6P1/PPPPPP1P/RNBQKBNR w	3794	3025	1627
rnbqkb1r/ppp2ppp/4pn2/3p4/3P1B2/2N5/PPP1PPPP/R2QKBNR w	3782	2200	692
rnbqkbnr/pp1ppppp/2p5/8/8/6P1/PPPPPP1P/RNBQKBNR w	3776	2828	1265
rnb1kbnr/ppp1pppp/8/3q4/8/2N5/PP1PPPPP/R1BQKBNR b	3772	2200	531
r1bqk1nr/pppp1ppp/2n5/2b5/2BpP3/5N2/PPP2PPP/RNBQK2R w	3766	2020	406
rn1qkbnr/pbpppppp/1p6/8/3PP3/3B4/PPP2PPP/RNBQK1NR b	3758	3080	1110
rnbqk1nr/ppp2ppp/3b4/8/8/8/PPP1PPPP/RNBQKBNR w	3748	2215	438
rnbqkbnr/ppp2ppp/4p3/3P4/3P4/8/PP2PPPP/RNBQKBNR b	3743	2330	690
rnbqkb1r/ppp2ppp/4pn2/3p4/2PP4/4PN2/PP3PPP/RNBQKB1R b	3726	2618	920
rnbqkb1r/pppppp1p/5np1/8/8/1P6/PBPPPPPP/RN1QKBNR w	3723	3110	1694
r1bqkbnr/pppp1ppp/2n5/4p3/8/1P2P3/PBPP1PPP/RN1QKBNR b	3719	2273	843
rnbqkbnr/pp2pppp/2p5/3p4/2PP4/4P3/PP3PPP/RNBQKBNR b	3719	2470	712
r1bqk2r/pppp1ppp/2n2n2/2b5/2BpP3/2P2N2/PP3PPP/RNBQK2R w	3697	1972	502
rnbqkbnr/ppp1pppp/3p4/8/2P5/8/PP1PPPPP/RNBQKBNR w	3692	2675	1203
rnbqkb1r/ppp2ppp/3p1n2/4N3/4P3/8/PPPP1PPP/RNBQKB1R w	3676	2230	864
rnbqkbnr/pp1ppppp/8/8/3p4/4P3/PPP2PPP/RNBQKBNR w	3667	2921	1404
r1bqk2r/pppp1ppp/2n2n2/2b1p3/2BPP3/2P2N2/PP3PPP/RNBQK2R b	3667	1851	455
r1bqkb1r/pp1ppppp/2n2n2/8/3NP3/2N5/PPP2PPP/R1BQKB1R b	3653	3208	1679
rnbqk1nr/ppp1ppbp/3p2p1/8/2PP4/2N5/PP2PPPP/R1BQKBNR w	3651	2995	1247
r1bqkbnr/pp2pppp/2np4/2p5/4P3/2N2N2/PPPP1PPP/R1BQKB1R w	3640	2212	610
rnbqkbnr/pp1ppppp/2p5/8/3P4/4P3/PPP2PPP/RNBQKBNR b	3626	2444	985
rnbqkbnr/pppppppp/8/8/7P/8/PPPPPPP1/RNBQKBNR b	3624	1512	544
r1bqkbnr/pppp1ppp/2n5/8/4P3/4Q3/PPP2PPP/RNB1KBNR b	3622	1440	422
r1bqkbnr/ppp1pppp/2n5/3pP3/3P4/8/PPP2PPP/RNBQKBNR b	3619	1510	384
rnbqkb1r/ppp1pppp/1n1p4/4P3/2PP4/8/PP3PPP/RNBQKBNR w	3604	3247	1590
r1bqkb1r/pppp1ppp/2n2n2/4p3/2B1P3/3P4/PPP2PPP/RNBQK1NR w	3602	1313	207
r1bqkbnr/pppp1ppp/2n5/4p3/2P5/2N5/PP1PPPPP/R1BQKBNR w	3596	2197	903
rnbqkb1r/ppp1pppp/5n2/3p4/8/5NP1/PPPPPPBP/RNBQK2R b	3589	2953	1811
rnbqkbnr/pp1ppppp/8/2p5/8/6P1/PPPPPP1P/RNBQKBNR w	3588	2654	1065
rnbqkbnr/pp1ppppp/8/2p5/2P1P3/8/PP1P1PPP/RNBQKBNR b	3582	2121	603
rnbqkb1r/pppppppp/5n2/8/4P3/5N2/PPPP1PPP/RNBQKB1R b	3579	1851	611
rnbqkb1r/pppppppp/5n2/8/8/4P3/PPPP1PPP/RNBQKBNR w	3570	2469	1136
r1bqkbnr/pppp2pp/2n5/4pp2/2B1P3/5N2/PPPP1PPP/RNBQK2R w	3568	1821	301
rnbqkbnr/p1pppppp/1p6/8/3P4/5N2/PPP1PPPP/RNBQKB1R b	3557	2379	827
rnbqkb1r/ppp2ppp/4pn2/3p4/3P4/3BPN2/PPP2PPP/RNBQK2R b	3540	2362	758
rnbqk1nr/ppppppbp/6p1/8/3P4/4P3/PPP2PPP/RNBQKBNR w	3519	2217	735
rnbqkbnr/pp1ppppp/2p5/8/2P1P3/8/PP1P1PPP/RNBQKBNR b	3517	2744	1196
r1bqkbnr/pppp1ppp/2n5/4p3/4P3/2NP4/PPP2PPP/R1BQKBNR b	3511	1729	404
rnbqkb1r/pppp1ppp/4pn2/8/3P1B2/4P3/PPP2PPP/RN1QKBNR b	3509	2401	861
rnb1kbnr/ppp1pppp/8/4q3/8/2N5/PPPPBPPP/R1BQK1NR b	3508	1212	171
r1bqkb1r/pppp1ppp/2n2n2/8/3NP3/8/PPP2PPP/RNBQKB1R w	3501	1964	729
rnbqkb1r/pppppp1p/5np1/8/3P4/4P3/PPP2PPP/RNBQKBNR w	3492	2348	896
rnbqkbnr/pp1ppppp/2p5/8/8/4P3/PPPP1PPP/RNBQKBNR w	3484	2252	911
rnbqkb1r/ppp2ppp/4pn2/3p4/2PP4/2N1P3/PP3PPP/R1BQKBNR b	3476	2377	672
rnbqkbnr/ppp2ppp/4p3/3p4/8/1P6/PBPPPPPP/RN1QKBNR w	3472	2526	1034
rn1qkbnr/pbpppppp/1p6/8/4P3/2N5/PPPP1PPP/R1BQKBNR w	3471	2226	715
rnbqkbnr/pp1p1ppp/2p1p3/8/4P3/5N2/PPPP1PPP/RNBQKB1R w	3466	1709	194
rnbqk2r/ppp1bppp/4pn2/3p2B1/2PP4/2N5/PP2PPPP/R2QKBNR w	3465	2755	948
rnbqkbnr/pppp1ppp/8/4p3/2P5/4P3/PP1P1PPP/RNBQKBNR b	3450	1685	319
rn1qkbnr/pbpppppp/1p6/8/2PP4/2N5/PP2PPPP/R1BQKBNR b	3449	2614	840
rnbqkbnr/ppp2ppp/8/3p4/3P4/8/PP2PPPP/RNBQKBNR w	3435	2284	753
rnbqkbnr/pppppp1p/6p1/8/8/6P1/PPPPPP1P/RNBQKBNR w	3430	2546	1166
rnbqkbnr/ppp2ppp/3p4/4P3/4P3/8/PPP2PPP/RNBQKBNR b	3430	1775	496
rnbqkbnr/pppp1ppp/8/8/3P4/8/PPP2PPP/RNBQKBNR b	3427	1872	597
rnbqkbnr/pp2pppp/2p5/3p4/8/5NP1/PPPPPPBP/RNBQK2R b	3424	2905	1807
rnbqkbnr/pp1ppppp/8/2p5/8/1P6/P1PPPPPP/RNBQKBNR w	3421	2658	1256
rn1qkbnr/ppp1pppp/8/3p4/3P2b1/5N2/PPP1PPPP/RNBQKB1R w	3421	1631	247
rnbqkb1r/ppp1pppp/5n2/3P4/8/5N2/PPPP1PPP/RNBQKB1R b	3408	2478	725
rnbqkbnr/pp1ppppp/2p5/8/8/6P1/PPPPPPBP/RNBQK1NR b	3405	2590	1157
rnbqkb1r/pppp1ppp/8/4p3/2B1n3/5N2/PPPP1PPP/RNBQK2R w	3395	1293	275
rnbqkb1r/ppp1pppp/3p4/3nP3/3P4/8/PPP2PPP/RNBQKBNR w	3390	2954	1505
rnbqkbnr/ppp2ppp/8/3p4/3P4/2N5/PP2PPPP/R1BQKBNR b	3385	2490	908
rnbqkb1r/pppppppp/5n2/8/8/6P1/PPPPPPBP/RNBQK1NR b	3379	2726	1467
rnbqkb1r/ppp1pppp/5n2/8/3Pp3/2N2P2/PPP3PP/R1BQKBNR b	3367	2124	622
rnbqkbnr/pppp1ppp/8/4p3/1P6/8/PBPPPPPP/RN1QKBNR b	3366	1886	389
rnbqkbnr/pp1ppppp/8/2p5/3P4/2P5/PP2PPPP/RNBQKBNR b	3358	2629	1385
r1bqkb1r/pppp1ppp/2n2n2/4p3/3PP3/5N2/PPP2PPP/RNBQKB1R w	3352	1105	202
r1bqkbnr/pp1ppp1p/2n3p1/8/3NP3/2N5/PPP2PPP/R1BQKB1R b	3349	2718	1067
rnbqkbnr/ppp1pppp/3p4/8/3P4/4P3/PPP2PPP/RNBQKBNR b	3348	1959	732
rnbqkbnr/pppp1ppp/4p3/8/2P1P3/8/PP1P1PPP/RNBQKBNR b	3346	2680	1023
rnbqkbnr/ppp1pppp/8/8/2B5/2N5/PPPP1PPP/R1BQK1NR b	3345	1988	453
rn1qkbnr/ppp2ppp/3p4/4p3/3PP1b1/5N2/PPP2PPP/RNBQKB1R w	3343	1347	170
rn1qkbnr/ppp1pppp/8/3p1b2/3P1B2/5N2/PPP1PPPP/RN1QKB1R b	3337	1595	265
rnbqkbnr/pp1ppp1p/6p1/2p5/3PP3/5N2/PPP2PPP/RNBQKB1R b	3334	2741	1181
rnbqkb1r/pppp1ppp/4pn2/8/3P4/4P3/PPP2PPP/RNBQKBNR w	3327	2355	879
rnbqkbnr/pp2pppp/8/2ppP3/8/8/PPPP1PPP/RNBQKBNR w	3322	1900	511
rnbqkbnr/pp1ppppp/8/8/3N4/8/PPP1PPPP/RNBQKB1R b	3322	2713	1425
r1bqkbnr/ppp2ppp/2n5/3pp3/8/1P2P3/PBPP1PPP/RN1QKBNR w	3314	1973	551
rnbqk2r/ppp2ppp/4pn2/3p4/1bPP4/2N2N2/PP2PPPP/R1BQKB1R w	3307	2416	812
rnbqkb1r/ppp1pppp/8/3n4/3P4/8/PP2PPPP/RNBQKBNR w	3302	2163	623
rnbqkb1r/pp2pppp/5n2/3p4/3P4/2N5/PPP2PPP/R1BQKBNR w	3299	2164	689
rnbqkbnr/pp2pppp/8/2ppP3/3P4/2P5/PP3PPP/RNBQKBNR b	3295	2017	560
r1bqk1nr/pp1pppbp/2n3p1/8/3NP3/2N1B3/PPP2PPP/R2QKB1R b	3293	2851	1250
rnbqkbnr/pp1ppppp/8/2p5/8/6P1/PPPPPPBP/RNBQK1NR b	3292	2474	979
r1bqkbnr/pppp1ppp/8/1B2p3/3nP3/5N2/PPPP1PPP/RNBQK2R w	3288	1227	242
rnbqkbnr/p1pppppp/1p6/8/2B1P3/8/PPPP1PPP/RNBQK1NR b	3277	1424	173
rnbqk1nr/ppppppbp/6p1/8/2PP4/5N2/PP2PPPP/RNBQKB1R b	3273	2360	1009
rnbqkb1r/pppp1ppp/4pn2/8/3P4/2N5/PPP1PPPP/R1BQKBNR w	3265	2244	913
r1bqkbnr/ppp1pppp/2n5/3p4/2PP4/5N2/PP2PPPP/RNBQKB1R b	3265	1817	507
rnbqkbnr/pppp1ppp/8/8/2PQ4/8/PP2PPPP/RNB1KBNR b	3262	1976	493
r1bqkbnr/ppp2ppp/2np4/1B2p3/3PP3/5N2/PPP2PPP/RNBQK2R b	3256	1681	245
rnbqkbnr/pp2pppp/8/2pp4/3P1B2/8/PPP1PPPP/RN1QKBNR w	3239	1888	577
rnbqkb1r/pp2pp1p/3p1np1/8/3NP3/2N5/PPP2PPP/R1BQKB1R w	3235	2797	1516
rnbqkbnr/1p1ppppp/p7/2p5/4P3/5N2/PPPP1PPP/RNBQKB1R w	3234	2289	976
rnbqkbnr/pppp1ppp/8/4p3/8/3PP3/PPP2PPP/RNBQKBNR b	3223	1038	188
rnbqkb1r/pppp1ppp/4pn2/8/2P5/2N5/PP1PPPPP/R1BQKBNR w	3221	2679	1249
r1bqkb1r/pppp1ppp/2n2n2/4p3/2BPP3/5N2/PPP2PPP/RNBQK2R b	3220	1599	401
rnbqkb1r/pppp1ppp/4pn2/8/3P1B2/5N2/PPP1PPPP/RN1QKB1R b	3218	2401	1094
rnbqkbnr/pppppp1p/6p1/8/8/4P3/PPPP1PPP/RNBQKBNR w	3216	2042	792
r1bqkb1r/ppp2ppp/5n2/nB1Pp1N1/8/8/PPPP1PPP/RNBQK2R b	3215	1912	492
rnbqkb1r/pppppppp/5n2/8/2P5/5N2/PP1PPPPP/RNBQKB1R b	3214	2906	2010
rnbqkbnr/pp1ppppp/8/2p5/8/1P6/PBPPPPPP/RN1QKBNR b	3214	2530	1208
rnbqk2r/ppppppbp/5np1/8/3P4/4PN2/PPP2PPP/RNBQKB1R w	3214	2202	935
rn1qkb1r/ppp1pppp/5n2/3p1b2/3P1B2/4PN2/PPP2PPP/RN1QKB1R b	3201	1859	451
rnbqkb1r/ppp1pp1p/5np1/3p4/2PP4/2N5/PP2PPPP/R1BQKBNR w	3188	2856	1556
rnbqkbnr/pp1p1ppp/4p3/2p5/2PP4/8/PP2PPPP/RNBQKBNR w	3174	2117	543
rnbqkbnr/ppp2ppp/4p3/3pP3/5P2/8/PPPP2PP/RNBQKBNR b	3174	2416	599
rn1qkbnr/pbpppppp/1p6/8/3P4/5N2/PPP1PPPP/RNBQKB1R w	3173	2151	754
rnbqkb1r/ppp1pppp/3p1n2/8/3PP3/3B4/PPP2PPP/RNBQK1NR b	3163	2517	1008
rnbqkbnr/ppp2ppp/8/3p4/8/1B6/PPPP1PPP/RNBQK1NR b	3162	1733	237
rnbqkbnr/pp2pppp/3p4/1Bp5/4P3/5N2/PPPP1PPP/RNBQK2R b	3161	2425	1279
rnbqk1nr/ppp2ppp/3bp3/3p4/3P1B2/4P3/PPP2PPP/RN1QKBNR w	3155	1866	457
rnbqk2r/ppppppbp/5np1/8/3P1B2/4PN2/PPP2PPP/RN1QKB1R b	3151	2008	801
rnbqkbnr/pp1ppppp/2p5/8/2P5/2N5/PP1PPPPP/R1BQKBNR b	3150	2525	1168
rnbqkbnr/ppp2ppp/4p3/3P4/8/8/PPPP1PPP/RNBQKBNR w	3149	2008	501
rnbqkb1r/pp2pppp/2p2N2/8/3P4/8/PPP2PPP/R1BQKBNR b	3147	2691	1563
rn1qkbnr/ppp1pppp/8/3pPb2/8/8/PPPP1PPP/RNBQKBNR w	3144	1565	292
r1bqk1nr/ppp2ppp/2np4/2b1p3/2B1P3/2P2N2/PP1P1PPP/RNBQK2R w	3143	1753	324
r1bqkbnr/pp1ppppp/2n5/2p5/2P5/2N5/PP1PPPPP/R1BQKBNR w	3140	2416	948
r1bqkbnr/pp2pppp/2np4/8/3NP3/2N5/PPP2PPP/R1BQKB1R b	3132	2340	635
rnbqkbnr/ppp1pp1p/3p2p1/8/3PP3/5N2/PPP2PPP/RNBQKB1R b	3126	1862	502
rnbqkbnr/pppppp1p/6p1/8/2P5/2N5/PP1PPPPP/R1BQKBNR b	3124	2358	894
rnbqkbnr/pp3ppp/3pp3/2p5/2B1P3/5N2/PPPP1PPP/RNBQK2R w	3123	1927	377
rnbqkb1r/pp2pppp/5n2/3p4/3P4/2N5/PP2PPPP/R1BQKBNR w	3111	2666	1394
rnbqkbnr/ppp2ppp/4p3/3p4/3P4/2N2N2/PPP1PPPP/R1BQKB1R b	3110	1197	265
rnbqkbnr/ppp1pp1p/3p2p1/8/4P3/5N2/PPPP1PPP/RNBQKB1R w	3107	1708	517
rnbqk2r/ppp1bppp/4pn2/3p4/2PP4/2N2N2/PP2PPPP/R1BQKB1R w	3104	2802	1500
rnbqkbnr/ppp1pppp/8/3p4/6P1/8/PPPPPP1P/RNBQKBNR w	3103	1892	466
rnbqkb1r/pppppp1p/5np1/8/2P5/2N5/PP1PPPPP/R1BQKBNR w	3101	2617	1301
rnbqkbnr/pp2pppp/2p5/3pP3/5P2/8/PPPP2PP/RNBQKBNR b	3095	2291	552
rnbqkbnr/pppppp1p/6p1/8/8/6P1/PPPPPPBP/RNBQK1NR b	3086	2333	1078
rnbqkbnr/ppp2ppp/4p3/3p4/8/5NP1/PPPPPPBP/RNBQK2R b	3086	2350	1245
rnbqkbnr/ppp1pppp/3p4/8/4PP2/8/PPPP2PP/RNBQKBNR b	3085	2135	456
r1bqkbnr/ppp1pppp/2n5/3p4/3PP3/8/PPP2PPP/RNBQKBNR w	3080	1868	666
rn1qkb1r/ppp1pppp/5n2/3p1b2/3P1B2/4P3/PPP2PPP/RN1QKBNR w	3078	1729	369
r1bqkb1r/1ppp1ppp/p1n2n2/4p3/B3P3/5N2/PPPP1PPP/RNBQ1RK1 b	3077	2495	1339
r1bqkbnr/pp3ppp/2n1p3/2ppP3/3P4/5N2/PPP2PPP/RNBQKB1R w	3075	1507	298
rnbqkb1r/pppp1ppp/4pn2/8/3P4/4PN2/PPP2PPP/RNBQKB1R b	3070	2308	996
rnbqkbnr/pp1p1ppp/4p3/2p5/4PP2/8/PPPP2PP/RNBQKBNR w	3065	2300	439
rnbqkbnr/pp2pppp/2P5/8/8/8/PPPP1PPP/RNBQKBNR b	3065	2149	707
rnbqkbnr/ppp2ppp/8/3P4/4p3/5N2/PPPP1PPP/RNBQKB1R w	3059	1965	471
rnbqkb1r/ppp2ppp/3p1n2/8/4P3/5N2/PPPP1PPP/RNBQKB1R b	3056	1934	759
rnbqkbnr/ppp2ppp/3p4/8/4Pp2/5N2/PPPP2PP/RNBQKB1R w	3049	1834	255
r1bqkbnr/pp1ppppp/2n5/2p5/4PP2/2N5/PPPP2PP/R1BQKBNR b	3044	2647	1223
rnbqkbnr/pp1p1ppp/4p3/2p5/2B1P3/2N5/PPPP1PPP/R1BQK1NR b	3039	2130	594
rnbqkb1r/ppp2ppp/4pn2/3p4/8/5NP1/PPPPPPBP/RNBQK2R w	3023	2582	1675
r1bqkb1r/pppp1ppp/2n2n2/4p3/3PP3/2P2N2/PP3PPP/RNBQKB1R b	3019	1050	227
rnbqkb1r/pppppp1p/5np1/8/3P4/2N5/PPP1PPPP/R1BQKBNR w	3018	1898	721
rnbqk2r/ppp1ppbp/3p1np1/8/3P1B2/4PN2/PPP2PPP/RN1QKB1R w	3012	1983	651
rnbqkbnr/pp1p1ppp/2p1p3/8/3PP3/5N2/PPP2PPP/RNBQKB1R b	3007	1626	170
rnbqkbnr/pppppp1p/6p1/8/4PP2/8/PPPP2PP/RNBQKBNR b	3002	2158	456
rnbqkb1r/ppppp1pp/5n2/5p2/2PP4/8/PP2PPPP/RNBQKBNR w	3001	2333	848
r1bqk1nr/ppp2ppp/2np4/2b1p3/2B1P3/2N2N2/PPPP1PPP/R1BQK2R w	2991	1283	196
rnbqkbnr/ppp1pppp/8/3p4/8/4PN2/PPPP1PPP/RNBQKB1R b	2982	1836	850
r1bqkbnr/ppp2ppp/2np4/1B2p3/4P3/5N2/PPPP1PPP/RNBQ1RK1 b	2982	1417	200
rnbqkb1r/pp3ppp/2p1pn2/3p2B1/2PP4/2N2N2/PP2PPPP/R2QKB1R b	2980	2552	1153
rnbqkbnr/p1pp1ppp/1p2p3/8/4P3/5N2/PPPP1PPP/RNBQKB1R w	2973	1551	273
rnbqkbnr/pp2pppp/2p5/3p4/2P1P3/8/PP1P1PPP/RNBQKBNR w	2973	2317	1011
rnbqkbnr/ppp2ppp/8/4p3/3pP3/8/PPPPNPPP/R1BQKBNR w	2971	2122	709
rnbqkbnr/pp1ppppp/8/8/3P4/8/PPP2PPP/RNBQKBNR b	2963	2497	1274
rnbqkb1r/pp2pppp/2p2n2/3p4/3P1B2/4PN2/PPP2PPP/RN1QKB1R b	2963	2278	937
rn1qkbnr/pp2pppp/2p5/5b2/3P4/6N1/PPP2PPP/R1BQKBNR b	2960	2494	1175
rnbqkb1r/pppppppp/5n2/8/4P3/3P4/PPP2PPP/RNBQKBNR b	2954	1843	722
r1bqk2r/ppp2ppp/2np1n2/2b1p3/2B1P3/2NP1N2/PPP2PPP/R1BQK2R w	2930	1212	294
r1bqkbnr/ppp2ppp/2np4/4P3/4P3/5N2/PPP2PPP/RNBQKB1R b	2925	1360	284
rnbqkbnr/1p1p1ppp/p3p3/8/3NP3/2N5/PPP2PPP/R1BQKB1R b	2922	2495	1138
rnbqkb1r/ppp2ppp/4pn2/3pP3/3P4/2N5/PPP2PPP/R1BQKBNR b	2919	2418	1289
r1bqkb1r/ppppnppp/2n5/1B2p3/4P3/5N2/PPPP1PPP/RNBQK2R w	2918	1234	274
rnbqkbnr/ppp2ppp/8/3p4/2PP4/8/PP3PPP/RNBQKBNR b	2917	2447	910
rnbqkb1r/ppp2ppp/4pn2/8/3P4/2N2N2/PPP2PPP/R1BQKB1R w	2917	1985	569
r1bqkbnr/pp1p1ppp/2n1p3/2p5/2B1P3/2N2N2/PPPP1PPP/R1BQK2R b	2912	1501	252
rnbqkb1r/pppppp1p/5np1/8/3P4/4PN2/PPP2PPP/RNBQKB1R b	2911	2076	912
rnbqk1nr/ppp2ppp/4p3/3p4/1b1PP3/2N5/PPP2PPP/R1BQKBNR w	2904	2435	1439
rnbqk1nr/ppppppbp/6p1/8/2P5/2N5/PP1PPPPP/R1BQKBNR w	2902	2182	807
r1bqk1nr/pppp1ppp/2n5/2b1p3/1PB1P3/5N2/P1PP1PPP/RNBQK2R b	2899	1781	457
rnbqkbnr/pp1p1ppp/4p3/2p5/4P3/2P5/PP1P1PPP/RNBQKBNR w	2897	2190	843
rn1qk1nr/pbpp1ppp/1p2p3/8/1b1PP3/2N2N2/PPP2PPP/R1BQKB1R w	2897	1728	364
rnbqkbnr/pp1ppppp/8/8/2PQ4/8/PP2PPPP/RNB1KBNR b	2892	2405	1125
rnbqk2r/ppppppbp/5np1/8/3P1B2/5N2/PPP1PPPP/RN1QKB1R w	2892	1971	853
rnbqkbnr/pp1ppp1p/6p1/8/3pP3/5N2/PPP2PPP/RNBQKB1R w	2890	2437	1097
rnbqkbnr/ppp1pppp/8/3p4/8/3PP3/PPP2PPP/RNBQKBNR b	2881	1356	273
rnbqkbnr/pppp1ppp/4p3/8/8/3P4/PPP1PPPP/RNBQKBNR w	2878	1828	704
rnbqk1nr/ppppppbp/6p1/8/3PP3/2P5/PP3PPP/RNBQKBNR b	2878	2186	748
rnbqkb1r/ppp1pppp/5n2/3p2B1/3P4/5N2/PPP1PPPP/RN1QKB1R b	2877	2140	797
rnbqkbnr/ppp2ppp/3p4/4p3/8/1P6/PBPPPPPP/RN1QKBNR w	2874	1953	757
rnbqkbnr/pp2pppp/3p4/2p5/4PP2/8/PPPP2PP/RNBQKBNR w	2872	2128	407
rnbqkbnr/pp1ppppp/8/8/3pP3/5N2/PPP2PPP/RNBQKB1R b	2867	2255	955
rnbqkb1r/ppp1pppp/5n2/3p4/3P4/5NP1/PPP1PP1P/RNBQKB1R b	2865	2287	1146
rnbqkb1r/pp3ppp/4pn2/2pp4/3P1B2/4PN2/PPP2PPP/RN1QKB1R w	2862	2005	675
r1bqk1nr/pppp1ppp/2N5/2b5/4P3/8/PPP2PPP/RNBQKB1R b	2859	1456	299
rnbqkbnr/pppp1ppp/4p3/8/5P2/8/PPPPP1PP/RNBQKBNR w	2856	1906	581
rnbqkb1r/pp3ppp/2p2p2/8/3P4/8/PPP2PPP/R1BQKBNR w	2855	2424	1374
rn1qkbnr/pp2pppp/2p5/3pP3/6b1/5N2/PPPP1PPP/RNBQKB1R w	2849	1321	236
rnbqkb1r/pppppp1p/5np1/8/3P1B2/5N2/PPP1PPPP/RN1QKB1R b	2847	2034	909
rn1qkbnr/pp2pppp/2p3b1/8/3P4/6N1/PPP2PPP/R1BQKBNR w	2847	2431	1151
rnbqkb1r/pppppppp/1n6/4P3/2PP4/8/PP3PPP/RNBQKBNR b	2841	2478	1115
rnbqkb1r/pppppppp/5n2/8/3P4/2P5/PP2PPPP/RNBQKBNR b	2832	2298	1275
rnbqkb1r/ppp2ppp/3p4/8/4n3/5N2/PPPP1PPP/RNBQKB1R w	2832	1877	749
rnbqk1nr/ppppppbp/6p1/8/8/6P1/PPPPPPBP/RNBQK1NR w	2827	2154	995
r1bqk1nr/pppp1ppp/2n5/2b1p3/2B1P3/2N5/PPPP1PPP/R1BQK1NR w	2816	1678	390
rnbqkb1r/pppn1ppp/4p3/3pP3/3P4/2N5/PPP2PPP/R1BQKBNR w	2816	2432	1281
r1bqkbnr/pppppppp/2n5/8/4P3/2N5/PPPP1PPP/R1BQKBNR b	2815	1542	680
rnbqkbnr/pppp1ppp/8/4p3/5P2/8/PPPPP1PP/RNBQKBNR w	2814	2119	883
r1bqkbnr/ppp2ppp/2np4/4p3/2B1PP2/5N2/PPPP2PP/RNBQK2R b	2807	1820	213
r1bqkbnr/pppp1ppp/2n5/8/3pP3/2P2N2/PP3PPP/RNBQKB1R b	2806	1838	645
rnbqkbnr/p1pppppp/1p6/8/8/5N2/PPPPPPPP/RNBQKB1R w	2804	1949	851
rnbqk2r/ppppppbp/5np1/8/3P1B2/4P3/PPP2PPP/RN1QKBNR w	2802	1662	523
rnbq1rk1/ppppppbp/5np1/8/2PP4/2N2N2/PP2PPPP/R1BQKB1R w	2798	2170	1075
rnbqkbnr/pp2pppp/3p4/2p5/4P3/2P5/PP1P1PPP/RNBQKBNR w	2794	2005	638
rnbqkbnr/pppppppp/8/8/P7/8/1PPPPPPP/RNBQKBNR b	2791	1348	601
rnbqk2r/pppp1ppp/5n2/2b1p3/2B1P3/2N5/PPPP1PPP/R1BQK1NR w	2785	1181	217
rnbqkbnr/pp2pppp/2pp4/8/4P3/5N2/PPPP1PPP/RNBQKB1R w	2782	1851	620
rnbqkbnr/ppp2ppp/4p3/8/8/2N2N2/PPPP1PPP/R1BQKB1R w	2782	1377	258
rnbqkbnr/ppp1pppp/8/3p4/8/3P1N2/PPP1PPPP/RNBQKB1R b	2781	1775	747
r1bqk1nr/ppp2ppp/2np4/2b1p3/2B1P3/5N2/PPPP1PPP/RNBQ1RK1 w	2778	1586	309
rnbqkb1r/ppp1pppp/5n2/3p4/8/5NP1/PPPPPP1P/RNBQKB1R w	2777	2336	1528
r1bqkbnr/pp2pppp/2n5/3p4/3P4/2N5/PPP2PPP/R1BQKBNR w	2773	1740	487
rnbqk2r/ppppppbp/5np1/8/8/5NP1/PPPPPPBP/RNBQK2R w	2772	2412	1677
rnbqkbnr/ppppp1pp/8/5p2/3P4/5N2/PPP1PPPP/RNBQKB1R b	2768	2016	827
rn1qkbnr/pp2pppp/2p5/3pPb2/3P4/3B4/PPP2PPP/RNBQK1NR b	2768	1771	457
rn1qkb1r/ppp2ppp/4pn2/3p1b2/3P1B2/4PN2/PPP2PPP/RN1QKB1R w	2764	1658	384
rnbqkb1r/ppp1pppp/5n2/3p4/8/1P6/PBPPPPPP/RN1QKBNR w	2761	2177	957
rnbqk1nr/ppppppbp/6p1/8/3P4/4PN2/PPP2PPP/RNBQKB1R b	2747	1822	685
rnbqk1nr/ppp1ppbp/3p2p1/8/2PPP3/2N5/PP3PPP/R1BQKBNR b	2745	2397	1067
rn2kbnr/ppp1pppp/8/3q4/6b1/5N2/PPPP1PPP/RNBQKB1R w	2740	1928	510
rnbqkbnr/pp2pppp/2pp4/8/3PP3/5N2/PPP2PPP/RNBQKB1R b	2733	1823	582
r1bqk1nr/pppp1ppp/2n5/1Bb1p3/4P3/5N2/PPPP1PPP/RNBQ1RK1 b	2730	1651	432
rnbqkbnr/ppp1pppp/8/8/4P3/8/PPP2PPP/RNBQKBNR b	2726	1241	359
rnbqkb1r/ppp2ppp/4pn2/3p4/3P4/5NP1/PPP1PPBP/RNBQK2R b	2723	2313	1210
rnbqkb1r/pp2pppp/3p1n2/2p5/2B1P3/5N2/PPPP1PPP/RNBQK2R w	2716	1513	298
r1bqkbnr/pp1p1ppp/2N5/4p3/4P3/8/PPP2PPP/RNBQKB1R b	2713	1983	495
rnbqkb1r/pppppp1p/5np1/8/3P1B2/4P3/PPP2PPP/RN1QKBNR b	2710	1717	599
r1bqkb1r/pppp1ppp/2n5/4p3/2B1n3/2N2N2/PPPP1PPP/R1BQK2R w	2709	1335	337
rnbqkbnr/pppp1ppp/8/4p3/8/2P5/PP1PPPPP/RNBQKBNR w	2698	1165	328
r1bqkbnr/pp1ppppp/2n5/2p5/2B1P3/2N5/PPPP1PPP/R1BQK1NR b	2697	1764	490
rnbqkbnr/pp1p1ppp/4p3/2pP4/4P3/8/PPP2PPP/RNBQKBNR b	2689	1752	527
rnbqkbnr/pp3ppp/2p1p3/3p4/2PP4/5N2/PP2PPPP/RNBQKB1R w	2688	2233	1038
rnbqk1nr/ppppppbp/6p1/8/4PP2/8/PPPP2PP/RNBQKBNR w	2684	1950	420
r1bqkbnr/pp1p1ppp/2n1p3/2p5/4P3/2P2N2/PP1P1PPP/RNBQKB1R w	2682	1888	401
r1bqkbnr/pppp1ppp/2n5/4p3/4PP2/2N5/PPPP2PP/R1BQKBNR b	2681	1688	643
r1bqkb1r/pp2pppp/2np1n2/8/3NP3/2N5/PPP2PPP/R1BQKB1R w	2676	2278	1127
r1bqkbnr/pp1ppppp/2n5/8/4P3/8/PPP2PPP/RNBQKBNR b	2673	1199	178
r1bqkbnr/ppp2ppp/2np4/4p3/2BPP3/5N2/PPP2PPP/RNBQK2R b	2669	1258	201
rnbqkbnr/pp2pppp/8/2pp4/4P3/2P5/PP1P1PPP/RNBQKBNR w	2668	2372	1120
rnbqkbnr/pppppppp/8/8/8/P7/1PPPPPPP/RNBQKBNR b	2666	1366	421
r1bqk1nr/ppp2ppp/2np4/2b1p3/2B1P3/3P1N2/PPP2PPP/RNBQK2R w	2665	1120	226
rnbqkb1r/pp2pppp/5n2/3p4/2PP4/8/PP3PPP/RNBQKBNR w	2664	2395	1322
rnbqkbnr/pp1ppppp/8/2p5/5P2/8/PPPPP1PP/RNBQKBNR w	2662	2117	772
rn1qkb1r/ppp1pppp/5n2/3p1b2/3P1B2/5N2/PPP1PPPP/RN1QKB1R w	2662	1588	453
rnbqkbnr/ppp2ppp/4p3/3p4/2P5/2N5/PP1PPPPP/R1BQKBNR w	2661	2198	1041
r1bqkbnr/pppp1ppp/8/1B2p3/3NP3/8/PPPP1PPP/RNBQK2R b	2661	1030	202
r1bqkb1r/pp3ppp/2p2n2/nB1Pp1N1/8/8/PPPP1PPP/RNBQK2R w	2651	1672	454
rnbqkbnr/pppp1ppp/8/4p3/3P4/2P5/PP2PPPP/RNBQKBNR b	2642	1321	422
r1bqkbnr/pppp1ppp/8/1B6/3pP3/8/PPPP1PPP/RNBQK2R w	2641	1027	201
r1bqkbnr/p2p1ppp/2p5/4p3/4P3/8/PPP2PPP/RNBQKB1R w	2639	1926	463
rnbqkbnr/ppp1pppp/8/3p4/3P1P2/8/PPP1P1PP/RNBQKBNR b	2632	1573	275
r1bqkb1r/pp3ppp/2P2n2/nB2p1N1/8/8/PPPP1PPP/RNBQK2R b	2632	1667	453
rnbqk2r/pppp1ppp/5n2/4p3/1b2P3/2N2N2/PPPP1PPP/R1BQKB1R w	2631	1137	326
rn1qkbnr/pbpp1ppp/1p2p3/8/3PP3/5N2/PPP2PPP/RNBQKB1R w	2631	1480	268
rnbqkb1r/ppp2ppp/4pn2/3p4/3P4/2N2N2/PPP1PPPP/R1BQKB1R w	2628	1288	344
rnbqkb1r/pppppppp/5n2/8/8/3P4/PPP1PPPP/RNBQKBNR w	2627	1933	857
rnbqkbnr/ppp2ppp/8/3pp3/8/3PP3/PPP2PPP/RNBQKBNR w	2611	977	167
rnbqkbnr/pp1ppppp/8/2p5/8/5NP1/PPPPPP1P/RNBQKB1R b	2607	2190	1360
rnbqkbnr/pp2pppp/8/2pp4/2PP4/8/PP2PPPP/RNBQKBNR w	2606	1550	379
r1bqkb1r/pp1p1ppp/2n1pn2/8/3NP3/2N5/PPP2PPP/R1BQKB1R w	2606	2286	1181
rnbqkbnr/pp2pppp/3p4/2pP4/2P5/8/PP2PPPP/RNBQKBNR b	2604	2257	931
rnbqkbnr/pp1ppppp/8/2p5/1P2P3/8/P1PP1PPP/RNBQKBNR b	2598	2249	1078
rnbqkbnr/pp2pppp/3p4/2p5/3PP3/2P5/PP3PPP/RNBQKBNR b	2595	1941	709
rnbqkbnr/pp2pppp/2p5/3p4/8/1P6/PBPPPPPP/RN1QKBNR w	2594	2115	1106
r1bqk2r/pppp1ppp/2n2n2/1Bb1p3/4P3/2N2N2/PPPP1PPP/R1BQK2R w	2593	869	228
rnbqkbnr/ppp2ppp/8/3p4/3P4/3B4/PPP2PPP/RNBQK1NR b	2590	2318	1021
rnbqkbnr/1p1p1ppp/p3p3/2p5/2B1P3/5N2/PPPP1PPP/RNBQK2R w	2587	1373	213
rnbqkbnr/ppp1pppp/3p4/8/8/4P3/PPPP1PPP/RNBQKBNR w	2586	1541	628
rnbqkb1r/pp2pppp/2pp1n2/8/3PP3/2N5/PPP2PPP/R1BQKBNR w	2585	1781	789
rnbqk1nr/ppp2ppp/3b4/3p4/3P4/5N2/PPP2PPP/RNBQKB1R w	2585	2110	684
rnbqkb1r/ppp1pppp/5n2/8/3P4/2N2p2/PPP3PP/R1BQKBNR w	2583	1615	428
rnbqkbnr/1ppppppp/8/p7/4P3/8/PPPP1PPP/RNBQKBNR w	2580	945	328
rnbqkb1r/ppp2ppp/3p1n2/8/3NP3/8/PPP2PPP/RNBQKB1R w	2574	1570	408
rnbqkb1r/pp2pppp/3p1n2/2p5/4P3/2N2N2/PPPP1PPP/R1BQKB1R w	2573	1772	721
rnbqkb1r/ppp1pppp/5n2/3p4/3P4/3BP3/PPP2PPP/RNBQK1NR b	2568	1602	450
rnbqkbnr/pp1p1ppp/4p3/2p5/4PP2/5N2/PPPP2PP/RNBQKB1R b	2557	1954	350
rnbqkbnr/ppp1pppp/8/3p4/3P4/6P1/PPP1PP1P/RNBQKBNR b	2552	1353	296
rnbqkbnr/pppppp1p/6p1/8/8/1P6/P1PPPPPP/RNBQKBNR w	2551	1896	843
rnbqkb1r/ppp2ppp/3p1n2/8/3NP3/2N5/PPP2PPP/R1BQKB1R b	2547	1583	468
rnbqk1nr/ppppppbp/6p1/8/3P1B2/4P3/PPP2PPP/RN1QKBNR b	2544	1414	338
rnbqkbnr/p1pp1ppp/1p2p3/8/3PP3/5N2/PPP2PPP/RNBQKB1R b	2543	1428	249
rnbqkbnr/ppp1pppp/8/8/3P4/8/PPP2PPP/RNBQKBNR w	2542	1905	493
rnbqkb1r/ppp1pppp/5n2/8/2pPP3/2N5/PP3PPP/R1BQKBNR b	2540	1233	257
rnbqkbnr/pppp1ppp/8/4p3/8/1P2P3/P1PP1PPP/RNBQKBNR b	2532	1193	291
rnbqkbnr/pppppp1p/6p1/8/4P3/3P4/PPP2PPP/RNBQKBNR b	2530	1480	464
rnb1kbnr/ppp1pppp/8/3q4/2P5/8/PP1P1PPP/RNBQKBNR b	2529	1616	417
r1bqk2r/pppp1ppp/2n2n2/2b5/2BPP3/5N2/PP3PPP/RNBQK2R b	2529	1191	263
rnbqkbnr/pp2pppp/8/2pp4/3P4/4P3/PPP2PPP/RNBQKBNR w	2522	1536	482
rnbqkbnr/ppp1pppp/8/3p4/1P6/8/P1PPPPPP/RNBQKBNR w	2520	1546	342
rnbqkbnr/p1pppppp/1p6/8/3P1B2/8/PPP1PPPP/RN1QKBNR b	2518	1306	280
rn1qkbnr/ppp1pppp/8/3p1b2/3P4/4PN2/PPP2PPP/RNBQKB1R b	2516	1217	181
rnbqkb1r/pp2pppp/2p2n2/3p4/2PP4/4P3/PP3PPP/RNBQKBNR w	2516	1743	542
rnbqkb1r/pp2pppp/2p2n2/3p4/3P4/4PN2/PPP2PPP/RNBQKB1R w	2512	2004	1007
rnb1kb1r/ppp1pppp/8/3q4/8/5N2/PPPP1PPP/R1BQKB1R b	2511	1436	290
rnbqkb1r/ppp1pppp/5n2/8/2B5/2N2N2/PPPP1PPP/R1BQK2R b	2508	1643	428
rnbqkb1r/pppppppp/5n2/8/8/2N5/PPPPPPPP/R1BQKBNR w	2503	1846	901
rnb1kb1r/ppp1pppp/5n2/q7/3P4/2N5/PPP2PPP/R1BQKBNR w	2496	1707	599
r1bqkbnr/pp2pppp/2n5/2ppP3/3P4/2P5/PP3PPP/RNBQKBNR w	2495	1580	434
rnbqkbnr/pppp1p1p/8/6p1/4Pp2/5N2/PPPP2PP/RNBQKB1R w	2493	1865	403
r1bqkb1r/pppp1ppp/2n2n2/1B2p3/4P3/3P1N2/PPP2PPP/RNBQK2R b	2493	1160	415
rnbqkbnr/ppp2ppp/4p3/8/3P4/2N2N2/PPP2PPP/R1BQKB1R b	2493	1313	261
rnbqkbnr/ppp1pppp/8/3p4/8/2P5/PP1PPPPP/RNBQKBNR w	2489	1492	605
r1bqkb1r/p4ppp/2p2n2/nB2p1N1/8/8/PPPP1PPP/RNBQK2R w	2488	1613	450
rnbqkb1r/ppp1pppp/5n2/3p4/3P4/2P5/PP2PPPP/RNBQKBNR w	2487	1579	708
rnbqkb1r/pp2pppp/2p2n2/3p4/3P1B2/4P3/PPP2PPP/RN1QKBNR w	2484	1822	653
rnbqkb1r/pp2pppp/3p1n2/2p5/4P3/2P2N2/PP1P1PPP/RNBQKB1R w	2478	2057	901
rnbqkbnr/pppp1ppp/8/4N3/8/8/PPPPPPPP/RNBQKB1R b	2473	1152	352
rnbqkbnr/pppp1ppp/4p3/8/8/5NP1/PPPPPP1P/RNBQKB1R b	2463	1813	1019
rnbqk2r/ppp1bppp/4pn2/3p2B1/2PP4/2N2N2/PP2PPPP/R2QKB1R b	2460	2024	857
rnbqkbnr/pp2pppp/2p5/3p4/2P5/2N5/PP1PPPPP/R1BQKBNR w	2456	1995	962
rnbqkbnr/pp2pppp/2p5/3p4/3PP3/5P2/PPP3PP/RNBQKBNR b	2449	1820	783
rnbqkbnr/pppppp1p/6p1/8/8/1P6/PBPPPPPP/RN1QKBNR b	2444	1833	816
rnbqkb1r/ppp2ppp/5n2/3p2B1/3P4/2N5/PP2PPPP/R2QKBNR b	2435	2121	1222
rnbqk1nr/pppp1pbp/4p1p1/8/3PP3/2N2N2/PPP2PPP/R1BQKB1R b	2434	1355	313
rnbqkbnr/pp3ppp/4p3/2ppP3/5P2/8/PPPP2PP/RNBQKBNR w	2433	1998	528
rnbqkb1r/pppppppp/8/8/4n3/5N2/PPPP1PPP/RNBQKB1R w	2431	1322	429
rnbqkbnr/pp1ppppp/8/2p5/2P5/5N2/PP1PPPPP/RNBQKB1R b	2430	2035	1150
rnbqkb1r/pppp1ppp/5n2/4p3/2P5/2N3P1/PP1PPP1P/R1BQKBNR b	2430	1615	538
r1bqkbnr/pppp1ppp/2n5/8/3pP3/2P5/PP3PPP/RNBQKBNR w	2419	1294	263
r1bqkbnr/pp1p1ppp/2n5/1N2p3/4P3/8/PPP2PPP/RNBQKB1R b	2416	2251	1138
rnbqkbnr/pp2pppp/3p4/2p5/4PP2/5N2/PPPP2PP/RNBQKB1R b	2414	1834	347
r1bqkbnr/ppp1pppp/2n5/3p4/8/1P6/PBPPPPPP/RN1QKBNR w	2409	1438	418
rnbqkbnr/ppp1pppp/8/3p4/6P1/8/PPPPPPBP/RNBQK1NR b	2405	1602	384
r1bqkbnr/pp1p1ppp/2n1p3/2p5/3PP3/2N2N2/PPP2PPP/R1BQKB1R b	2400	1736	546
rnbqkbnr/ppp2ppp/8/3Pp3/5P2/8/PPPP2PP/RNBQKBNR b	2398	1945	506
rnbqkb1r/ppp1pppp/3p1n2/8/3P1B2/4P3/PPP2PPP/RN1QKBNR b	2397	1478	426
rnb1kb1r/ppp1pppp/5n2/q7/8/2N2N2/PPPP1PPP/R1BQKB1R w	2393	1378	350
rn1qkbnr/ppp1pppp/8/3p1b2/2PP4/2N5/PP2PPPP/R1BQKBNR b	2388	1446	236
rnbqkb1r/pp2pppp/2p2n2/8/4N3/5N2/PPPP1PPP/R1BQKB1R w	2381	1925	1076
rnbqkbnr/pppppppp/8/8/8/7P/PPPPPPP1/RNBQKBNR b	2379	951	402
rnbqkbnr/pp1ppppp/2p5/8/8/1P6/P1PPPPPP/RNBQKBNR w	2376	1884	927
rnbqkb1r/ppp1pppp/3p1n2/8/2B1P3/8/PPPP1PPP/RNBQK1NR w	2373	1062	193
rnbqkb1r/ppp1pppp/5n2/3p2B1/3P4/2N5/PPP1PPPP/R2QKBNR b	2373	1361	621
rnb1kbnr/ppp1pppp/8/8/4P3/8/PPP2PPP/RNBqKBNR w	2371	1132	334
rnb1kbnr/ppp1pppp/8/8/4P3/8/PPP2PPP/RNBK1BNR b	2368	1131	334
rnbqk1nr/ppppppbp/6p1/8/3P1B2/5N2/PPP1PPPP/RN1QKB1R b	2366	1446	476
r1bqkb1r/pp2pppp/2n2n2/3p4/3P4/2N2N2/PPP2PPP/R1BQKB1R w	2365	1510	523
r1b1kbnr/ppp1pppp/2n5/3q4/3P4/8/PPP2PPP/RNBQKBNR w	2361	1469	427
rnbqkb1r/pp1ppppp/5n2/2p5/3P4/5N2/PPP1PPPP/RNBQKB1R w	2359	2157	1483
r1bqkbnr/pp1ppp1p/2n3p1/2p5/4P3/2N2N2/PPPP1PPP/R1BQKB1R w	2359	1612	647
r1bqkbnr/2pp1ppp/p1n5/1p2p3/B3P3/5N2/PPPP1PPP/RNBQK2R w	2358	1059	240
r1bqkbnr/pp2pppp/2np4/2p5/4PP2/5N2/PPPP2PP/RNBQKB1R w	2357	1810	296
r1bqk1nr/pppp1ppp/2n5/1Bb1p3/4P3/2N2N2/PPPP1PPP/R1BQK2R b	2355	836	166
r1bqkbnr/2pp1ppp/p1n5/1p2p3/4P3/1B3N2/PPPP1PPP/RNBQK2R b	2353	1053	237
rnbqkbnr/ppp2ppp/3pp3/8/2PP4/8/PP2PPPP/RNBQKBNR w	2352	1417	300
r1bqkbnr/pp1p1ppp/2n1p3/2p5/3PP3/2P2N2/PP3PPP/RNBQKB1R b	2352	1590	343
rnbqk2r/ppp2ppp/3bpn2/3p4/3P4/4PNB1/PPP2PPP/RN1QKB1R b	2352	1625	601
r1bqkbnr/pp1p1ppp/2n1p3/2p5/4PP2/5N2/PPPP2PP/RNBQKB1R w	2349	1747	285
rnbqkb1r/pp2pppp/2p2n2/3p4/3P1B2/5N2/PPP1PPPP/RN1QKB1R w	2348	1875	854
rnbqkbnr/pp3ppp/4p3/2pp4/3P4/4PN2/PPP2PPP/RNBQKB1R w	2347	1350	332
rn1qkbnr/pbpp1ppp/1p2p3/8/2PP4/2N5/PP2PPPP/R1BQKBNR w	2344	1823	654
rnbqkbnr/ppp1pppp/3p4/8/4P3/3P4/PPP2PPP/RNBQKBNR b	2342	1228	452
rnbqkbnr/pp3ppp/2p1p3/3p4/3PP3/2N5/PPP2PPP/R1BQKBNR w	2342	1631	510
rnbqkbnr/pp2pppp/3p4/8/3pP3/2P5/PP3PPP/RNBQKBNR w	2338	1779	606
rnbqkb1r/pppp1ppp/4pn2/8/3PP3/2N5/PPP2PPP/R1BQKBNR b	2336	1543	607
rnbqkbnr/pp1p1ppp/4p3/2pP4/2P5/8/PP2PPPP/RNBQKBNR b	2335	1768	608
r1bqkbnr/pp3ppp/2n1p3/3pP3/3P4/5N2/PP3PPP/RNBQKB1R b	2329	1751	543
rnbqkbnr/pppppp1p/6p1/8/3P4/2N5/PPP1PPPP/R1BQKBNR b	2317	1532	588
rnbqkb1r/ppp1pppp/8/3n4/3P4/8/PPP2PPP/RNBQKBNR w	2316	1858	667
rnbqkb1r/ppp2ppp/4pn2/3p4/2PP4/5NP1/PP2PP1P/RNBQKB1R b	2314	2075	1340
rnbqkbnr/pp1p1ppp/4p3/8/3pP3/2P5/PP3PPP/RNBQKBNR w	2312	1744	584
r1bqkbnr/pp1p1ppp/2n1p3/2p5/2B1P3/2N5/PPPP1PPP/R1BQK1NR w	2310	1606	426
r1bqkbnr/ppp1pppp/2n5/8/2pP4/2N5/PP2PPPP/R1BQKBNR w	2309	1020	177
rnbqkbnr/pp1p1ppp/4p3/2p5/3P4/5N2/PPP1PPPP/RNBQKB1R w	2305	1522	535
rnbqkb1r/pp1p1ppp/4pn2/8/3NP3/8/PPP2PPP/RNBQKB1R w	2296	2071	1144
rnbqk1nr/ppppppbp/6p1/8/2PPP3/8/PP3PPP/RNBQKBNR b	2288	1725	566
rnbqkbnr/pp2pppp/2p5/8/2pP4/2N5/PP2PPPP/R1BQKBNR w	2283	1481	453
rnbqkb1r/pppp2pp/4pn2/5p2/2PP4/2N5/PP2PPPP/R1BQKBNR w	2280	1910	756
rnbqkb1r/ppp2ppp/4pn2/3p2B1/3P4/5N2/PPP1PPPP/RN1QKB1R w	2278	1855	782
r1bqkbnr/pp1ppppp/2n5/8/2PQ4/8/PP2PPPP/RNB1KBNR w	2276	1861	853
rnbqkbnr/pppp1ppp/8/8/2B1P3/8/Pp3PPP/RNBQK1NR w	2276	1113	173
rnbqkbnr/pp2pppp/2p5/3p4/4P3/3P1N2/PPP2PPP/RNBQKB1R b	2273	1350	524
rnbqk1nr/ppppppbp/6p1/8/4P3/3P4/PPP2PPP/RNBQKBNR w	2272	1353	431
rnbqkbnr/pp3ppp/2p1p3/3pP3/3P4/8/PPP2PPP/RNBQKBNR w	2272	1205	335
r1bqkbnr/pppp1ppp/2n5/8/2PQ4/8/PP2PPPP/RNB1KBNR w	2271	1351	341
rnbqkb1r/pppp1ppp/5n2/4p3/3PP3/8/PPP2PPP/RNBQKBNR w	2266	907	230
rnbqkb1r/ppp1pppp/5n2/3p2B1/3P4/8/PPP1PPPP/RN1QKBNR w	2265	1754	683
rnbqkbnr/pppp1ppp/8/8/2B1P3/8/PB3PPP/RN1QK1NR b	2261	1103	172
rnbqkb1r/pp2pppp/2p2n2/3p4/2PP4/2N1P3/PP3PPP/R1BQKBNR b	2260	1713	694
rnbqkbnr/ppp2ppp/4p3/3p4/8/5NP1/PPPPPP1P/RNBQKB1R w	2255	1695	945
rnbqkb1r/pppp1ppp/5n2/4P3/2P5/8/PP2PPPP/RNBQKBNR b	2255	1942	879
rnbqkb1r/ppppp1pp/5n2/5p2/2PP4/2N5/PP2PPPP/R1BQKBNR b	2253	1804	649
rnbqkb1r/ppp2ppp/4pn2/3p4/3P4/5NP1/PPP1PP1P/RNBQKB1R w	2243	1918	1044
r1bqkbnr/pp1ppppp/2n5/2p5/4P3/3P1N2/PPP2PPP/RNBQKB1R b	2242	1409	429
rnbqkbnr/pppp1ppp/8/8/3Pp3/5N2/PPP1PPPP/RNBQKB1R w	2235	1491	610
rnbqk1nr/ppppppbp/6p1/8/3PP3/4B3/PPP2PPP/RN1QKBNR b	2232	1779	575
rnbqkbnr/pp1ppppp/8/2p5/4P3/P7/1PPP1PPP/RNBQKBNR b	2230	1746	674
rnbqkbnr/pp1ppppp/8/8/3p4/2P5/PP2PPPP/RNBQKBNR w	2229	1818	1010
r1b1kbnr/ppppqppp/2n5/4P3/5B2/5N2/PPP1PPPP/RN1QKB1R b	2229	920	191
rn1qkbnr/pbpppppp/1p6/8/3P1B2/8/PPP1PPPP/RN1QKBNR w	2226	1175	253
rnbqkbnr/1ppppppp/p7/8/3PP3/8/PPP2PPP/RNBQKBNR b	2224	1313	449
rnbqkbnr/pp2pppp/2p5/3p4/8/5NP1/PPPPPP1P/RNBQKB1R w	2221	1901	1273
rnbqkbnr/pp3ppp/8/2pp4/3P4/5N2/PPP2PPP/RNBQKB1R w	2220	1350	306
rn1qk1nr/pbppppbp/1p4p1/8/3PP3/2N2N2/PPP2PPP/R1BQKB1R w	2220	1154	215
rnbqkbnr/p1pppppp/1p6/8/2P5/8/PP1PPPPP/RNBQKBNR w	2218	1634	660
rnbqkbnr/pp1ppppp/2p5/8/8/1P6/PBPPPPPP/RN1QKBNR b	2211	1763	873
r2qkbnr/pp2pppp/2n5/3p4/3P2b1/2N2N2/PPP2PPP/R1BQKB1R w	2209	1144	187
r1bqkbnr/pp1ppppp/2n5/2p5/3PP3/8/PPP2PPP/RNBQKBNR w	2207	1480	553
r1bqk2r/pp1pppbp/2n2np1/8/3NP3/2N1B3/PPP2PPP/R2QKB1R w	2207	2012	1070
rnbqkb1r/pppppp1p/5np1/8/8/5NP1/PPPPPPBP/RNBQK2R b	2203	1966	1409
r1bqkbnr/pp1p1ppp/2n1p3/2p5/2B1P3/5N2/PPPP1PPP/RNBQ1RK1 b	2200	1294	222
rnbqkbnr/ppp2ppp/8/4p3/4P3/8/PPP2PPP/RNBQKBNR w	2196	1015	280
rnbqkbnr/ppp1pppp/3p4/8/8/6P1/PPPPPP1P/RNBQKBNR w	2194	1611	760
r1bqkbnr/ppp2ppp/2np4/8/2BpP3/5N2/PPP2PPP/RNBQK2R w	2194	1319	253
rnbqk2r/ppppppbp/5np1/8/8/5NP1/PPPPPPBP/RNBQ1RK1 b	2193	1951	1415
r1bqkbnr/pp1ppppp/2n5/8/4P3/2N2N2/PP3PPP/R1BQKB1R b	2193	1801	666
rnbqkb1r/pppppppp/5n2/8/2P5/6P1/PP1PPP1P/RNBQKBNR b	2192	1855	1058
rnbqkbnr/pp2pppp/8/2pp4/8/1P6/PBPPPPPP/RN1QKBNR w	2189	1803	822
rnbqkb1r/ppp2ppp/4pn2/3p4/8/5NP1/PPPPPPBP/RNBQ1RK1 b	2185	1889	1324
rnbqkbnr/ppp1pppp/8/8/8/2N5/PP1PPPPP/R1BQKBNR w	2184	1361	334
rnbqkbnr/ppp2ppp/4p3/3p4/3P4/2P5/PP2PPPP/RNBQKBNR w	2183	1405	583
rnb1kbnr/pp2pppp/2p5/q7/3P4/2N5/PPP2PPP/R1BQKBNR w	2181	1500	411
r1bqkbnr/pp1ppppp/2n5/8/4P3/2N5/PP3PPP/R1BQKBNR w	2180	1771	643
rn1qkbnr/ppp2ppp/4p3/3p1b2/3P1B2/4PN2/PPP2PPP/RN1QKB1R b	2177	1115	195
r1bqk1nr/pppp1ppp/2n5/2b5/3NP3/4B3/PPP2PPP/RN1QKB1R b	2177	1483	401
rnbqkbnr/pp3ppp/2p1p3/3pP3/3P4/5N2/PPP2PPP/RNBQKB1R b	2173	1116	183
rn1qkbnr/pbpp1ppp/1p2p3/8/3PP3/3B4/PPP2PPP/RNBQK1NR w	2168	1849	729
rnbqkbnr/1p1p1ppp/p3p3/2p5/4P3/2N2N2/PPPP1PPP/R1BQKB1R w	2165	1482	573
rnbqk2r/ppp2ppp/3b1n2/3p4/3P4/3B1N2/PPP2PPP/RNBQK2R w	2162	1945	803
rnbq1rk1/ppp1ppbp/3p1np1/8/2PPP3/2N2N2/PP2BPPP/R1BQK2R b	2159	1999	1264
rnbqk1nr/ppppppbp/6p1/8/8/5NP1/PPPPPPBP/RNBQK2R b	2158	1772	1055
r1bqkb1r/pppp1ppp/2n2n2/8/3pP3/2P2N2/PP3PPP/RNBQKB1R w	2154	814	176
rnbqkbnr/pp2pppp/3p4/8/3PP3/8/PP3PPP/RNBQKBNR b	2152	1625	544
rnbqkbnr/pp2pppp/8/3P4/8/8/PP1P1PPP/RNBQKBNR b	2148	1745	806
rn1qkbnr/ppp1pppp/8/3pPb2/3P4/8/PPP2PPP/RNBQKBNR b	2147	1030	172
rnbqk1nr/ppp1ppbp/3p2p1/8/4P3/2N2N2/PPPP1PPP/R1BQKB1R w	2147	1337	508
r1bqkb1r/pppp1ppp/2N2n2/8/4P3/8/PPP2PPP/RNBQKB1R b	2147	1189	496
rnbqkb1r/ppp1pp1p/3p1np1/8/2PPP3/2N5/PP3PPP/R1BQKBNR b	2145	1826	949
r1bqk2r/ppppbppp/2n2n2/4p3/2B1P3/3P1N2/PPP2PPP/RNBQK2R w	2141	1383	433
rnbqkbnr/pp3ppp/4p3/3pP3/3P4/8/PP3PPP/RNBQKBNR b	2139	1538	438
rn1qkbnr/pp2pppp/2p5/3pP3/3P4/3b4/PPP2PPP/RNBQK1NR w	2137	1424	391
r1bqkbnr/pp2pppp/2np4/2p5/4P3/2P2N2/PP1P1PPP/RNBQKB1R w	2129	1449	288
r1bqk1nr/pppp1ppp/2n5/4p3/1bB1P3/5N2/P1PP1PPP/RNBQK2R w	2129	1424	388
rnbqkb1r/pppp1ppp/5n2/4p3/4P3/2NP4/PPP2PPP/R1BQKBNR b	2128	987	230
r1bqk2r/pppp1ppp/2n2n2/2b1p3/2B1P3/2NP4/PPP2PPP/R1BQK1NR w	2126	1203	372
r1bqkbnr/pp1p1ppp/2n1p3/8/3PP3/5N2/PP3PPP/RNBQKB1R b	2122	1451	284
rnbqkbnr/ppppp1pp/8/5P2/8/8/PPPP1PPP/RNBQKBNR b	2117	1378	388
rnbqkbnr/ppp2ppp/4P3/8/8/8/PPPP1PPP/RNBQKBNR b	2114	1278	267
r1bqk1nr/pppp1ppp/2n5/4p3/1bB1P3/2P2N2/P2P1PPP/RNBQK2R b	2113	1416	388
rnbqkbnr/ppp1pppp/3p4/8/8/1P6/P1PPPPPP/RNBQKBNR w	2112	1588	768
r1bqkbnr/pppp1ppp/2n5/4p3/8/6P1/PPPPPPBP/RNBQK1NR w	2112	999	305
r1bqkbnr/pp1ppp1p/2n3p1/2p5/2B1P3/5N2/PPPP1PPP/RNBQK2R w	2109	1100	168
rnbqkbnr/ppp2ppp/4p3/3p2B1/3P4/5N2/PPP1PPPP/RN1QKB1R b	2105	1610	604
rnbqk1nr/ppppppbp/6p1/8/3P4/2N5/PPP1PPPP/R1BQKBNR w	2102	1406	546
rnbqkbnr/ppppp1pp/5p2/8/4P3/8/PPPP1PPP/RNBQKBNR w	2101	1072	332
rnbqkbnr/ppp2ppp/4p3/3p4/3P4/5NP1/PPP1PP1P/RNBQKB1R b	2098	1609	737
rn2kbnr/ppp1pppp/8/3q4/6b1/5N2/PPPPBPPP/RNBQK2R b	2098	1584	409
rnbqkbnr/ppp1pppp/8/3p4/1P6/8/PBPPPPPP/RN1QKBNR b	2093	1319	270
rnbqkb1r/ppp1pppp/8/3n4/3PP3/8/PP3PPP/RNBQKBNR b	2091	1365	362
r1bqk1nr/pppp1ppp/2n5/2b5/2BpP3/2P2N2/PP3PPP/RNBQK2R b	2090	1249	252
rnbqkbnr/pp2pppp/2p5/3p4/3P1B2/2N5/PPP1PPPP/R2QKBNR b	2089	1269	484
rnbqkbnr/pp1p1ppp/4p3/8/3PP3/8/PP3PPP/RNBQKBNR b	2088	1553	502
r1bqkbnr/ppp1pppp/2n5/3p4/2PP4/2N5/PP2PPPP/R1BQKBNR b	2086	1219	262
rnbqk1nr/ppp1ppbp/3p2p1/8/2BPP3/5N2/PPP2PPP/RNBQK2R b	2085	1403	417
r1bqkbnr/pp1ppppp/8/8/3QP3/8/PPP2PPP/RNB1KB1R b	2085	1161	178
rnbqkbnr/ppppp1pp/8/5p2/3P1B2/8/PPP1PPPP/RN1QKBNR b	2084	1211	288
rnbqkbnr/ppp2ppp/3p4/4p3/2P5/2N5/PP1PPPPP/R1BQKBNR w	2083	1395	456
rnbqkbnr/pp1ppp1p/6p1/8/3NP3/8/PPP2PPP/RNBQKB1R b	2083	1755	765
rnbqkbnr/ppp1pppp/8/8/2pP4/5N2/PP2PPPP/RNBQKB1R b	2077	1251	403
rnbqkbnr/ppp1pppp/3p4/8/2P5/2N5/PP1PPPPP/R1BQKBNR b	2076	1508	660
rnbqkb1r/pp2pppp/2p2n2/3p4/8/5NP1/PPPPPPBP/RNBQK2R w	2075	1892	1334
r1bqkbnr/pppnpppp/3p4/8/3PP3/8/PPP2PPP/RNBQKBNR w	2074	1622	705
rnbqk1nr/ppp2ppp/3bp3/3p4/3P1B2/5N2/PPP1PPPP/RN1QKB1R w	2071	1151	270
rn1qkbnr/pp2pppp/2p5/3pP3/3P4/3Q4/PPP2PPP/RNB1K1NR b	2069	1382	376
r1bqkbnr/ppp2ppp/2np4/4P3/8/5N2/PPP1PPPP/RNBQKB1R w	2066	1271	505
rnbqkb1r/pp2pppp/2p2n2/3p4/2PP4/4PN2/PP3PPP/RNBQKB1R b	2060	1637	777
rnbqkb1r/p2ppppp/5n2/1ppP4/2P5/8/PP2PPPP/RNBQKBNR w	2056	1920	1213
rnbqkb1r/ppp1pppp/3p1n2/8/2PP4/5N2/PP2PPPP/RNBQKB1R b	2045	1635	926
r1bqkbnr/ppp2ppp/2np4/4p3/3PP3/2N2N2/PPP2PPP/R1BQKB1R b	2041	895	225
rnbqkbnr/pp2pppp/2p5/3P4/4P3/8/PP1P1PPP/RNBQKBNR b	2040	1620	704
rn1qkbnr/pp2pppp/2p5/3pPb2/5P2/8/PPPP2PP/RNBQKBNR w	2040	1502	322
r1bqkbnr/pp2pppp/2n5/1B1p4/3P4/5N2/PPP2PPP/RNBQK2R b	2039	1175	267
rnbqkbnr/pp1p1ppp/4p3/2p5/4P3/3P4/PPP2PPP/RNBQKBNR w	2034	1269	422
rnbqkbnr/ppp2ppp/4p3/8/3P4/2N5/PPP2PPP/R1BQKBNR w	2034	1140	219
rnbqkbnr/pp3ppp/4p3/2pp4/3P1B2/4P3/PPP2PPP/RN1QKBNR w	2033	1091	225
rnbqkbnr/pp2pppp/8/3p4/4P3/8/PP1P1PPP/RNBQKBNR w	2031	1613	701
rnbqkbnr/ppp1pppp/8/8/3P4/5N2/PPP2PPP/RNBQKB1R b	2031	1584	503
rnbqkbnr/pp2pppp/2pp4/8/2PP4/8/PP2PPPP/RNBQKBNR w	2029	1645	750
rnbqkb1r/ppp1pppp/5n2/6N1/4p3/3P4/PPP2PPP/RNBQKB1R b	2026	1190	251
rnbqkb1r/1p2pppp/p2p1n2/6B1/3NP3/2N5/PPP2PPP/R2QKB1R b	2026	1797	999
rnbqkbnr/pp3ppp/4p3/2ppP3/5P2/5N2/PPPP2PP/RNBQKB1R b	2023	1710	466
rn1qkb1r/pp2pppp/2p2n2/3p1b2/2PP4/2N2N2/PP2PPPP/R1BQKB1R w	2023	1632	654
rnbqk2r/ppp1bppp/3p1n2/8/3NP3/2N5/PPP2PPP/R1BQKB1R w	2018	1484	442
rnbqkb1r/pp2pppp/2p2n2/3P4/2P5/8/PP1P1PPP/RNBQKBNR w	2015	1523	445
rnbqkbnr/ppp2ppp/3p4/4P3/8/5N2/PPP1PPPP/RNBQKB1R b	2014	1297	523
rn1qkbnr/pp2pppp/2p5/3p1b2/2PP4/2N5/PP2PPPP/R1BQKBNR w	2007	1239	170
rnbqkb1r/ppp2ppp/4pn2/8/3PN3/8/PPP2PPP/R1BQKBNR w	2004	1684	762
rnbqkbnr/pp1ppppp/8/8/3P4/8/PP2PPPP/RNBQKBNR b	2001	1639	915
rnbqkbnr/pp3ppp/2p5/3p4/3P4/5N2/PPP2PPP/RNBQKB1R w	1998	1579	538
rnbqk1nr/ppp1ppbp/3p2p1/8/2PP4/2N2N2/PP2PPPP/R1BQKB1R b	1996	1597	729
rnbqkbnr/ppp1pppp/8/3p4/4P3/5P2/PPPP2PP/RNBQKBNR b	1992	637	198
rnb1kbnr/ppp1pppp/3q4/8/8/2N2N2/PPPP1PPP/R1BQKB1R b	1991	1206	389
rnbqkbnr/ppp1pp1p/3p2p1/8/3PP3/2N5/PPP2PPP/R1BQKBNR b	1990	1610	967
rn1qkb1r/ppp1pppp/5n2/3p1b2/3P4/4PN2/PPP2PPP/RNBQKB1R w	1989	1234	344
rnbqkbnr/pp2pppp/2p5/3p4/3PP3/8/PPPN1PPP/R1BQKBNR b	1988	1791	1046
r1bqkb1r/pppp1ppp/2n2n2/4P3/2Bp4/5N2/PPP2PPP/RNBQK2R b	1988	1353	453
r1b1kbnr/pppp1ppp/2n5/4P3/1q3B2/5N2/PPP1PPPP/RN1QKB1R w	1987	856	178
rnbqkb1r/pppppp1p/5np1/8/3P1B2/2N5/PPP1PPPP/R2QKBNR b	1985	1354	573
rnbqkbnr/pp2pppp/3p4/2p5/4P3/3P4/PPP2PPP/RNBQKBNR w	1982	1199	361
r1bqkb1r/pppp1ppp/2n2n2/4p3/4P3/2NP4/PPP2PPP/R1BQKBNR w	1981	915	235
rnbqkbnr/pp1ppppp/8/2p5/8/3P4/PPP1PPPP/RNBQKBNR w	1980	1421	581
rnbqkbnr/ppp1pppp/3p4/8/8/6P1/PPPPPPBP/RNBQK1NR b	1980	1470	693
rnbqk1nr/ppppppbp/6p1/8/3PPP2/8/PPP3PP/RNBQKBNR b	1978	1616	455
r1bqkbnr/pppp1ppp/2n5/4P3/4P3/8/PPP2PPP/RNBQKBNR b	1977	1025	469
rnbqk2r/ppp1ppbp/3p1np1/8/2BPP3/2N2N2/PPP2PPP/R1BQK2R b	1974	1203	380
rnbqkb1r/pp2pppp/5n2/3p4/3P4/2N2N2/PP2PPPP/R1BQKB1R b	1973	1763	1073
r1bqkbnr/pp2pppp/2n5/3p4/3P4/3B4/PPP2PPP/RNBQK1NR w	1972	1745	937
rnbqkbnr/ppp1pppp/3p4/8/8/1P6/PBPPPPPP/RN1QKBNR b	1969	1497	738
r2qkbnr/ppp1pppp/2n5/3pPb2/3P4/8/PPP2PPP/RNBQKBNR w	1967	1018	278
r1bqkbnr/pp1ppppp/2n5/8/2P5/8/PP2PPPP/RNBQKBNR b	1966	1642	752
rnbqkb1r/ppppp1pp/5n2/5p2/3P4/5N2/PPP1PPPP/RNBQKB1R w	1963	1506	655
rnbqkb1r/pp2pppp/5n2/3p4/3P4/3B1N2/PPP2PPP/RNBQK2R b	1962	1668	743
rnbqkbnr/pp1p1ppp/4p3/2pP4/8/8/PPP1PPPP/RNBQKBNR w	1958	1495	594
rnbqkb1r/ppp1pppp/8/3n4/8/5N2/PPPP1PPP/RNBQKB1R w	1953	1349	375
rnbqkb1r/pppp1ppp/5n2/8/3pP3/5N2/PPP2PPP/RNBQKB1R w	1951	905	166
rnbqkbnr/ppp2ppp/4p3/3p4/3P4/3BP3/PPP2PPP/RNBQK1NR b	1945	1153	278
rnbqk2r/ppppnpbp/4p1p1/8/3PP3/2N2N2/PPP2PPP/R1BQKB1R w	1941	1146	280
r1bqk2r/pppp1ppp/2n2n2/8/1b1NP3/2N5/PPP2PPP/R1BQKB1R w	1941	1255	530
r1bqk2r/pppp1ppp/2n2n2/8/1bBPP3/5N2/PP3PPP/RNBQK2R w	1936	1022	249
rnbqkbnr/ppp1pppp/8/3p4/8/2N2N2/PPPPPPPP/R1BQKB1R b	1935	773	246
rnbqkbnr/ppp2ppp/8/3pP3/2P5/8/PP2PPPP/RNBQKBNR b	1935	1355	435
rnbqkb1r/pppppp1p/5np1/8/8/5NP1/PPPPPP1P/RNBQKB1R w	1931	1743	1301
rnbqkbnr/p1pppppp/1p6/8/3P4/4P3/PPP2PPP/RNBQKBNR b	1925	1116	342
rnbQkbnr/ppp2ppp/8/4p3/4P3/8/PPP2PPP/RNB1KBNR b	1923	919	262
rnbk1bnr/ppp2ppp/8/4p3/4P3/8/PPP2PPP/RNB1KBNR w	1922	918	262
rnbqkb1r/pppp1ppp/8/4P3/2P3n1/8/PP2PPPP/RNBQKBNR w	1920	1666	745
rn1qkbnr/pbpppppp/1p6/8/4P3/3P1N2/PPP2PPP/RNBQKB1R b	1916	1060	233
rnbqkb1r/ppp1pppp/5n2/6N1/4p3/2N5/PPPP1PPP/R1BQKB1R b	1916	1368	421
rn1qkbnr/pp3ppp/2p1p3/3pP3/3P4/3Q4/PPP2PPP/RNB1K1NR w	1913	1292	342
rnbqkb1r/pppppp1p/5np1/8/3PP3/2N5/PPP2PPP/R1BQKBNR b	1909	1268	557
rnbqkb1r/ppp1pp1p/3p1np1/8/2PP4/2N2N2/PP2PPPP/R1BQKB1R b	1907	1547	742
rn1qkbnr/ppp2ppp/4b3/8/8/8/PPPP1PPP/RNBQKBNR w	1904	1194	256
r1bqkbnr/ppp1pppp/2n5/3p4/4P3/5N2/PPPP1PPP/RNBQKB1R w	1901	1089	366
rnbqkbnr/pppp1ppp/4p3/8/5P2/5N2/PPPPP1PP/RNBQKB1R b	1898	1353	468
rnbqkbnr/pppp1ppp/8/4p3/3P4/2N5/PPP1PPPP/R1BQKBNR b	1888	833	250
rnbqkb1r/ppp2ppp/4pn2/3p2B1/3PP3/2N5/PPP2PPP/R2QKBNR b	1888	1703	1035
r1bqkbnr/pp2pppp/2np4/1Bp5/4P3/5N2/PPPP1PPP/RNBQK2R w	1886	1337	484
rnbqkbnr/pppp1ppp/4p3/8/8/2N5/PPPPPPPP/R1BQKBNR w	1885	1256	518
rnbqkb1r/ppp2ppp/4pn2/3p4/3P4/3BP3/PPP2PPP/RNBQK1NR w	1885	1269	373
rnbqkb1r/pp2pppp/2p2n2/3p2B1/2PP4/2N5/PP2PPPP/R2QKBNR b	1885	1408	407
rnbqkbnr/pp1ppppp/8/2p1P3/8/8/PPPP1PPP/RNBQKBNR b	1884	849	231
rnbqkbnr/ppp2ppp/8/3pp3/4P3/3P4/PPP2PPP/RNBQKBNR w	1883	690	177
rnbqkb1r/pppp1ppp/4pn2/8/8/1P6/PBPPPPPP/RN1QKBNR w	1882	1588	866
rnbqkbnr/pp1ppppp/2p5/8/3P4/2N5/PPP1PPPP/R1BQKBNR b	1881	1299	602
rnbqkb1r/pppp1ppp/4pn2/8/3PP3/8/PPP2PPP/RNBQKBNR w	1881	915	228
rnbqkb1r/ppp1pppp/3p1n2/8/3P4/4P3/PPP2PPP/RNBQKBNR w	1881	1192	457
rnbqkbnr/pppp1ppp/4p3/8/3P4/2P5/PP2PPPP/RNBQKBNR b	1880	1315	618
rnbqkbnr/ppp2ppp/4p3/3p4/2P1P3/8/PP1P1PPP/RNBQKBNR w	1880	1591	706
r1bqkbnr/ppp2ppp/2np4/8/3NP3/8/PPP2PPP/RNBQKB1R w	1880	1085	180
rnbqkb1r/ppp2ppp/4pn2/8/2pP4/2N2N2/PP2PPPP/R1BQKB1R w	1876	1400	539
rnbqkb1r/pp3ppp/4pn2/2pp4/3P1B2/2P1PN2/PP3PPP/RN1QKB1R b	1876	1361	424
rnbqkbnr/ppp2ppp/3pp3/8/3PP3/2N5/PPP2PPP/R1BQKBNR b	1874	1129	342
rnbqkbnr/ppp1pppp/3p4/8/3P4/2N5/PPP1PPPP/R1BQKBNR b	1871	1128	522
rnbqkb1r/ppp1pppp/5n2/8/4N3/8/PPPP1PPP/R1BQKBNR w	1871	1365	744
rnbqkb1r/ppp2ppp/3p1n2/4p3/3PP3/2N2N2/PPP2PPP/R1BQKB1R b	1870	995	420
rnbqkb1r/ppp1pppp/3p1n2/8/3P1B2/5N2/PPP1PPPP/RN1QKB1R b	1869	1211	429
r1bqk2r/pppp1ppp/2n2n2/1Bb1p3/4P3/5N2/PPPP1PPP/RNBQ1RK1 w	1869	971	230
rnbqkb1r/pppppppp/5n2/8/3PP3/8/PPP2PPP/RNBQKBNR b	1868	1189	485
r1bqkbnr/pp1p1ppp/2n1p3/8/3pP3/2N2N2/PPP2PPP/R1BQKB1R w	1865	1444	482
rnbqkbnr/ppp2ppp/4p3/3p4/8/1P2P3/PBPP1PPP/RN1QKBNR b	1864	1382	584
rnbqkb1r/pp1ppppp/5n2/2p5/4P3/2P5/PP1P1PPP/RNBQKBNR w	1862	1632	961
r1bqk1nr/ppp2ppp/2np4/2b1p3/2BPP3/2P2N2/PP3PPP/RNBQK2R b	1861	1016	199
r1bqkb1r/p1pp1ppp/2p2n2/8/4P3/8/PPP2PPP/RNBQKB1R w	1858	1085	463
rnbqkb1r/pp3ppp/2p1pn2/3p4/2PP4/2N1PN2/PP3PPP/R1BQKB1R b	1857	1535	720
rnbqkbnr/ppp2ppp/4p3/8/2pPP3/2N5/PP3PPP/R1BQKBNR b	1855	958	167
r1bqkbnr/pp2pppp/2n5/8/8/8/PPPP1PPP/RNBQKBNR w	1854	1272	475
rnbqkbnr/pp2pppp/2pp4/8/3PP3/2N5/PPP2PPP/R1BQKBNR b	1853	1560	886
rnbqkbnr/pp2pppp/8/2pp4/3P4/4PN2/PPP2PPP/RNBQKB1R b	1852	1268	463
rnbqkbnr/ppppppp1/8/7p/4P3/8/PPPP1PPP/RNBQKBNR w	1849	827	222
rnbqkbnr/ppp2ppp/8/3pp3/8/3P2P1/PPP1PPBP/RNBQK1NR b	1848	1154	256
rnbqkbnr/pppp2pp/4p3/5p2/2PP4/8/PP2PPPP/RNBQKBNR w	1846	1509	686
rnbqkbnr/pp3ppp/4p3/2pp4/3PP3/5N2/PPP2PPP/RNBQKB1R w	1843	1144	270
rnbqkbnr/ppp2ppp/8/3pN3/4P3/8/PPPP1PPP/RNBQKB1R b	1842	1100	385
rnbqkb1r/pp1p1ppp/4pn2/8/3NP3/2N5/PPP2PPP/R1BQKB1R b	1842	1667	954
rnbqkbnr/pp3ppp/4p3/2pp4/2PP4/2N5/PP2PPPP/R1BQKBNR w	1839	1248	456
rn1qkbnr/pp1bpppp/3p4/1Bp5/4P3/5N2/PPPP1PPP/RNBQK2R w	1837	1410	713
rnbqkb1r/pp2pppp/5n2/2pp4/3P1B2/4P3/PPP2PPP/RN1QKBNR w	1835	1386	717
r1bqkbnr/ppp1pppp/2np4/8/4P3/5N2/PPPP1PPP/RNBQKB1R w	1834	929	323
rnbqkbnr/pppp2pp/5p2/4P3/8/8/PPP1PPPP/RNBQKBNR w	1833	831	184
r1bqk2r/pppp1ppp/2n2n2/2b1p3/2B1P3/2P2N2/PP1P1PPP/RNBQ1RK1 b	1833	1128	246
r1bqk1nr/ppp2ppp/2np4/2b5/2BpP3/2P2N2/PP3PPP/RNBQK2R w	1832	1056	210
rnbqkbnr/pp2pppp/2p5/3pP3/8/8/PPPP1PPP/RNBQKBNR w	1831	1021	352
rnbqkbnr/pp2pppp/8/2pp4/3P1B2/4P3/PPP2PPP/RN1QKBNR b	1830	1188	431
rnbqk1nr/ppp1ppbp/3p2p1/8/2B1P3/5N2/PPPP1PPP/RNBQK2R w	1830	889	174
rnbqkbnr/pp2pppp/8/2pP4/8/2P5/PP1P1PPP/RNBQKBNR b	1828	1688	927
rnbqkb1r/ppp2ppp/4pn2/3p4/8/1P2P3/PBPP1PPP/RN1QKBNR w	1823	1519	721
r1bqkbnr/pp2pppp/2n5/3p4/3P4/3B1N2/PPP2PPP/RNBQK2R b	1823	1545	653
r1bqkbnr/pppp1ppp/2n5/8/4P3/2p2N2/PP3PPP/RNBQKB1R w	1822	1086	290
rnbqk1nr/ppppppbp/6p1/8/4PP2/5N2/PPPP2PP/RNBQKB1R b	1819	1357	330
rnbqkb1r/pp1ppppp/5n2/2p5/3P1B2/8/PPP1PPPP/RN1QKBNR w	1817	1466	686
rnbqk1nr/ppp2ppp/3b4/8/8/5N2/PPP1PPPP/RNBQKB1R b	1817	1143	234
rnbqkbnr/pp1ppppp/8/2p5/5P2/5N2/PPPPP1PP/RNBQKB1R b	1816	1473	593
rnbqk1nr/ppp2ppp/4p3/3p4/1bPP4/2N5/PP2PPPP/R1BQKBNR w	1812	1077	169
rnbqkbnr/ppp2ppp/4p3/3p4/5P2/5N2/PPPPP1PP/RNBQKB1R w	1811	1341	428
rn1qkbnr/pp3ppp/2p1p3/3pP3/3P4/3Q1N2/PPP2PPP/RNB1K2R b	1810	966	169
rn1qkbnr/pbpp1ppp/1p2p3/8/2PPP3/2N5/PP3PPP/R1BQKBNR b	1802	1406	472
rnbqkbnr/pppp1ppp/8/4p3/8/4PN2/PPPP1PPP/RNBQKB1R b	1801	577	194
r1bqk1nr/ppp2ppp/2np4/2b1p3/2B1P3/2NP1N2/PPP2PPP/R1BQK2R b	1799	817	167
r1bqkbnr/ppp2ppp/2n5/1B1pp3/8/1P2P3/PBPP1PPP/RN1QK1NR b	1797	1085	279
rnbqkbnr/1ppppppp/p7/8/3P4/8/PPP1PPPP/RNBQKBNR w	1796	1098	457
rnb1kbnr/ppp1pppp/8/q7/2B5/2N5/PPPP1PPP/R1BQK1NR b	1794	1216	361
rn1qkb1r/ppp1pppp/5n2/3p4/3P2b1/4PN2/PPP2PPP/RNBQKB1R w	1791	1061	285
r1bqkb1r/pp1p1ppp/2n2n2/4p3/3NP3/2N5/PPP2PPP/R1BQKB1R w	1791	1602	936
rn1qkbnr/pp2pppp/2p5/3pPb2/3P1P2/8/PPP3PP/RNBQKBNR b	1789	1130	172
rnbqkbnr/pp2pppp/3p4/2p5/3PP3/8/PPP2PPP/RNBQKBNR w	1786	1144	493
r1bqkbnr/pppp1ppp/2n5/4p3/3PP3/2P5/PP3PPP/RNBQKBNR b	1782	961	198
rnbqkb1r/pp2pppp/5n2/3p4/2PP4/2N5/PP3PPP/R1BQKBNR b	1780	1643	985
rnbqkbnr/pp1ppppp/2p5/4P3/8/8/PPPP1PPP/RNBQKBNR b	1778	986	327
rnbqkbnr/pp1p1ppp/4p3/2p5/4PP2/2N5/PPPP2PP/R1BQKBNR b	1775	1531	733
r1bqkbnr/pppp1ppp/2n5/8/2P5/8/PP2PPPP/RNBQKBNR b	1775	1153	282
r1bqkbnr/pp1ppppp/2n5/8/3pP3/2P2N2/PP3PPP/RNBQKB1R b	1773	1522	689
rnbqkbnr/ppp1pppp/8/8/3Pp3/5P2/PPP3PP/RNBQKBNR b	1772	1025	256
rnbqkbnr/pp3ppp/4p3/2pp4/3P1B2/5N2/PPP1PPPP/RN1QKB1R w	1772	977	197
rnbqkb1r/ppp1pppp/5n2/8/3P4/2N2N2/PPP3PP/R1BQKB1R b	1761	1148	373
rnbqkbnr/pp1ppppp/8/2p5/3P1B2/8/PPP1PPPP/RN1QKBNR b	1760	1191	377
rnb1kb1r/ppp1pppp/5n2/q7/3P4/2N2N2/PPP2PPP/R1BQKB1R b	1755	1181	411
rn1qkbnr/ppp1pppp/8/5bN1/4p3/8/PPPP1PPP/RNBQKB1R w	1753	980	207
rnbqkbnr/p1pppppp/1p6/8/8/4P3/PPPP1PPP/RNBQKBNR w	1750	985	305
rnbqkb1r/ppp1pppp/5n2/3p4/3PP3/2N5/PPP2PPP/R1BQKBNR b	1750	1069	379
r1bqkbnr/pppp1ppp/8/4n3/4P3/8/PPP2PPP/RNBQKBNR w	1750	852	385
rnbqkb1r/ppp1pppp/5n2/3pP3/8/2N5/PPPP1PPP/R1BQKBNR b	1749	1354	671
rnbqkb1r/ppp1pppp/1n1P4/8/2PP4/8/PP3PPP/RNBQKBNR b	1749	1610	890
rnbqkb1r/ppp2ppp/5n2/3p4/3P4/2N2N2/PP2PPPP/R1BQKB1R b	1745	1440	656
rnbqkbnr/ppp1pppp/8/3p4/2P5/4P3/PP1P1PPP/RNBQKBNR b	1744	989	262
r1bqkbnr/pp3ppp/2n1p3/3pP3/3P4/8/PP3PPP/RNBQKBNR w	1744	1320	414
rnbqk1nr/pppp1pbp/4p1p1/8/2PP4/2N5/PP2PPPP/R1BQKBNR w	1743	1272	279
r1bqk1nr/pppp1ppp/2n5/1Bb1p3/4P3/2P2N2/PP1P1PPP/RNBQK2R b	1742	1058	278
r1bqkbnr/pp1ppppp/2n5/2p5/2P1P3/8/PP1P1PPP/RNBQKBNR w	1740	1052	326
rnbqk2r/ppppppbp/5np1/8/3P1B2/2N5/PPP1PPPP/R2QKBNR w	1740	1090	407
rnbqkbnr/ppp1pp1p/3p2p1/8/2PP4/8/PP2PPPP/RNBQKBNR w	1733	1298	528
rnbq1rk1/ppppppbp/5np1/8/8/5NP1/PPPPPPBP/RNBQ1RK1 w	1732	1546	1169
r1bqk1nr/ppp2ppp/2nb4/8/8/5N2/PPP1PPPP/RNBQKB1R w	1731	1072	322
r1bqkbnr/ppp1pppp/2n5/3p4/5P2/5N2/PPPPP1PP/RNBQKB1R w	1730	1091	259
rnbqkbnr/pppppp1p/8/6p1/4P3/8/PPPP1PPP/RNBQKBNR w	1728	829	183
rnbqk1nr/ppp1ppbp/3p2p1/8/3PP3/2N1B3/PPP2PPP/R2QKBNR b	1728	1606	994
r1bqkbnr/pp2pppp/2n5/3p4/3PP3/8/PP3PPP/RNBQKBNR w	1728	1481	590
r1bqk1nr/ppp2ppp/2np4/2b5/2BPP3/5N2/PP3PPP/RNBQK2R b	1728	1005	201
rnbqkbnr/pp2pppp/2p5/3p4/3P4/2N2N2/PPP1PPPP/R1BQKB1R b	1725	895	289
r1bqkbnr/ppp1pppp/2n5/3p4/8/5NP1/PPPPPP1P/RNBQKB1R w	1719	1008	387
rnbqk1nr/ppp2ppp/3bp3/3p4/3P4/4P1B1/PPP2PPP/RN1QKBNR b	1715	1010	244
rnbqkb1r/ppp1pp1p/3p1np1/8/3PP3/3B4/PPP2PPP/RNBQK1NR w	1714	1311	462
rnbqkbnr/pppp1ppp/8/4P3/8/8/PPPPP1PP/RNBQKBNR b	1711	1305	542
rnbqkb1r/pp3ppp/4pn2/2pp4/2PP4/2N2N2/PP2PPPP/R1BQKB1R w	1710	1340	491
rnbqkb1r/pppppppp/5n2/8/5P2/8/PPPPP1PP/RNBQKBNR w	1709	1306	536
rn1qkbnr/pbpppppp/1p6/8/3P4/4P3/PPP2PPP/RNBQKBNR w	1707	1009	309
rnbqkbnr/ppp2ppp/8/3pp3/8/1P2P3/PBPP1PPP/RN1QKBNR b	1703	932	203
r1bqkbnr/pp1ppp1p/2n3p1/1Bp5/4P3/5N2/PPPP1PPP/RNBQK2R w	1699	1363	761
rnbqkbnr/pp3ppp/4p3/2pp4/3P1B2/4PN2/PPP2PPP/RN1QKB1R b	1695	941	185
r1bqkbnr/pp2pppp/2np4/8/3PP3/5N2/PP3PPP/RNBQKB1R b	1694	1207	249
rnbqk2r/ppp1bppp/4pn2/3p2B1/2PP4/2N1P3/PP3PPP/R2QKBNR b	1693	1436	601
rnbqkbnr/p1pppppp/1p6/8/8/1P6/P1PPPPPP/RNBQKBNR w	1689	1226	540
r1bqkbnr/ppp1pppp/2n5/3p4/3P4/5NP1/PPP1PP1P/RNBQKB1R b	1688	934	263
rnbq1rk1/ppppppbp/5np1/8/3P1B2/4PN2/PPP2PPP/RN1QKB1R w	1688	1045	441
rn1qkbnr/pp2pppp/2p5/3pPb2/3P3P/8/PPP2PP1/RNBQKBNR b	1685	1425	736
rnb1kbnr/pp2pppp/2p5/q7/8/2N2N2/PPPP1PPP/R1BQKB1R w	1685	1055	280
rnb1kbnr/pp2pppp/8/2pq4/8/2P5/PP1P1PPP/RNBQKBNR w	1684	1549	832
r1bqkbnr/pp1p1ppp/2n1p3/8/3pP3/2P2N2/PP3PPP/RNBQKB1R w	1684	1248	273
r1bqk2r/ppp2ppp/2np1n2/2b1p3/2B1P3/3P1N2/PPP2PPP/RNBQ1RK1 w	1682	938	342
rnbqkb1r/ppp2ppp/4pn2/3p4/3PP3/8/PPPN1PPP/R1BQKBNR w	1681	1593	985
rnbqkbnr/pppppp1p/6p1/8/8/3P4/PPP1PPPP/RNBQKBNR w	1680	1161	484
rnbqkbnr/ppp2ppp/8/3pp3/8/1P2P3/P1PP1PPP/RNBQKBNR w	1674	853	181
rn1qkb1r/ppp1pppp/5n2/3p1b2/3P1B2/2N5/PPP1PPPP/R2QKBNR w	1672	763	193
rnbq1rk1/ppppppbp/5np1/8/2PPP3/2N5/PP3PPP/R1BQKBNR w	1670	1388	764
rnbqkbnr/pp3ppp/4p3/2pp4/3PP3/2N5/PPP2PPP/R1BQKBNR w	1669	930	253
rnbqkb1r/pp3ppp/3p1n2/2pP4/8/2N5/PP2PPPP/R1BQKBNR w	1667	1500	875
rnbqkbnr/pp2pppp/3p4/2p5/4PP2/2N5/PPPP2PP/R1BQKBNR b	1664	1411	702
r1bqkb1r/ppp2ppp/2p2n2/8/4P3/3P4/PPP2PPP/RNBQKB1R b	1662	928	176
r1bqkbnr/pp1ppppp/2n5/2p5/4P3/2NP4/PPP2PPP/R1BQKBNR b	1661	1188	447
rnbqkb1r/ppp1pppp/5n2/8/2pP4/5N2/PP2PPPP/RNBQKB1R w	1661	1082	441
r1b1kbnr/ppp1pppp/2n5/3q4/8/5N2/PPPP1PPP/RNBQKB1R w	1659	1041	349
rnbqkb1r/ppp2ppp/4pn2/3P4/2P5/8/PP1P1PPP/RNBQKBNR w	1657	1176	294
rn1qkb1r/pp2pppp/2p2n2/3p4/2PP2b1/2N2N2/PP2PPPP/R1BQKB1R w	1657	1313	460
r1bqk2r/ppp2ppp/2p2n2/2b5/4P3/3P4/PPP2PPP/RNBQKB1R w	1657	928	174
rnbqkbnr/pp2pppp/8/2pp4/8/5NP1/PPPPPPBP/RNBQK2R b	1652	1368	732
rnbqk1nr/ppp1ppbp/3p2p1/8/2PPP3/8/PP3PPP/RNBQKBNR w	1650	1285	439
r1bqk2r/ppp2ppp/2np1n2/2b1p3/2B1P3/2PP1N2/PP3PPP/RNBQK2R w	1649	1127	472
rnbqk1nr/ppppbppp/4p3/8/3PP3/8/PPP2PPP/RNBQKBNR w	1647	1226	461
rnbqkb1r/pp3ppp/2p2p2/8/3P4/5N2/PPP2PPP/R1BQKB1R b	1646	1354	624
rnbqkbnr/pp1p1ppp/4p3/2P5/8/8/PPP1PPPP/RNBQKBNR w	1645	1083	342
r1b1kbnr/ppp1pppp/2n5/3q4/3P4/5N2/PPP2PPP/RNBQKB1R b	1644	1135	353
rnbqk2r/pp2bppp/2p1pn2/3p2B1/2PP4/2N2N2/PP2PPPP/R2QKB1R w	1644	1384	503
rnbqkb1r/ppp1pppp/5n2/8/2pP4/2N2N2/PP2PPPP/R1BQKB1R b	1641	985	282
rnbqkb1r/ppp2ppp/5n2/3p4/2PP4/5N2/PP3PPP/RNBQKB1R b	1640	1415	500
r1bqkbnr/pp1p1ppp/2N1p3/8/4P3/8/PPP2PPP/RNBQKB1R b	1638	1136	320
rn1qkbnr/pbpppppp/1p6/8/3P4/4PN2/PPP2PPP/RNBQKB1R b	1637	1050	340
rnbqk1nr/pp1pppbp/6p1/2p5/3PP3/5N2/PPP2PPP/RNBQKB1R w	1634	1338	577
rnbqkbnr/pp2pppp/2p5/8/3Pp3/8/PPPN1PPP/R1BQKBNR w	1628	1498	920
rnbqkbnr/ppp2ppp/3p4/8/3QP3/5N2/PPP2PPP/RNB1KB1R b	1625	837	166
rnbqkb1r/1p2pppp/p2p1n2/8/3NP3/2N1B3/PPP2PPP/R2QKB1R b	1621	1459	743
rnbqkb1r/ppp1pppp/8/3n4/3P4/5N2/PPP2PPP/RNBQKB1R b	1620	1241	420
rnbqkbnr/pp3ppp/4p3/3p4/3P4/5N2/PPP2PPP/RNBQKB1R w	1618	1118	323
r1bqkbnr/pp2pppp/2n5/3p4/3P4/2PB4/PP3PPP/RNBQK1NR b	1618	1448	799
rn1qkbnr/ppp2ppp/4p3/3p1b2/3P1B2/5N2/PPP1PPPP/RN1QKB1R w	1617	896	167
rnbqk2r/ppppppbp/5np1/8/2P5/2N3P1/PP1PPPBP/R1BQK1NR b	1617	1350	693
rnbqkb1r/ppp2ppp/5n2/3p4/2PP4/8/PP3PPP/RNBQKBNR w	1616	1391	570
rnbqkbnr/pp3ppp/4p3/3pP3/3p4/2P5/PP3PPP/RNBQKBNR w	1615	1087	316
rnbqkbnr/pp2pppp/8/2pp4/4PP2/8/PPPP2PP/RNBQKBNR w	1614	1389	475
rnbqkbnr/ppp2ppp/3pp3/8/2PP4/2N5/PP2PPPP/R1BQKBNR b	1613	1045	245
r1bqkbnr/pp2pppp/2np4/2p5/3PP3/2P2N2/PP3PPP/RNBQKB1R b	1612	1107	215
rnbqkbnr/pp2pppp/8/2ppP3/3P4/5N2/PPP2PPP/RNBQKB1R b	1611	661	167
r1bqkbnr/pppppppp/2n5/8/2PP4/8/PP2PPPP/RNBQKBNR b	1610	1033	430
rnbqkb1r/pp2pppp/5n2/3p4/3P4/3B4/PPP2PPP/RNBQK1NR w	1610	1424	696
r1bqkbnr/pp2pppp/2n5/2ppP3/3P4/2P2N2/PP3PPP/RNBQKB1R b	1609	947	225
rnb1kb1r/ppp1pppp/5n2/3q4/8/5N2/PPPP1PPP/RNBQKB1R w	1608	1084	280
rnbqk1nr/ppp1ppbp/3p2p1/8/3P1B2/4PN2/PPP2PPP/RN1QKB1R b	1608	984	334
rnbqkbnr/pppp1ppp/4p3/8/2P5/5N2/PP1PPPPP/RNBQKB1R b	1603	1333	712
rnbqkbnr/pp2pppp/3p4/8/3QP3/5N2/PPP2PPP/RNB1KB1R b	1602	1171	552
rnbqkbnr/ppp2ppp/8/3p4/4Pp2/5N2/PPPP2PP/RNBQKB1R w	1601	1087	240
rnbqkbnr/ppp1pppp/8/3p4/8/1P2P3/P1PP1PPP/RNBQKBNR b	1599	1019	285
rnbqkbnr/pp2pppp/2p5/3p4/2P5/5N2/PP1PPPPP/RNBQKB1R w	1599	1382	881
rnbqkb1r/pp2pppp/5n2/2pp4/3P1B2/5N2/PPP1PPPP/RN1QKB1R w	1598	1295	717
rnbqkbnr/pp1ppp1p/6p1/2p5/4P3/2N5/PPPP1PPP/R1BQKBNR w	1597	1280	642
rnbqkb1r/ppppnppp/4p3/8/3PP3/8/PPP2PPP/RNBQKBNR w	1596	1120	340
r1bqkbnr/p2p1ppp/2p1p3/8/4P3/8/PPP2PPP/RNBQKB1R w	1596	1112	310
rnbqkbnr/1ppppppp/p7/8/4P3/5N2/PPPP1PPP/RNBQKB1R b	1595	686	171
rnbqkbnr/pp1ppppp/2p5/8/8/5NP1/PPPPPP1P/RNBQKB1R b	1591	1321	831
rnbqk1nr/ppp1ppbp/3p2p1/8/2PP4/5N2/PP2PPPP/RNBQKB1R w	1591	1252	607
rn1qk1nr/pbpp1ppp/1p2p3/8/1b1PP3/2NB1N2/PPP2PPP/R1BQK2R b	1591	1157	304
rnbqkb1r/pp1p1ppp/4pn2/2pP4/2P5/2N5/PP2PPPP/R1BQKBNR b	1590	1415	830
rnbqkb1r/pp2pppp/2p2n2/3p4/3P1B2/2N5/PPP1PPPP/R2QKBNR w	1585	1194	574
rnbqkb1r/ppp2ppp/4pn2/3p4/3P1B2/2N1P3/PPP2PPP/R2QKBNR b	1582	931	294
rnbqkb1r/pppp1ppp/4pn2/6B1/3P4/8/PPP1PPPP/RN1QKBNR w	1579	1240	585
r1bqkbnr/pp1p1ppp/2n1p3/1Bp5/4P3/5N2/PPPP1PPP/RNBQK2R w	1579	1077	408
r1bqkbnr/ppp2ppp/2n5/3p4/3P4/5N2/PPP2PPP/RNBQKB1R w	1579	1005	374
r1bqkbnr/ppp1pppp/2n5/3p4/8/5NP1/PPPPPPBP/RNBQK2R b	1578	898	326
rnbqkbnr/ppp2ppp/8/4P3/2Pp4/8/PP2PPPP/RNBQKBNR w	1578	1209	396
rnbqkbnr/p1pppppp/1p6/8/8/1P6/PBPPPPPP/RN1QKBNR b	1577	1160	516
rnbqkbnr/ppp1pppp/8/3p4/8/1P3N2/P1PPPPPP/RNBQKB1R b	1571	1265	659
rnbqkbnr/pp1p1ppp/4p3/2p5/3P1B2/8/PPP1PPPP/RN1QKBNR w	1568	821	166
rnbq1rk1/ppppppbp/5np1/8/2PPP3/2N2N2/PP3PPP/R1BQKB1R b	1568	1265	674
r1bqkbnr/pppp1ppp/2n5/8/2B1P3/2p2N2/PP3PPP/RNBQK2R b	1568	934	199
rnbqkbnr/pp1p1ppp/4p3/2p5/3P4/4P3/PPP2PPP/RNBQKBNR w	1567	1003	351
rnbqkb1r/pp2pppp/2p2n2/3P4/3P4/2N5/PP2PPPP/R1BQKBNR b	1566	1387	730
rnbqkbnr/ppp2ppp/3p4/4p3/2PP4/8/PP2PPPP/RNBQKBNR w	1565	1138	564
rnbqkbnr/p1pppppp/1p6/8/4P3/3P4/PPP2PPP/RNBQKBNR b	1564	875	229
r1bqkbnr/pp3ppp/2n1p3/2ppP3/5P2/5N2/PPPP2PP/RNBQKB1R w	1564	1350	394
rn1qkbnr/pp2pppp/2p5/3p4/4P1b1/2N2N2/PPPP1PPP/R1BQKB1R w	1560	1066	560
rnbqkb1r/ppp1pppp/3p1n2/8/3P4/4PN2/PPP2PPP/RNBQKB1R b	1559	1016	404
r1bqkbnr/pp1p1ppp/2n5/2p1p3/4P3/2P2N2/PP1P1PPP/RNBQKB1R w	1557	1158	318
r1bqkbnr/pp1ppp1p/2N3p1/8/4P3/8/PPP2PPP/RNBQKB1R b	1554	1096	353
r1bqkbnr/pp1p1ppp/2n1p3/2p5/4PP2/2N5/PPPP2PP/R1BQKBNR w	1553	1320	594
rnbqkb1r/pppp1ppp/4pn2/6B1/3P4/5N2/PPP1PPPP/RN1QKB1R b	1551	1312	654
r1bqkbnr/pp1ppppp/2n5/1Bp5/4P3/2N5/PPPP1PPP/R1BQK1NR b	1549	1204	634
rnbqkb1r/ppp1pppp/5n2/3p4/3P4/2P2N2/PP2PPPP/RNBQKB1R b	1547	1221	648
rnbqkb1r/ppp1pp1p/3p1np1/8/3P1B2/4P3/PPP2PPP/RN1QKBNR w	1544	1027	320
rnbqkb1r/pp1ppppp/5n2/2pP4/8/8/PPP1PPPP/RNBQKBNR w	1543	1226	646
rnbqkbnr/ppppp1pp/8/5p2/2P5/8/PP1PPPPP/RNBQKBNR w	1542	1209	534
rnbqk2r/ppp2ppp/3b1n2/3p4/3P4/2N2N2/PPP2PPP/R1BQKB1R w	1541	1133	288
rnbqkbnr/pppppp1p/6p1/8/8/5NP1/PPPPPP1P/RNBQKB1R b	1539	1278	807
rnbqkb1r/pp2pppp/2pp1n2/8/3PP3/2N2N2/PPP2PPP/R1BQKB1R b	1539	919	296
rnbqkbnr/ppp2ppp/8/3P4/5p2/5N2/PPPP2PP/RNBQKB1R b	1538	1208	316
rnbqkbnr/pp1ppppp/8/2p5/2P5/6P1/PP1PPP1P/RNBQKBNR b	1537	1174	548
rnbqkbnr/ppp2ppp/4p3/3p4/2P5/5N2/PP1PPPPP/RNBQKB1R w	1535	1334	803
rnbqkbnr/pp2pppp/2pp4/8/2PP4/2N5/PP2PPPP/R1BQKBNR b	1534	1283	592
rnbqkb1r/pp2pppp/2p2n2/3p4/8/5NP1/PPPPPPBP/RNBQ1RK1 b	1534	1406	1048
rnbqkbnr/pp2pppp/3p4/2p5/2B1P3/2N5/PPPP1PPP/R1BQK1NR b	1531	1003	268
rnbqk1nr/ppppppbp/6p1/8/3P1B2/2N5/PPP1PPPP/R2QKBNR b	1527	900	271
rnbqk1nr/ppp1ppbp/3p2p1/8/3PP3/2P2N2/PP3PPP/RNBQKB1R b	1525	1042	302
rnbqk1nr/ppppppbp/6p1/8/2PP4/4P3/PP3PPP/RNBQKBNR b	1524	951	229
rnbqkbnr/pp2pppp/2p5/3p4/3P4/2P5/PP2PPPP/RNBQKBNR w	1523	1152	597
rn1qkbnr/pp2pppp/2p5/3p1b2/3P1B2/4P3/PPP2PPP/RN1QKBNR w	1523	934	229
rnbqkbnr/ppp2ppp/8/4p3/3pP3/3P4/PPP1NPPP/R1BQKBNR b	1523	1056	316
rnb1kbnr/1pqp1ppp/p3p3/8/3NP3/2N5/PPP2PPP/R1BQKB1R w	1523	1364	708
rnbqkbnr/pppp1ppp/8/8/3p4/5N2/PPP1PPPP/RNBQKB1R w	1522	765	278
rnbqkb1r/pp2pppp/5n2/2pp4/3P1B2/4PN2/PPP2PPP/RN1QKB1R b	1522	1229	664
r1bqkbnr/pp1ppppp/2n5/8/3N4/8/PPP1PPPP/RNBQKB1R w	1520	1256	652
rnbqk2r/ppppppbp/5np1/8/3P4/5NP1/PPP1PPBP/RNBQK2R b	1519	1317	849
rnb1kbnr/ppp1pppp/3q4/8/3P4/2N5/PPP2PPP/R1BQKBNR b	1519	1025	454
rn1qkbnr/pp2pppp/2p3b1/8/3P4/5NN1/PPP2PPP/R1BQKB1R b	1519	1279	546
rnbqkbnr/ppppp1pp/5p2/8/3P4/8/PPP1PPPP/RNBQKBNR w	1518	789	289
rn1qkbnr/pbpp1ppp/1p2p3/8/3PP3/3B1N2/PPP2PPP/RNBQK2R b	1518	1159	367
r1bqkb1r/ppp2ppp/2np1n2/1B2p3/4P3/5N2/PPPP1PPP/RNBQ1RK1 w	1517	862	202
rnbqkb1r/ppp1pp1p/3p1np1/8/2PP4/5N2/PP2PPPP/RNBQKB1R w	1516	1222	677
rnbqkbnr/ppp2ppp/4p3/3p4/3PP3/5N2/PPP2PPP/RNBQKB1R b	1514	747	186
rnbqkbnr/pp2pppp/2p5/3P4/8/2N5/PP1PPPPP/R1BQKBNR b	1514	1230	537
r1bqk2r/p1pp1ppp/2p2n2/8/1b2P3/2N5/PPP2PPP/R1BQKB1R w	1514	1036	490
rnbqkbnr/ppp1pppp/8/3p4/2P5/2N5/PP1PPPPP/R1BQKBNR b	1512	1027	394
r1bqkbnr/p2ppp1p/2p3p1/8/4P3/8/PPP2PPP/RNBQKB1R w	1512	1057	335
rnbqkbnr/ppp2ppp/4p3/3P4/8/2N5/PP1PPPPP/R1BQKBNR b	1511	1217	469
rn1qkbnr/pp2pppp/2p5/3p1b2/3P1B2/4PN2/PPP2PPP/RN1QKB1R b	1510	940	202
rnbqkbnr/p1pp1ppp/1p2p3/8/2PP4/8/PP2PPPP/RNBQKBNR w	1509	1171	392
rnbqk2r/pp2bppp/2p1pn2/3p2B1/2PP4/2N1PN2/PP3PPP/R2QKB1R b	1509	1292	473
rnbqkbnr/pp1ppppp/8/8/1p2P3/8/P1PP1PPP/RNBQKBNR w	1508	1300	657
rnbq1rk1/ppp1bppp/4pn2/3p2B1/2PP4/2N1PN2/PP3PPP/R2QKB1R b	1507	1330	614
rnbqkb1r/ppp2ppp/4pn2/8/2B5/2N2N2/PPPP1PPP/R1BQK2R w	1505	1022	276
r1bqkb1r/2pp1ppp/p1n2n2/1p2p3/4P3/1B3N2/PPPP1PPP/RNBQ1RK1 b	1503	1081	496
r1b1k1nr/pppp1ppp/2n2q2/2b5/3NP3/4B3/PPP2PPP/RN1QKB1R w	1499	1005	268
rnbqkbnr/pp2pppp/2p5/3p4/8/1P2P3/PBPP1PPP/RN1QKBNR b	1497	1187	619
r1bqkbnr/ppp2ppp/2np4/1B6/3NP3/8/PPP2PPP/RNBQK2R b	1496	970	166
r1bqkbnr/pppppppp/2n5/8/8/5NP1/PPPPPP1P/RNBQKB1R b	1495	812	311
r2qkbnr/pp1b1ppp/2n1p3/2ppP3/3P4/2P2N2/PP3PPP/RNBQKB1R w	1495	1212	542
rnbqkb1r/ppp1pppp/5n2/3p4/3P1P2/4P3/PPP3PP/RNBQKBNR b	1493	1102	384
rnbqkbnr/pp3ppp/4p3/2ppP3/8/2P2N2/PP1P1PPP/RNBQKB1R b	1490	923	254
r1bqkbnr/pp2pppp/2np4/8/3pP3/2P2N2/PP3PPP/RNBQKB1R w	1488	1075	229
rnbqkbnr/pppp1ppp/8/8/3p4/2P5/PP2PPPP/RNBQKBNR w	1487	803	245
rnbqkbnr/pp1ppppp/2p5/8/8/3P4/PPP1PPPP/RNBQKBNR w	1485	1060	448
r1b1kbnr/pppp1ppp/2n5/4P3/1q6/5N2/PPPBPPPP/RN1QKB1R b	1483	797	192
r1bqkbnr/pp2pppp/2n5/2pp4/8/5NP1/PPPPPPBP/RNBQK2R w	1479	1275	704
rnbqk1nr/pppp1ppp/8/2b1p3/4PP2/8/PPPP2PP/RNBQKBNR w	1476	972	205
rnbqkb1r/pppppp1p/5np1/8/8/6P1/PPPPPPBP/RNBQK1NR w	1475	1213	702
rnbqkbnr/pp1ppppp/2p5/8/5P2/8/PPPPP1PP/RNBQKBNR w	1474	1165	478
rnbqkbnr/pp1p1ppp/4p3/2p5/4P3/3P1N2/PPP2PPP/RNBQKB1R b	1474	1015	451
rnbqkbnr/pp2pppp/2p5/8/4p3/3P1N2/PPP2PPP/RNBQKB1R w	1472	933	337
rnbqkbnr/1p1ppppp/p7/2p5/3PP3/5N2/PPP2PPP/RNBQKB1R b	1471	1124	472
rnbqkbnr/pp2pppp/8/2pp4/8/5NP1/PPPPPP1P/RNBQKB1R w	1468	1205	647
rnbqk1nr/ppp1ppbp/3p2p1/8/3PP3/2P5/PP3PPP/RNBQKBNR w	1468	1186	418
rnbqkbnr/ppppp1pp/8/5p2/8/5N2/PPPPPPPP/RNBQKB1R w	1466	1140	616
rnbqkbnr/ppp2ppp/4p3/3P4/5P2/8/PPPP2PP/RNBQKBNR b	1464	1078	193
rnbqkbnr/pp2pppp/8/2ppP3/5P2/8/PPPP2PP/RNBQKBNR b	1460	1190	416
rnbqkb1r/pppp1ppp/5n2/4p3/2P5/2N2N2/PP1PPPPP/R1BQKB1R b	1458	1069	478
rnbqkb1r/ppp1pppp/5n2/3p4/8/1P2P3/PBPP1PPP/RN1QKBNR b	1457	1190	553
rnbqkbnr/pppppp1p/6p1/8/5P2/8/PPPPP1PP/RNBQKBNR w	1456	1143	456
rnbqkbnr/ppp2ppp/3p4/4p3/8/1P2P3/PBPP1PPP/RN1QKBNR b	1456	1026	419
r1bqkbnr/ppp2ppp/2np4/1B6/3pP3/5N2/PPP2PPP/RNBQK2R w	1456	974	174
r1bqkbnr/pp2pppp/2np4/2p5/3PP3/2N2N2/PPP2PPP/R1BQKB1R b	1455	1013	311
rnbqkb1r/pppp1ppp/5n2/4p3/2P5/6P1/PP1PPP1P/RNBQKBNR w	1454	1021	430
rnbqkbnr/ppp2ppp/3pp3/8/3P4/5N2/PPP1PPPP/RNBQKB1R w	1451	831	229
r1b1kbnr/pppp1ppp/2n5/4P3/8/5N2/PqPBPPPP/RN1QKB1R w	1449	769	182
r1bqkbnr/pp1ppppp/2n5/2p5/8/5NP1/PPPPPPBP/RNBQK2R b	1448	1202	707
rnbqkbnr/pp2pppp/8/3p4/8/2N5/PP1PPPPP/R1BQKBNR w	1447	1176	512
rnbqkb1r/ppp2ppp/4pn2/3pP3/3P4/8/PPPN1PPP/R1BQKBNR b	1444	1377	861
rnbqk2r/ppp2ppp/4pn2/3p2B1/1bPP4/2N2N2/PP2PPPP/R2QKB1R b	1444	1063	321
rnbqkbnr/ppp2ppp/8/3p4/8/2N5/PP1PPPPP/R1BQKBNR w	1443	1168	447
rnbqkbnr/pppp1ppp/4p3/8/2P5/6P1/PP1PPP1P/RNBQKBNR b	1442	1164	604
rnbqkbnr/pp1ppppp/8/2p5/4P3/6P1/PPPP1P1P/RNBQKBNR b	1439	1146	469
rnbqkbnr/pp1p1ppp/2p1p3/8/2PP4/8/PP2PPPP/RNBQKBNR w	1439	961	200
rnbqkb1r/ppp1pppp/5n2/8/2B5/2N5/PPPP1PPP/R1BQK1NR w	1438	970	260
rnbqk1nr/ppp1ppbp/3p2p1/8/3P1B2/4P3/PPP2PPP/RN1QKBNR w	1437	890	257
r1bqkb1r/pp2pppp/2n2n2/3p4/3P4/2PB4/PP3PPP/RNBQK1NR w	1437	1289	723
r1bqk2r/pppp1ppp/2N2n2/8/1b2P3/2N5/PPP2PPP/R1BQKB1R b	1436	987	469
r1bqkbnr/pppp1ppp/2n5/4p3/2P5/2N3P1/PP1PPP1P/R1BQKBNR b	1433	912	404
r1bqkbnr/pp3ppp/2np4/1N2p3/4P3/8/PPP2PPP/RNBQKB1R w	1431	1360	681
r1bqkbnr/pp1p1ppp/2n1p3/8/2BpP3/5N2/PPP2PPP/RNBQK2R w	1430	898	171
rnbqkb1r/ppp1pp1p/3p1np1/8/3P1B2/4PN2/PPP2PPP/RN1QKB1R b	1429	945	306
rnbqkbnr/ppp1pppp/3p4/8/8/5NP1/PPPPPP1P/RNBQKB1R b	1428	1092	654
rnbqk1nr/ppppppbp/6p1/8/8/5NP1/PPPPPP1P/RNBQKB1R w	1428	1190	756
rnbqkb1r/pp1ppppp/5n2/2p1P3/8/2P5/PP1P1PPP/RNBQKBNR b	1427	1320	837
rnbqkbnr/pp3ppp/4p3/2pp4/4P3/2P2N2/PP1P1PPP/RNBQKB1R w	1426	1206	564
rnbqk2r/pppp1ppp/5n2/2b1p3/2B1P3/2NP4/PPP2PPP/R1BQK1NR b	1426	759	172
rnbqkb1r/ppppp1pp/5n2/5p2/3P1B2/8/PPP1PPPP/RN1QKBNR w	1425	902	217
rnbqk1nr/pp1pppbp/6p1/8/3NP3/8/PPP2PPP/RNBQKB1R w	1425	1153	446
rnbqkb1r/pp2pppp/2P2n2/8/2P5/8/PP1P1PPP/RNBQKBNR b	1424	1099	281
rnbqkb1r/pppp1ppp/5n2/4p3/2P5/6P1/PP1PPPBP/RNBQK1NR b	1419	1000	427
rnb1kbnr/pp2pppp/2p5/q7/3P4/2N2N2/PPP2PPP/R1BQKB1R b	1418	974	299
rnbqkbnr/ppp2ppp/4p3/3P4/4P3/8/PP1P1PPP/RNBQKBNR b	1415	1202	538
rnbq1rk1/ppp1ppbp/3p1np1/8/2BPP3/2N2N2/PPP2PPP/R1BQK2R w	1415	885	303
rnbqkb1r/ppp1pppp/5n2/3p4/5P2/5N2/PPPPP1PP/RNBQKB1R w	1414	1136	479
rnbqkbnr/pp3ppp/4p3/2pp4/4P3/2N2N2/PPPP1PPP/R1BQKB1R w	1413	873	315
rnbq1rk1/ppppppbp/5np1/8/3P4/5NP1/PPP1PPBP/RNBQ1RK1 b	1411	1301	1003
rnbqkb1r/pppp1ppp/5n2/4p3/4PP2/8/PPPP2PP/RNBQKBNR w	1410	785	170
rnbqk2r/ppp1ppbp/3p1np1/8/3PPP2/2N5/PPP3PP/R1BQKBNR w	1409	1186	649
rn1qkbnr/pbpppppp/1p6/8/8/1P6/PBPPPPPP/RN1QKBNR w	1407	1041	474
rnbqkbnr/ppp2ppp/8/3p4/4P3/8/PP1P1PPP/RNBQKBNR w	1407	1197	538
r1bqkbnr/pp1p1ppp/2n1p3/2p5/4PP2/2N2N2/PPPP2PP/R1BQKB1R b	1405	1202	522
rnbqkb1r/ppp2ppp/4pn2/3p4/2PP1B2/2N5/PP2PPPP/R2QKBNR b	1404	1009	291
rnbqk2r/pppp1ppp/4pn2/8/1bPP4/2N2N2/PP2PPPP/R1BQKB1R b	1403	1142	516
rnbqkbnr/ppp2ppp/4p3/8/4N3/5N2/PPPP1PPP/R1BQKB1R b	1403	933	416
rnb1kbnr/pp3ppp/1q2p3/2ppP3/3P4/2P5/PP3PPP/RNBQKBNR w	1403	1039	357
rnbq1rk1/ppp1ppbp/3p1np1/8/3P4/5NP1/PPP1PPBP/RNBQ1RK1 w	1402	1283	969
rn1qkbnr/pbpppppp/1p6/8/4P3/3P4/PPP2PPP/RNBQKBNR w	1399	791	207
rnbqkb1r/pp1ppppp/8/2pnP3/8/2P5/PP1P1PPP/RNBQKBNR w	1399	1306	836
rnbqkb1r/ppp1pppp/3p1n2/8/4P3/3P4/PPP2PPP/RNBQKBNR w	1398	804	295
r1bqkbnr/ppppnppp/8/3Pp3/2P1P3/8/PP3PPP/RNBQKBNR b	1398	1075	417
rnbqkbnr/pp1ppppp/8/2p5/4P3/1P6/P1PP1PPP/RNBQKBNR b	1397	1071	477
rnbqkb1r/pp1ppppp/5n2/2p5/4P3/5N2/PPPP1PPP/RNBQKB1R w	1396	921	440
r1bqkbnr/pppp2pp/2n5/1B2pp2/4P3/5N2/PPPP1PPP/RNBQK2R w	1390	976	427
rnbqkbnr/ppp1pppp/3p4/8/5P2/8/PPPPP1PP/RNBQKBNR w	1389	1010	371
rnbqkb1r/pp2pppp/2p2n2/3p4/3PP3/2N5/PPP2PPP/R1BQKBNR w	1389	780	320
rnbqkbnr/pppp1p1p/8/6p1/2B1Pp2/5N2/PPPP2PP/RNBQK2R b	1389	1078	212
rnbqkbnr/ppp1pppp/3p4/8/8/3P4/PPP1PPPP/RNBQKBNR w	1388	886	399
rnbqkb1r/ppppp1pp/5n2/5P2/8/8/PPPP1PPP/RNBQKBNR w	1388	960	240
r1bqkbnr/pp1ppppp/2n5/2p5/8/6P1/PPPPPPBP/RNBQK1NR w	1388	1072	431
rnbqk2r/ppp1ppbp/3p1np1/8/2B1P3/2N2N2/PPPP1PPP/R1BQK2R w	1388	654	177
rnbqk2r/ppp1ppbp/5np1/3p4/2PP4/2N2N2/PP2PPPP/R1BQKB1R w	1386	1233	701
r1bqkbnr/1p1p1ppp/p1n1p3/8/3NP3/2N5/PPP2PPP/R1BQKB1R w	1385	1171	407
rnbqkbnr/pp2pppp/8/2pp4/8/1P2P3/PBPP1PPP/RN1QKBNR b	1382	1168	548
r1bqk1nr/pppp1ppp/2n5/2b1N3/4P3/2N5/PPPP1PPP/R1BQKB1R b	1380	670	201
rnbqkbnr/ppp2ppp/4p3/8/2pP4/2N2N2/PP2PPPP/R1BQKB1R b	1379	864	204
rnb1kb1r/ppp1pppp/5n2/3q4/3P4/8/PPP2PPP/RNBQKBNR w	1376	952	213
rn1qkbnr/pbpppp1p/1p4p1/8/3PP3/2N5/PPP2PPP/R1BQKBNR w	1376	764	171
rnbqk2r/ppp1ppbp/3p1np1/8/3PPB2/2N5/PPP2PPP/R2QKBNR w	1374	1015	439
rnbqkbnr/pp2pppp/2p5/3p4/3P4/5NP1/PPP1PP1P/RNBQKB1R b	1373	1140	673
rnbqkb1r/pppp1ppp/4pn2/8/2PP4/4P3/PP3PPP/RNBQKBNR b	1372	950	300
rnbqkbnr/ppp2ppp/4p3/8/4p3/2N2N2/PPPP1PPP/R1BQKB1R w	1372	898	408
r1bqkbnr/1pp2ppp/p1p5/4p3/4P3/5N2/PPPP1PPP/RNBQ1RK1 b	1372	871	348
rnbqkb1r/pppp1ppp/4pn2/8/3P1B2/2N5/PPP1PPPP/R2QKBNR b	1371	862	328
rnbqkb1r/ppp1pppp/3p4/3nP3/2PP4/8/PP3PPP/RNBQKBNR b	1371	1250	632
rnbqk1nr/pppp1pbp/4p1p1/8/3PP3/2N5/PPP2PPP/R1BQKBNR w	1369	1005	325
rnbqkbnr/1p1ppppp/p7/8/3pP3/5N2/PPP2PPP/RNBQKB1R w	1367	1090	472
rnbqk2r/ppp2ppp/3b1n2/3p4/3P4/3B1N2/PPP2PPP/RNBQ1RK1 b	1367	1243	521
rnbqkbnr/ppp2ppp/8/3p4/5P2/8/PPPP2PP/RNBQKBNR w	1362	1025	200
rn1qkbnr/pp1Bpppp/3p4/2p5/4P3/5N2/PPPP1PPP/RNBQK2R b	1360	1077	563
rnbqkb1r/pppp1ppp/5n2/4p3/2BPP3/8/PPP2PPP/RNBQK1NR b	1359	696	192
rnbqkb1r/pppn1ppp/4p3/3pP3/3P4/8/PPPN1PPP/R1BQKBNR w	1359	1301	805
rnbqk1nr/pp1pppbp/6p1/8/3NP3/2N5/PPP2PPP/R1BQKB1R b	1356	1143	588
r1bqkbnr/pp1ppppp/2n5/2p5/8/1P6/PBPPPPPP/RN1QKBNR w	1353	1070	538
rnbqkb1r/ppp2ppp/4pn2/3p4/3P4/2P2N2/PP2PPPP/RNBQKB1R w	1353	1139	603
rnbqk2r/ppppppbp/5np1/8/2PP4/4PN2/PP3PPP/RNBQKB1R b	1352	942	347
rnbqkb1r/ppp1pppp/3p1n2/8/4P3/3P1N2/PPP2PPP/RNBQKB1R b	1351	720	195
rnbqkbnr/pppp1ppp/8/8/3Pp3/8/PPPNPPPP/RNBQKB1R b	1350	990	409
rnbqkb1r/pp1p1ppp/4pn2/2pP4/2P5/8/PP2PPPP/RNBQKBNR w	1350	1166	662
rnbqkb1r/pp2pppp/2p2n2/3P4/8/2N5/PPPP1PPP/R1BQKBNR w	1350	917	346
rnbqk2r/ppp1ppbp/3p1np1/8/3PP3/2N1B3/PPP2PPP/R2QKBNR w	1350	1140	612
rnbqkb1r/ppp1pp1p/3p1np1/6B1/3PP3/2N5/PPP2PPP/R2QKBNR b	1349	826	328
rnbqkbnr/ppp2ppp/4p3/3p4/3P4/2P2N2/PP2PPPP/RNBQKB1R b	1348	1023	472
rnbqk2r/ppp1ppbp/3p1np1/8/2PPPP2/2N5/PP4PP/R1BQKBNR b	1348	1199	552
rnbqk1nr/ppp2ppp/4p3/3pP3/1b1P4/2N5/PPP2PPP/R1BQKBNR b	1346	1243	830
rnbqkbnr/pp2pppp/8/2pp4/5P2/5N2/PPPPP1PP/RNBQKB1R w	1345	1133	457
r1b1k1nr/pppp1ppp/2n2q2/2b5/3NP3/2P1B3/PP3PPP/RN1QKB1R b	1344	921	230
rnbqk1nr/ppp1ppbp/3p2p1/8/3PPP2/5N2/PPP3PP/RNBQKB1R b	1343	1120	288
rnbqkb1r/pp1p1ppp/5n2/2pP4/8/2N5/PP2PPPP/R1BQKBNR b	1342	1164	722
r1b1kbnr/pppp1ppp/2n5/4P3/8/2N2N2/PqPBPPPP/R2QKB1R b	1337	764	198
rnbqk2r/ppp1ppbp/3p1np1/6B1/3PP3/2N5/PPP2PPP/R2QKBNR w	1336	823	309
rnbqk2r/ppp1ppbp/3p1np1/8/3PP3/2NB1N2/PPP2PPP/R1BQK2R b	1336	895	292
rnbqkbnr/pp3ppp/2p5/3p4/3P4/2N2N2/PPP2PPP/R1BQKB1R b	1335	915	228
rnbqkb1r/pppppppp/5n2/8/8/2N2N2/PPPPPPPP/R1BQKB1R b	1334	806	306
rnbqkb1r/pp3ppp/2p1pn2/3p4/2PP4/2N1P3/PP3PPP/R1BQKBNR w	1334	1061	408
r1bqkb1r/pp2pppp/2n2n2/8/2P5/8/PP1P1PPP/RNBQKBNR w	1333	1029	260
r1bqk1nr/ppp2ppp/2np4/2b1p3/2B1P3/2P2N2/PP1P1PPP/RNBQ1RK1 b	1333	860	187
rnbqkb1r/pp1ppppp/8/3nP3/3p4/2P5/PP3PPP/RNBQKBNR w	1331	1261	803
rnbqkb1r/pp1ppppp/2p2n2/8/2PP4/8/PP2PPPP/RNBQKBNR w	1323	1025	442
rnbqkb1r/ppp1pppp/3p1n2/8/3P4/2N5/PPP1PPPP/R1BQKBNR w	1321	857	395
rnbqkbnr/pp1p1ppp/2p1p3/8/2PPP3/8/PP3PPP/RNBQKBNR b	1321	935	191
rnbqk2r/ppp1ppbp/3p1np1/8/2PPP3/2N2P2/PP4PP/R1BQKBNR b	1320	1243	755
rnbqkbnr/ppp1pp1p/3p2p1/8/3P4/5N2/PPP1PPPP/RNBQKB1R w	1318	1017	549
rnbqkb1r/ppp2ppp/5n2/3p4/3P4/3B4/PPP2PPP/RNBQK1NR w	1316	1190	509
r1bqk1nr/p2pppbp/2p3p1/8/4P3/2N5/PPP2PPP/R1BQKB1R w	1316	902	251
rnbqk1nr/ppp1ppbp/3p2p1/8/3P1B2/5N2/PPP1PPPP/RN1QKB1R w	1315	847	298
r1bqkbnr/pp1ppppp/2n5/8/4P3/4Q3/PPP2PPP/RNB1KBNR b	1315	682	212
rnbqkbnr/pp2pppp/3p4/2p5/4P3/3P1N2/PPP2PPP/RNBQKB1R b	1313	863	341
rnbqkb1r/ppp2ppp/4pn2/1N1p4/3P1B2/8/PPP1PPPP/R2QKBNR b	1312	737	248
rnbqkbnr/pp2pppp/2p5/8/3Pp3/5P2/PPP3PP/RNBQKBNR w	1311	1002	396
rnbqkbnr/p1pppppp/1p6/8/8/6P1/PPPPPP1P/RNBQKBNR w	1310	844	286
rnbqk2r/ppp1ppbp/3p1np1/8/3PP3/2N1BN2/PPP2PPP/R2QKB1R b	1310	867	297
rnbqkb1r/pp2pppp/3p1n2/2p5/2B1P3/2N2N2/PPPP1PPP/R1BQK2R b	1309	718	187
rnbqkb1r/pppp1ppp/4p3/3nP3/3P4/8/PPP2PPP/RNBQKBNR w	1304	712	178
rnbqkb1r/ppp2ppp/4Pn2/8/2P5/8/PP1P1PPP/RNBQKBNR b	1302	948	220
rnbqkbnr/pp2pppp/2p5/3p4/4P3/2NP4/PPP2PPP/R1BQKBNR b	1301	916	459
rnbqkb1r/1p3ppp/p2ppn2/6B1/3NP3/2N5/PPP2PPP/R2QKB1R w	1301	1174	679
rnbqkb1r/ppp1pppp/8/3n4/8/2N2N2/PPPP1PPP/R1BQKB1R b	1297	932	378
rnbqkb1r/pppppp1p/5np1/8/3P4/2N2N2/PPP1PPPP/R1BQKB1R b	1295	823	395
rnbqkbnr/pp2pppp/2p5/3P4/8/3P4/PPP2PPP/RNBQKBNR b	1293	730	180
rnbqk2r/ppppppbp/5np1/8/2PP4/4P3/PP3PPP/RNBQKBNR w	1293	823	237
rnbqk1nr/ppp1ppbp/3p2p1/8/3PPP2/8/PPP3PP/RNBQKBNR w	1292	1046	280
rnbq1rk1/ppp1ppbp/3p1np1/8/2PP4/5NP1/PP2PPBP/RNBQ1RK1 b	1292	1207	908
rnbqkbnr/ppp2ppp/4p3/3p4/3P1P2/4P3/PPP3PP/RNBQKBNR b	1291	861	276
r1bqkb1r/pppnpppp/3p1n2/8/3PP3/2N5/PPP2PPP/R1BQKBNR w	1291	1089	611
r1bqkbnr/pp2pppp/2n5/3p4/2PP4/5N2/PP3PPP/RNBQKB1R b	1291	1081	464
rnbqkb1r/pp2pppp/5n2/3p4/2PP4/5N2/PP3PPP/RNBQKB1R b	1290	1124	512
rnbqkbnr/ppp2ppp/4p3/8/2pP4/5N2/PP2PPPP/RNBQKB1R w	1289	782	201
rnbqk1nr/pppp1ppp/8/2b1p3/4PP2/5N2/PPPP2PP/RNBQKB1R b	1288	884	190
rnbqkb1r/ppp2ppp/4pn2/3p4/4P3/2N2N2/PPPP1PPP/R1BQKB1R w	1287	967	564
rnbq1rk1/ppp1ppbp/3p1np1/6B1/2PP4/2N2N2/PP2PPPP/R2QKB1R w	1287	957	343
r1bqkbnr/pp1ppppp/2n5/2p5/4P3/2N3P1/PPPP1P1P/R1BQKBNR b	1286	1168	697
rn1qkbnr/ppp1pppp/8/3p1b2/2PP4/5N2/PP2PPPP/RNBQKB1R b	1285	868	258
rnbqkbnr/ppp2ppp/4p3/8/3Pp3/8/PPPN1PPP/R1BQKBNR w	1285	1211	710
rnbqkb1r/pppn1ppp/4p3/3pP3/3P1P2/2N5/PPP3PP/R1BQKBNR b	1284	1206	739
rnbqkbnr/ppppp1pp/8/5p2/3P4/4P3/PPP2PPP/RNBQKBNR b	1282	804	244
r1bqkbnr/ppp1pppp/2np4/8/3PP3/8/PPP2PPP/RNBQKBNR w	1282	695	246
rnbqkbnr/ppp2ppp/8/3pp3/3P4/4P3/PPP2PPP/RNBQKBNR w	1281	616	203
r1bqkbnr/ppp1pppp/2np4/8/3PP3/5N2/PPP2PPP/RNBQKB1R b	1281	729	257
rnbq1rk1/ppp1ppbp/3p1np1/8/2PPP3/2N2P2/PP4PP/R1BQKBNR w	1280	1211	765
rnbqkb1r/pp3ppp/3p1n2/2pP4/4P3/2N5/PP3PPP/R1BQKBNR b	1280	1144	635
rnbqk2r/ppppppbp/5np1/8/3P4/5NP1/PPP1PP1P/RNBQKB1R w	1279	1114	750
rnbqk1nr/pp1pppbp/6p1/2p5/2B1P3/5N2/PPPP1PPP/RNBQK2R w	1278	785	173
r1bqkb1r/pppp1ppp/2n2n2/4p3/2P5/2N2N2/PP1PPPPP/R1BQKB1R w	1278	911	434
rnbqkb1r/ppp1pp1p/6p1/3n4/3P4/2N5/PP2PPPP/R1BQKBNR w	1278	1192	731
rnbqkb1r/pppppp1p/5np1/8/3P4/5NP1/PPP1PP1P/RNBQKB1R b	1277	1126	754
r1bqkbnr/pp2pppp/2n5/3p4/3P4/2P2N2/PP3PPP/RNBQKB1R b	1274	998	370
rnbqkbnr/ppp2ppp/3pp3/8/4P3/2N5/PPPP1PPP/R1BQKBNR w	1273	682	193
rnbqkbnr/1p1p1ppp/p3p3/2p5/2B1P3/2N5/PPPP1PPP/R1BQK1NR w	1273	942	287
rnbqkbnr/pp1p1ppp/8/2pp4/4P3/8/PPP2PPP/RNBQKBNR w	1272	814	266
rnbqk1nr/ppppbppp/4p3/8/4P3/5N2/PPPP1PPP/RNBQKB1R w	1271	854	258
rnbqkbnr/pp3ppp/2p1p3/3p4/2PP4/4P3/PP3PPP/RNBQKBNR w	1271	827	219
rnbqkb1r/ppp1pp1p/5np1/3P4/3P4/2N5/PP2PPPP/R1BQKBNR b	1271	1186	726
r1bqkbnr/pp1ppppp/2n5/2p5/2P5/2N3P1/PP1PPP1P/R1BQKBNR b	1270	1001	383
r1bqkbnr/ppp1pppp/2n5/3P4/8/5N2/PPPP1PPP/RNBQKB1R b	1270	816	288
rn1qkbnr/pp2pppp/2p5/3p1b2/2PP4/2N2N2/PP2PPPP/R1BQKB1R b	1270	853	199
rnbqk2r/ppp1ppbp/3p1np1/6B1/2PP4/2N2N2/PP2PPPP/R2QKB1R b	1270	947	313
rnbqkb1r/ppp1pp1p/3p1np1/8/3P1B2/5N2/PPP1PPPP/RN1QKB1R w	1266	862	321
rnbqk2r/ppppppbp/5np1/8/3P4/2N2N2/PPP1PPPP/R1BQKB1R w	1265	726	314
r1bqkb1r/pppp1ppp/2n2n2/8/4P3/4Q3/PPP2PPP/RNB1KBNR w	1262	500	207
rnbqkbnr/pp2pppp/8/2pp4/8/6P1/PPPPPPBP/RNBQK1NR w	1261	995	376
rnbqkb1r/pp2pppp/5n2/2pp4/3P4/4PN2/PPP2PPP/RNBQKB1R w	1261	954	487
r1bqkb1r/pppp1ppp/2n2n2/4p3/2P5/2N3P1/PP1PPPBP/R1BQK1NR b	1258	742	293
rnbqkb1r/ppp1pppp/3p1n2/8/4PP2/8/PPPP2PP/RNBQKBNR w	1257	855	205
rnbqkb1r/pppppp1p/5np1/8/2P5/5N2/PP1PPPPP/RNBQKB1R w	1255	1153	846
rnbqkbnr/ppp2ppp/4p3/3p4/4P3/3P4/PPPN1PPP/R1BQKBNR b	1254	1157	739
r1bqkbnr/ppp2ppp/2n5/3pp3/8/5NP1/PPPPPPBP/RNBQK2R w	1254	738	267
rnbqkbnr/pp3ppp/4p3/2pp4/2PP4/5N2/PP2PPPP/RNBQKB1R w	1252	879	346
rnbq1rk1/ppp1bppp/4pn2/3p2B1/2PP4/2N2N2/PP2PPPP/R2QKB1R w	1251	1076	497
r1bqkb1r/pp3ppp/2n1pn2/2pp4/3P1B2/2P1PN2/PP3PPP/RN1QKB1R w	1249	968	333
rnbqkbnr/pppp2pp/4p3/5p2/2PP4/2N5/PP2PPPP/R1BQKBNR b	1248	1028	440
rnbq1rk1/ppp2ppp/3b1n2/3p4/3P4/3B1N2/PPP2PPP/RNBQ1RK1 w	1248	1139	473
rnbqkbnr/pppp1ppp/8/8/3p4/2N5/PPP1PPPP/R1BQKBNR w	1245	599	177
rnbqkbnr/pp2pppp/8/3p4/3P4/2P5/PP3PPP/RNBQKBNR b	1245	1005	411
rnbqkbnr/pp2pppp/2pp4/8/3P4/5N2/PPP1PPPP/RNBQKB1R w	1244	1047	596
rnbqkb1r/pp2pppp/2p2n2/3p4/3P4/5NP1/PPP1PPBP/RNBQK2R b	1244	1131	741
rnbqkb1r/ppp2ppp/4pn2/3p4/3P1P2/4PN2/PPP3PP/RNBQKB1R b	1242	1005	388
rnbqkbnr/ppp1pp1p/3p2p1/8/2PP4/2N5/PP2PPPP/R1BQKBNR b	1241	985	426
r1bqk2r/pppp1ppp/2n2n2/2b5/3NP3/2N5/PPP2PPP/R1BQKB1R w	1241	616	171
rnb1kbnr/pp3ppp/1q2p3/2ppP3/3P4/2P2N2/PP3PPP/RNBQKB1R b	1240	887	314
rnbqkbnr/p1pppppp/1p6/8/2P5/2N5/PP1PPPPP/R1BQKBNR b	1239	931	385
rnbqkbnr/1p1p1ppp/p3p3/2p5/3PP3/2N2N2/PPP2PPP/R1BQKB1R b	1238	900	350
rnbqkbnr/pp1ppppp/8/8/3p1B2/8/PPP1PPPP/RN1QKBNR w	1235	903	324
rnbqkbnr/pppp1ppp/4p3/8/1P6/8/P1PPPPPP/RNBQKBNR w	1234	829	238
rnb1kbnr/pp2pppp/8/3q4/8/8/PP1P1PPP/RNBQKBNR w	1234	912	319
rnbqkb1r/ppp2ppp/5n2/3p4/8/2N2N2/PPPP1PPP/R1BQKB1R w	1234	591	204
r1bqkbnr/pppn1ppp/3p4/4p3/3PP3/5N2/PPP2PPP/RNBQKB1R w	1233	818	273
rn1qkb1r/ppp1pppp/5n2/5bN1/4p3/2N5/PPPP1PPP/R1BQKB1R w	1233	883	250
rnbqkb1r/pppp1ppp/8/4p3/3Pn3/5N2/PPP2PPP/RNBQKB1R w	1232	878	390
rnbqk2r/ppppppbp/5np1/6B1/3P4/5N2/PPP1PPPP/RN1QKB1R w	1232	994	523
r1b1kbnr/pp3ppp/1qn1p3/2ppP3/3P4/2PB1N2/PP3PPP/RNBQK2R b	1232	1053	421
rnbqkb1r/pppppp1p/5np1/8/8/1P2P3/PBPP1PPP/RN1QKBNR b	1231	1036	572
rnbqkbnr/pp3ppp/2p5/3p4/3P4/2N5/PPP2PPP/R1BQKBNR w	1231	919	258
r1bqkbnr/pp2pppp/2n5/2pp4/8/1P2P3/PBPP1PPP/RN1QKBNR w	1230	1060	521
r1bqkbnr/pppppppp/2n5/8/2P5/8/PP1PPPPP/RNBQKBNR w	1228	714	286
rn1qkb1r/ppp2ppp/4bn2/8/2P5/8/PP1P1PPP/RNBQKBNR w	1227	882	206
r1bqkbnr/pp1ppppp/2n5/2p5/2P5/2N2N2/PP1PPPPP/R1BQKB1R b	1226	1000	485
rnbqkb1r/pppppp1p/5np1/6B1/3P4/5N2/PPP1PPPP/RN1QKB1R b	1225	1012	562
r1bqkbnr/pp2pppp/2np4/2p5/4PP2/2N5/PPPP2PP/R1BQKBNR w	1225	1019	403
rnbqk2r/pppp1ppp/4pn2/8/1bPP4/2N5/PPQ1PPPP/R1B1KBNR b	1225	1125	718
rnbqkb1r/ppp1pppp/8/3n4/2B5/2N5/PPPP1PPP/R1BQK1NR b	1224	962	482
r1bqkb1r/pp2pppp/2n2n2/3p4/3P4/2N2N2/PP2PPPP/R1BQKB1R w	1224	1139	800
rnbqkbnr/pp2pppp/2p5/8/3PP3/8/PPP3PP/RNBQKBNR b	1223	934	372
rnbqkbnr/pp1p1ppp/8/2pp4/2P5/8/PP2PPPP/RNBQKBNR w	1222	922	361
rnbqkb1r/ppp2ppp/4pn2/3p4/3P1B2/3BP3/PPP2PPP/RN1QK1NR b	1222	736	184
rn1qkbnr/pp2pppp/2p5/3pPb2/3P4/2N5/PPP2PPP/R1BQKBNR b	1222	627	201
r1bqk2r/ppppbppp/2n2n2/4p3/2B1P3/5N2/PPPP1PPP/RNBQ1RK1 w	1221	870	229
rnbqkbnr/p1pppppp/1p6/8/8/6P1/PPPPPPBP/RNBQK1NR b	1220	792	262
rnbqkb1r/ppp1pp1p/3p1np1/8/3PPP2/2N5/PPP3PP/R1BQKBNR b	1220	1009	536
rnbqkbnr/pp2pppp/8/3p4/8/3P4/PPP2PPP/RNBQKBNR w	1219	698	173
r1bqkbnr/ppppnppp/8/3Pp3/4P3/5N2/PPP2PPP/RNBQKB1R b	1219	692	188
rnbqk2r/ppp1bppp/5n2/3p2B1/3P4/2N5/PP2PPPP/R2QKBNR w	1219	1073	580
rnbqkb1r/ppppnppp/4p3/8/4P3/5N2/PPPP1PPP/RNBQKB1R w	1216	680	188
r1bqkbnr/pp2pppp/2np4/8/3pP3/2N2N2/PPP2PPP/R1BQKB1R w	1216	876	271
r1bqkbnr/pp1ppppp/2n5/2p5/2P5/5N2/PP1PPPPP/RNBQKB1R w	1215	1028	574
r1bqkbnr/ppp1pppp/2n5/3p4/8/1P2P3/PBPP1PPP/RN1QKBNR b	1214	777	228
rnbqk2r/pp2ppbp/3p1np1/8/3NP3/2N1B3/PPP2PPP/R2QKB1R w	1214	1105	649
rnbqkbnr/pp1ppppp/8/2p5/2P5/4P3/PP1P1PPP/RNBQKBNR b	1213	829	258
rnbqk2r/ppp1ppbp/3p1np1/6B1/3PP3/2N2N2/PPP2PPP/R2QKB1R b	1213	698	186
r1bqkb1r/pp2pppp/2n2n2/2pp4/3P1B2/2P1PN2/PP3PPP/RN1QKB1R b	1212	1001	549
rnbqkb1r/ppp1pppp/5n2/8/3PP3/2N5/PP3PPP/R1BQKBNR b	1212	886	268
rnbqkbnr/p1pp1ppp/1p2p3/8/3PP3/2N5/PPP2PPP/R1BQKBNR b	1211	858	354
r1bqkb1r/ppp1pppp/2n2n2/3p4/2PP4/5N2/PP2PPPP/RNBQKB1R w	1211	670	178
rnbqkbnr/pp1ppppp/8/2p5/8/2N5/PPPPPPPP/R1BQKBNR w	1208	877	469
rnbqkb1r/ppp1pppp/1n1p4/4P3/2PP1P2/8/PP4PP/RNBQKBNR b	1208	1120	569
rnbqkbnr/pppp1ppp/8/8/3P4/8/PP2PPPP/RNBQKBNR b	1206	685	224
rnbqkbnr/pp3ppp/2p5/3p4/3P4/2N5/PP2PPPP/R1BQKBNR w	1205	1034	483
rnbqkbnr/1p1ppppp/p7/2p5/4P3/2N5/PPPP1PPP/R1BQKBNR w	1204	932	535
rnbqk2r/ppp1bppp/4pn2/3p4/3P1B2/4PN2/PPP2PPP/RN1QKB1R w	1203	859	236
r1bqk1nr/ppppbppp/2n5/8/2BpP3/5N2/PPP2PPP/RNBQK2R w	1202	843	169
rnbqk2r/ppppppbp/5np1/8/8/1P2P3/PBPP1PPP/RN1QKBNR w	1200	1009	563
rnbqkb1r/pppn1ppp/4p3/3pP3/3P4/2N2N2/PPP2PPP/R1BQKB1R b	1199	957	469
rnbqkbnr/ppp1pppp/8/3p4/8/5P2/PPPPP1PP/RNBQKBNR w	1198	780	330
rnbqkbnr/ppp2ppp/4p3/3p4/3PP3/3B4/PPP2PPP/RNBQK1NR b	1198	1031	447
rnbqkb1r/pppp1ppp/4pn2/8/3P4/5NP1/PPP1PP1P/RNBQKB1R b	1197	1098	723
rnbqk1nr/ppp2ppp/3b4/3p4/3P4/3B1N2/PPP2PPP/RNBQK2R b	1197	1086	433
rnbqk1nr/pp1pppbp/6p1/2p5/4P3/2N2N2/PPPP1PPP/R1BQKB1R w	1196	875	377
rnbqk1nr/ppppppbp/6p1/8/4P3/2NP4/PPP2PPP/R1BQKBNR b	1195	844	303
rnbqkb1r/pp2pppp/3p1n2/2p5/3PP3/2N2N2/PPP2PPP/R1BQKB1R b	1195	917	407
rnbqk2r/ppppppbp/5np1/8/3PP3/2N2N2/PPP2PPP/R1BQKB1R b	1195	634	257
r1bqkbnr/ppp2ppp/2nP4/8/8/5N2/PPP1PPPP/RNBQKB1R b	1195	658	227
r1bqkb1r/1ppp1ppp/p1n2n2/4p3/B3P3/3P1N2/PPP2PPP/RNBQK2R b	1193	856	393
rnbqkbnr/ppp2ppp/3Pp3/8/8/8/PPPP1PPP/RNBQKBNR b	1192	672	230
r1bqkbnr/pp1p1ppp/2n1p3/8/2B1P3/2N2N2/PP3PPP/R1BQK2R b	1191	1030	442
rn1qkbnr/pbpppppp/1p6/8/2PP4/5N2/PP2PPPP/RNBQKB1R b	1188	862	323
rnbqkbnr/ppp2ppp/4p3/3p4/4P3/2NP4/PPP2PPP/R1BQKBNR b	1187	868	380
r2qkbnr/pp2pppp/2n5/3p4/3P2b1/3B1N2/PPP2PPP/RNBQK2R w	1187	995	342
rnbqkbnr/pp2pppp/2p5/3p4/5P2/5N2/PPPPP1PP/RNBQKB1R w	1184	1007	472
rnbqkb1r/pp2pppp/3p1n2/2pP4/2P5/8/PP2PPPP/RNBQKBNR w	1184	1004	481
rnbqkb1r/pp1p1ppp/5n2/2pp4/2P5/2N5/PP2PPPP/R1BQKBNR w	1183	1086	694
rnbq1rk1/ppp1ppbp/3p1np1/8/2PP4/2N1PN2/PP3PPP/R1BQKB1R w	1183	877	322
r3kbnr/ppp1pppp/2n5/3q4/3P2b1/5N2/PPP2PPP/RNBQKB1R w	1182	867	248
rnbqkbnr/ppp1pppp/8/8/2p5/5N2/PP1PPPPP/RNBQKB1R w	1181	715	210
r1bqkbnr/pp1p1ppp/2n5/2p1p3/4P3/2N2N2/PPPP1PPP/R1BQKB1R w	1179	709	247
rnbqk2r/ppppppbp/5np1/8/2P5/2N3P1/PP1PPP1P/R1BQKBNR w	1179	950	415
rnbqkbnr/pp1p1ppp/4p3/8/4P3/2N5/PP3PPP/R1BQKBNR w	1179	1035	424
r1bqkb1r/pp2pppp/2n2n2/3p4/3P4/3B1N2/PPP2PPP/RNBQK2R w	1179	1039	565
rnbqkb1r/pppppppp/5n2/8/5P2/5N2/PPPPP1PP/RNBQKB1R b	1178	936	424
rnbqkb1r/ppp2ppp/4pn2/3p2B1/3P4/2N2N2/PPP1PPPP/R2QKB1R b	1178	634	170
rnbqkb1r/ppp2ppp/5n2/3pp3/8/3P2P1/PPP1PPBP/RNBQK1NR w	1177	732	181
rnbqkb1r/ppp2ppp/4pn2/3p2B1/2PP4/5N2/PP2PPPP/RN1QKB1R b	1177	870	283
rnbqkbnr/ppp1pppp/8/8/8/5N2/PPPPBPPP/RNBQK2R b	1176	920	267
rnbqkb1r/pppppp1p/5np1/8/2PP4/4P3/PP3PPP/RNBQKBNR b	1175	788	241
rnbqkb1r/pppppppp/8/3nP3/8/5N2/PPPP1PPP/RNBQKB1R b	1175	894	371
rn1qkbnr/pp2pppp/2p5/3p1b2/3P1B2/5N2/PPP1PPPP/RN1QKB1R w	1174	759	198
r1bqkbnr/p2p1ppp/2p5/4p3/4P3/2N5/PPP2PPP/R1BQKB1R b	1174	811	171
rnbqkbnr/pp2pppp/2pp4/8/2PPP3/8/PP3PPP/RNBQKBNR b	1173	924	381
rnbqkbnr/pp1p1ppp/4p3/2p5/2P5/2N5/PP1PPPPP/R1BQKBNR w	1171	848	274
rnbqkbnr/pp2pppp/2pp4/8/4P3/2N5/PPPP1PPP/R1BQKBNR w	1170	943	471
rnb1kbnr/pp2pppp/8/2pq4/3P4/2P5/PP3PPP/RNBQKBNR b	1170	1104	670
r1bqkbnr/pp1ppppp/2n5/2p5/8/5NP1/PPPPPP1P/RNBQKB1R w	1169	986	611
rnbqkb1r/ppp1pppp/3p1n2/8/2B1P3/2N5/PPPP1PPP/R1BQK1NR b	1169	684	204
rnbqkb1r/pp1ppppp/5n2/2p5/2P5/2N5/PP1PPPPP/R1BQKBNR w	1168	926	492
rnbqkb1r/ppp1pppp/3p1n2/8/2P5/2N5/PP1PPPPP/R1BQKBNR w	1168	893	401
rnbqkbnr/pp3ppp/4p3/2pp4/3PP3/8/PPPN1PPP/R1BQKBNR w	1167	1044	602
rnbqkbnr/ppp1pppp/8/3p4/5P2/4P3/PPPP2PP/RNBQKBNR b	1164	780	249
rnbqkb1r/p2ppppp/5n2/1PpP4/8/8/PP2PPPP/RNBQKBNR b	1164	1133	825
rnbqkbnr/1p1ppppp/p7/8/3NP3/8/PPP2PPP/RNBQKB1R b	1164	940	391
r1bqkb1r/pppp1ppp/2n5/1B2p3/4n3/5N2/PPPP1PPP/RNBQ1RK1 w	1164	756	412
rnbqkbnr/ppppp1pp/8/5p2/3P4/2N5/PPP1PPPP/R1BQKBNR b	1162	780	312
rn1qk2r/pbpp1ppp/1p2pn2/8/1b1PP3/2NB1N2/PPP2PPP/R1BQK2R w	1162	875	254
rnbqkbnr/pp2pppp/8/2PpP3/8/8/PPP2PPP/RNBQKBNR b	1159	751	440
rnbqkbnr/ppp2ppp/4p3/3P4/8/3P4/PPP2PPP/RNBQKBNR b	1157	709	189
rnbqkbnr/pp1p1ppp/8/2pP4/8/8/PP2PPPP/RNBQKBNR b	1157	875	347
r1bqkbnr/pppppppp/2n5/8/3P4/4P3/PPP2PPP/RNBQKBNR b	1156	465	169
rnbqkbnr/pp1p1ppp/2p1p3/8/3PP3/2N5/PPP2PPP/R1BQKBNR b	1156	743	170
r1bqkb1r/pppp1ppp/2n2n2/8/2BpP3/5N2/PPP2PPP/RNBQ1RK1 b	1156	868	390
rn1qkbnr/pbpp1ppp/1p2p3/8/3PP3/2NB4/PPP2PPP/R1BQK1NR b	1154	909	357
rnbqkb1r/ppp1pppp/5n2/3p4/4P3/3P4/PPP2PPP/RNBQKBNR w	1153	721	320
r1bqkbnr/pp1p1ppp/2n1p3/2p5/4P3/3P1N2/PPP2PPP/RNBQKB1R w	1153	735	263
rnbqkbnr/ppp2ppp/4p3/3p4/5P2/4PN2/PPPP2PP/RNBQKB1R b	1150	890	308
rn1qkbnr/pbpppppp/1p6/8/3P1B2/5N2/PPP1PPPP/RN1QKB1R b	1148	701	193
r1bqkbnr/pp1ppppp/2n5/2pP4/4P3/8/PPP2PPP/RNBQKBNR b	1147	809	278
rnbqkbnr/p1pppppp/8/1p6/3P4/8/PPP1PPPP/RNBQKBNR w	1146	724	294
rnbqkbnr/pppp1ppp/8/8/3Q4/2N5/PPP1PPPP/R1B1KBNR b	1146	573	167
r1bqkb1r/2pp1ppp/p1n2n2/1p2p3/B3P3/5N2/PPPP1PPP/RNBQ1RK1 w	1144	911	458
rnbqk2r/ppppppbp/5np1/8/3P4/3BPN2/PPP2PPP/RNBQK2R b	1143	712	234
rnbqkbnr/pp3ppp/4p3/3p4/3P4/2N2N2/PPP2PPP/R1BQKB1R b	1142	671	169
r1bqkbnr/pp2pppp/2n5/3pP3/3P4/8/PP3PPP/RNBQKBNR b	1141	938	296
rnbqkbnr/pp2pppp/2p5/3p2B1/3P4/5N2/PPP1PPPP/RN1QKB1R b	1139	990	479
rnbqkb1r/pppp1ppp/4pn2/8/8/5NP1/PPPPPPBP/RNBQK2R b	1139	996	691
rnbqkbnr/pp3ppp/2p1p3/3p4/3P1B2/4PN2/PPP2PPP/RN1QKB1R b	1139	712	173
rnbqkbnr/pppp1ppp/8/8/3N4/8/PPP1PPPP/RNBQKB1R b	1138	583	206
rnbqkb1r/pp3ppp/4pn2/2pp4/3P4/3BPN2/PPP2PPP/RNBQK2R w	1138	872	269
rnbqkb1r/ppp2ppp/4pn2/3p4/3P4/4PN2/PPP1BPPP/RNBQK2R b	1137	839	334
rn1qkbnr/pp2pppp/2p5/3pPb2/5P2/5N2/PPPP2PP/RNBQKB1R b	1136	887	215
r1bqkb1r/pp2pppp/2n2n2/2pp4/3P1B2/4PN2/PPP2PPP/RN1QKB1R w	1136	950	522
rnbqkbnr/ppp2ppp/4p3/8/3pP3/2N2N2/PPPP1PPP/R1BQKB1R w	1135	832	363
rnbqkbnr/pppp1ppp/8/4p3/8/5P2/PPPPP1PP/RNBQKBNR w	1133	537	199
rnbqkbnr/pp1ppppp/8/2p5/3P4/2N5/PPP1PPPP/R1BQKBNR b	1133	886	459
r1bqkbnr/pppp1ppp/2n5/4p3/8/5NP1/PPPPPP1P/RNBQKB1R w	1131	581	225
rnbqkbnr/ppp2ppp/8/3P4/4p3/5N2/PPPPQPPP/RNB1KB1R b	1130	811	239
rnbqk1nr/ppp1ppbp/3p2p1/8/3PP3/4B3/PPP2PPP/RN1QKBNR w	1127	952	318
rnbqkbnr/ppp2ppp/8/4P3/2Pp4/5N2/PP2PPPP/RNBQKB1R b	1127	853	291
r1bqkbnr/pppnpppp/3p4/8/4P3/5N2/PPPP1PPP/RNBQKB1R w	1126	773	245
rnbqkb1r/pp2pp1p/3p1np1/8/3NP3/2N1B3/PPP2PPP/R2QKB1R b	1126	1037	646
r1bqkbnr/pp1p1ppp/2n1p3/1Bp5/4P3/2N2N2/PPPP1PPP/R1BQK2R b	1125	667	202
rnbqkbnr/pp1ppppp/2p5/8/8/2N5/PPPPPPPP/R1BQKBNR w	1123	769	359
rnbqkbnr/pp1p1ppp/8/2pP4/8/8/PPP2PPP/RNBQKBNR b	1123	746	257
rnbqk2r/pppp1ppp/4pn2/8/1bPP4/5N2/PP2PPPP/RNBQKB1R w	1122	988	648
rnbq1rk1/ppp1ppbp/3p1np1/8/2PPPP2/2N5/PP4PP/R1BQKBNR w	1119	1016	510
r1bqkb1r/p2p1ppp/2p2n2/4p3/4P3/2N5/PPP2PPP/R1BQKB1R w	1118	828	272
rnbqkbnr/2pppppp/p7/1p6/3PP3/8/PPP2PPP/RNBQKBNR w	1116	748	255
rnbqkb1r/ppp1pppp/5n2/8/2PP4/8/PP3PPP/RNBQKBNR w	1116	937	313
rnbqk1nr/ppppbppp/4p3/8/3PP3/5N2/PPP2PPP/RNBQKB1R b	1115	812	246
rnbqkb1r/pppppppp/5n2/8/1P6/8/P1PPPPPP/RNBQKBNR w	1114	817	265
rnbqk2r/ppppppbp/5np1/8/2PP4/2N1P3/PP3PPP/R1BQKBNR b	1114	767	254
rnbqkb1r/ppp2ppp/4pn2/3p4/8/1P2PN2/PBPP1PPP/RN1QKB1R b	1114	995	532
rnbqkbnr/ppp1pppp/8/3p4/8/2PP4/PP2PPPP/RNBQKBNR b	1113	782	327
r1bqkb1r/pppp1ppp/2n2n2/4p3/8/1P2P3/PBPP1PPP/RN1QKBNR w	1113	642	241
r1bqkb1r/pp1p1ppp/2n2n2/1N2p3/4P3/2N5/PPP2PPP/R1BQKB1R b	1112	1075	740
rnbqk1nr/pp1pppbp/6p1/2p5/3PP3/2P2N2/PP3PPP/RNBQKB1R b	1111	921	412
rn1qkbnr/pbpppppp/1p6/8/2P5/2N5/PP1PPPPP/R1BQKBNR w	1108	840	354
rn1qkbnr/pp2pppp/2p5/3pPb2/3P4/2P5/PP3PPP/RNBQKBNR b	1108	746	197
rnbqkb1r/ppp1pppp/3p1n2/8/8/1P6/PBPPPPPP/RN1QKBNR w	1107	843	428
rnbqkbnr/ppp1pppp/8/8/2P5/8/PP1P1PPP/RNBQKBNR w	1104	781	223
r1bqkbnr/pppn1ppp/4p3/8/3PN3/8/PPP2PPP/R1BQKBNR w	1104	1057	702
rnbqkb1r/ppp1pppp/5n2/8/3PP3/8/PP3PPP/RNBQKBNR w	1104	756	215
r1bqkbnr/ppp1pppp/2n5/3p4/5P2/4PN2/PPPP2PP/RNBQKB1R b	1103	741	179
rnbqkb1r/pppp2pp/4pn2/5p2/2PP4/2N2N2/PP2PPPP/R1BQKB1R b	1101	932	388
rnbqkb1r/pp1ppppp/2p2n2/8/2PP4/2N5/PP2PPPP/R1BQKBNR b	1099	892	390
rnbqkb1r/p1pp1ppp/1p2pn2/8/2PP4/5N2/PP2PPPP/RNBQKB1R w	1099	1034	728
rnbqkb1r/ppp2ppp/4pn2/3p4/3P1P2/4P3/PPP3PP/RNBQKBNR w	1099	833	313
rnbqkb1r/pp2pppp/5n2/2pp4/3P1B2/2P1P3/PP3PPP/RN1QKBNR b	1099	874	478
rnbqk1nr/ppp1ppbp/3p2p1/8/3P4/4PN2/PPP2PPP/RNBQKB1R w	1098	788	316
r1bqkbnr/pppnpppp/3p4/8/3PP3/5N2/PPP2PPP/RNBQKB1R b	1096	766	215
rnbqkbnr/pppppp1p/6p1/8/3P4/2P5/PP2PPPP/RNBQKBNR b	1095	816	368
rnbqkb1r/pppp1ppp/4pn2/8/4P3/2N5/PPPP1PPP/R1BQKBNR w	1095	558	177
rnbqkb1r/pppppppp/5n2/8/2P5/4P3/PP1P1PPP/RNBQKBNR b	1093	815	265
rnbqkb1r/3ppppp/p4n2/1PpP4/8/8/PP2PPPP/RNBQKBNR w	1093	1070	785
r1bqkbnr/pppppppp/2n5/8/8/6P1/PPPPPP1P/RNBQKBNR w	1091	662	257
rnbqkb1r/ppp2ppp/4pn2/3p2B1/3P4/4PN2/PPP2PPP/RN1QKB1R b	1091	919	349
r1bqkbnr/pp2pppp/2n5/3p4/3P4/2N5/PP2PPPP/R1BQKBNR w	1091	925	471
r1bqkbnr/pp1ppppp/2n5/2p5/2P1P3/2N5/PP1P1PPP/R1BQKBNR b	1090	787	324
rn1qkb1r/pp2pppp/2p2n2/3p4/3P1Bb1/4PN2/PPP2PPP/RN1QKB1R w	1090	827	279
r1b1kbnr/pp2pppp/2n5/3q4/3P4/8/PP3PPP/RNBQKBNR w	1090	978	466
rnbqkb1r/ppp1pppp/5n2/8/3P4/5N2/PPP2PPP/RNBQKB1R w	1087	905	337
rnbqk1nr/ppp1ppbp/3p2p1/8/3PP3/4BN2/PPP2PPP/RN1QKB1R b	1085	764	184
rnbqk1nr/ppppppbp/6p1/8/2B1P3/2N5/PPPP1PPP/R1BQK1NR b	1084	739	247
rn1qkbnr/pp3ppp/2p1p3/3pPb2/3P4/2N5/PPP2PPP/R1BQKBNR w	1084	566	174
rnbqkbnr/pppppp1p/6p1/8/8/2N5/PPPPPPPP/R1BQKBNR w	1083	776	402
rnbqkb1r/pppppppp/5n2/8/8/4PN2/PPPP1PPP/RNBQKB1R b	1082	833	477
rnbqkb1r/ppp1pppp/8/3n4/3P4/2N5/PPP2PPP/R1BQKBNR b	1081	855	321
rnbqk1nr/pp1pppbp/6p1/8/3PP3/5N2/PP3PPP/RNBQKB1R b	1081	885	395
rnbqkbnr/pp1ppppp/2p5/8/2P5/5N2/PP1PPPPP/RNBQKB1R b	1080	931	578
rnbqkb1r/pp2pppp/2p2n2/3p4/2PP1B2/2N5/PP2PPPP/R2QKBNR b	1080	840	297
r1bqk1nr/pp1pppbp/2n3p1/2p5/2B1P3/2N2N2/PPPP1PPP/R1BQK2R w	1080	647	228
rnbqkb1r/pp3ppp/2p1pn2/3p2B1/2PP4/2N5/PP2PPPP/R2QKBNR w	1079	859	255
r1bqkbnr/pppp1ppp/2n5/4p3/3P4/4P3/PPP2PPP/RNBQKBNR w	1077	473	193
rnbqk1nr/ppp1ppbp/3p2p1/8/2PPP3/5N2/PP3PPP/RNBQKB1R b	1077	735	196
rnbqkb1r/ppp1pp1p/3p1np1/8/3P4/4PN2/PPP2PPP/RNBQKB1R w	1075	722	300
rnbqkb1r/pp2pppp/3p1n2/8/3pP3/2N2N2/PPP2PPP/R1BQKB1R w	1075	837	387
rnbqkb1r/1p2pppp/p2p1n2/8/2BNP3/2N5/PPP2PPP/R1BQK2R b	1075	932	469
r1bqkbnr/pp2pppp/2np4/2p5/4PP2/2N2N2/PPPP2PP/R1BQKB1R b	1072	901	352
r1bqk1nr/pppp1ppp/2n5/2b1p3/2B1P3/2NP4/PPP2PPP/R1BQK1NR b	1072	670	181
r1bqkbnr/pp2pppp/2n5/2pp4/4P3/2P2N2/PP1P1PPP/RNBQKB1R w	1071	942	357
r1bqkbnr/ppp1pppp/2n5/3P4/3P4/8/PP2PPPP/RNBQKBNR b	1069	602	167
r1bqk2r/pppp1ppp/2n2n2/1Bb1p3/4P3/3P1N2/PPP2PPP/RNBQK2R w	1069	563	245
rnbqkb1r/ppp1pppp/3p1n2/4P3/8/5N2/PPPP1PPP/RNBQKB1R b	1066	607	170
r1bqkbnr/pppp1ppp/2n5/4p3/2P5/2N2N2/PP1PPPPP/R1BQKB1R b	1066	720	337
rnbqkb1r/pp2pppp/1n1p4/8/2PP4/8/PP3PPP/RNBQKBNR w	1066	975	557
r1bqkbnr/pppp1ppp/2n5/8/4Pp2/2N5/PPPP2PP/R1BQKBNR w	1065	656	237
rnbqkb1r/ppp1pppp/5n2/3p4/3P4/6P1/PPP1PPBP/RNBQK1NR b	1062	695	218
rnbqk2r/ppp1ppbp/3p1np1/8/3PPP2/2N2N2/PPP3PP/R1BQKB1R b	1062	920	478
rnbqkbnr/ppp2ppp/3p4/4p3/8/6P1/PPPPPPBP/RNBQK1NR w	1061	609	185
rnbqkbnr/pp1ppp1p/6p1/2p5/4P3/2N2N2/PPPP1PPP/R1BQKB1R b	1060	748	301
rnbqkb1r/ppp2ppp/5n2/3p4/3P4/5N2/PPP1BPPP/RNBQK2R b	1056	796	229
rnbqkbnr/pp2pppp/2p5/3p4/3P4/2P2N2/PP2PPPP/RNBQKB1R b	1055	887	528
rnbqkbnr/ppp2ppp/8/3P4/8/8/PP1P1PPP/RNBQKBNR b	1055	900	417
rnbqkbnr/pp3ppp/4p3/2pP4/3P4/5N2/PPP2PPP/RNBQKB1R b	1055	729	181
r1bqk1nr/pp1pppbp/2n3p1/2p5/4PP2/2N2N2/PPPP2PP/R1BQKB1R w	1053	966	581
rnb1kbnr/pp2pppp/8/3q4/8/2N5/PP1P1PPP/R1BQKBNR b	1053	780	289
rnbqkbnr/pp1p1ppp/4p3/8/4P3/2N2N2/PP3PPP/R1BQKB1R b	1053	932	420
rnbqkb1r/pppp1ppp/8/4P3/2P3n1/5N2/PP2PPPP/RNBQKB1R b	1052	902	354
r1bqkbnr/pp1p1ppp/2n1p3/2p5/2B1P3/2NP4/PPP2PPP/R1BQK1NR b	1051	730	203
rnbqkbnr/pp2pppp/2p5/3p4/3P4/3BP3/PPP2PPP/RNBQK1NR b	1049	707	242
rnbqkbnr/pp3ppp/4p3/3p4/3PP3/8/PP3PPP/RNBQKBNR w	1049	868	300
rnbqkb1r/ppp2ppp/4p3/3n4/3P4/2N5/PP2PPPP/R1BQKBNR w	1049	789	233
rnbqk2r/pp3ppp/2pb1p2/8/3P4/5N2/PPP2PPP/R1BQKB1R w	1049	901	460
rnbqkb1r/pp1n1ppp/4p3/2ppP3/3P1P2/2N5/PPP3PP/R1BQKBNR w	1047	999	638
rnbqkb1r/ppppnppp/4p3/8/3PP3/5N2/PPP2PPP/RNBQKB1R b	1046	651	165
rnbq1rk1/ppp1ppbp/3p1np1/8/2PPP3/2N1BP2/PP4PP/R2QKBNR b	1046	1003	644
rnbqkbnr/pp1p1ppp/4p3/2p5/4P3/2NP4/PPP2PPP/R1BQKBNR b	1044	778	311
rnbqkb1r/pppppppp/5n2/8/8/3P1N2/PPP1PPPP/RNBQKB1R b	1043	830	442
rnbqkbnr/pp3ppp/4p3/2pp4/3PP3/2P5/PP3PPP/RNBQKBNR w	1043	850	397
r1bqkbnr/pp1npppp/2p5/8/3PN3/8/PPP2PPP/R1BQKBNR w	1043	943	535
rnbqkbnr/pppp1ppp/4p3/8/8/4PN2/PPPP1PPP/RNBQKB1R b	1041	626	267
rn1qkb1r/pp2pppp/2p2n2/3p1b2/3P1B2/4PN2/PPP2PPP/RN1QKB1R w	1041	792	320
rnbqkb1r/pppppppp/8/6B1/3Pn3/8/PPP1PPPP/RN1QKBNR w	1039	899	560
rnbqkbnr/pp2pppp/8/2pp4/4P3/5N2/PPPP1PPP/RNBQKB1R w	1039	601	195
rn1qkbnr/pbpp1ppp/1p2p3/8/3P1B2/4PN2/PPP2PPP/RN1QKB1R b	1039	650	181
rnbqkbnr/p1pp1ppp/1p2p3/8/2PP4/2N5/PP2PPPP/R1BQKBNR b	1038	819	276
r1bqkbnr/pp1ppp1p/2n3p1/2p5/4PP2/5N2/PPPP2PP/RNBQKB1R w	1038	825	216
r1bqkb1r/ppp1pppp/2n2n2/3p4/8/5NP1/PPPPPPBP/RNBQK2R w	1037	623	220
rnbqkbnr/ppp1pppp/8/8/2PP4/8/PP3PPP/RNBQKBNR b	1037	854	259
rnbqkbnr/pppp1ppp/4p3/8/2P5/4P3/PP1P1PPP/RNBQKBNR b	1036	728	223
rnbqkbnr/pp1p1ppp/8/2pPp3/8/8/PPP1PPPP/RNBQKBNR w	1036	937	571
r1bqkb1r/pppp1ppp/2n2n2/8/2P5/8/PP2PPPP/RNBQKBNR w	1036	676	182
r1b1kbnr/pp2pppp/2n5/3q4/3P4/5N2/PP3PPP/RNBQKB1R b	1036	944	498
rnbqkbnr/pppp1ppp/4p3/8/1P6/8/PBPPPPPP/RN1QKBNR b	1035	708	191
r1bqk2r/1pppbppp/p1n2n2/4p3/B3P3/5N2/PPPP1PPP/RNBQ1RK1 w	1035	956	592
r1bqkb1r/pp2pppp/2n2n2/3p4/2PP4/2N2N2/PP3PPP/R1BQKB1R b	1035	975	584
rnbqkb1r/pp2pppp/2p2n2/8/2pP4/2N2N2/PP2PPPP/R1BQKB1R w	1028	928	582
rnbqkbnr/ppp2ppp/3p4/4p3/3P4/4P3/PPP2PPP/RNBQKBNR w	1027	486	179
rnbqkb1r/ppp1pppp/3p4/3nP3/3P4/5N2/PPP2PPP/RNBQKB1R b	1027	881	498
rnbq1rk1/ppppppbp/5np1/8/3P4/5NP1/PPP1PPBP/RNBQK2R w	1027	899	621
rnbqkbnr/pp1ppppp/8/2p5/8/4PN2/PPPP1PPP/RNBQKB1R b	1023	769	373
rnbqkb1r/ppp1pppp/3p1n2/8/3P1B2/2N5/PPP1PPPP/R2QKBNR b	1023	686	316
rnbqkb1r/ppp2ppp/5n2/3pp3/4PP2/2N5/PPPP2PP/R1BQKBNR w	1023	794	372
rnbqkb1r/pp1p1ppp/4pn2/2p5/2PP4/2N5/PP2PPPP/R1BQKBNR w	1022	855	388
rnbqk2r/ppp1ppbp/3p1np1/8/2PP4/2N1PN2/PP3PPP/R1BQKB1R b	1022	770	280
rn1qkbnr/pbpp1ppp/1p2p3/8/2PP4/2N2N2/PP2PPPP/R1BQKB1R b	1021	780	273
rnbqkb1r/pp2pppp/3p1n2/2pP4/2P5/2N5/PP2PPPP/R1BQKBNR b	1021	882	444
rnbqk2r/ppp1bppp/4pn2/3p4/8/5NP1/PPPPPPBP/RNBQ1RK1 w	1021	954	775
rnbq1rk1/ppp1ppbp/3p1np1/8/3PP3/2NB1N2/PPP2PPP/R1BQK2R w	1021	695	237
r1bqkb1r/pp3ppp/2np1n2/1N2p3/4P3/2N5/PPP2PPP/R1BQKB1R w	1021	988	674
rnbqkbnr/pp1ppppp/2p5/8/3P4/2P5/PP2PPPP/RNBQKBNR b	1020	812	413
rnbqk1nr/ppppppbp/6p1/8/3P4/2N2N2/PPP1PPPP/R1BQKB1R b	1019	549	206
rnbqkbnr/pp1p1ppp/4p3/2p5/3P4/4PN2/PPP2PPP/RNBQKB1R b	1019	692	278
rnbqkbnr/pp2pppp/8/3p4/3P4/5N2/PP2PPPP/RNBQKB1R b	1018	833	455
rnbqkb1r/pppppppp/5n2/8/8/2P5/PP1PPPPP/RNBQKBNR w	1017	786	401
rnbqkb1r/ppp1pp1p/6p1/3n4/3PP3/2N5/PP3PPP/R1BQKBNR b	1017	952	577
rnbqkbnr/1ppppppp/8/p7/3P4/8/PPP1PPPP/RNBQKBNR w	1016	430	169
rnbqkbnr/pp3ppp/2p1p3/3p4/4P3/2N2N2/PPPP1PPP/R1BQKB1R w	1015	653	232
rnbq1rk1/ppppppbp/5np1/8/2P5/2N3P1/PP1PPPBP/R1BQK1NR w	1014	845	475
rnbqkb1r/ppp1pp1p/6p1/8/3PP3/2P5/P4PPP/R1BQKBNR b	1014	950	571
r1bqkbnr/pppp1ppp/2n5/8/4Pp2/2N2N2/PPPP2PP/R1BQKB1R b	1013	598	203
rnbqkbnr/ppp2ppp/8/3p4/8/3P4/PPP2PPP/RNBQKBNR w	1012	656	185
r1bqkbnr/pp3ppp/2n1p3/3p4/3PP3/5N2/PP3PPP/RNBQKB1R w	1012	776	193
r1bqkb1r/pppp1ppp/2n2n2/8/2P5/2N5/PP2PPPP/R1BQKBNR b	1011	729	219
r1bqkbnr/pppppppp/2n5/3P4/8/8/PPP1PPPP/RNBQKBNR b	1010	535	253
rnbqkb1r/pppppp1p/5np1/8/2P5/2N3P1/PP1PPP1P/R1BQKBNR b	1010	848	406
rnbqkb1r/ppp1pppp/5n2/3P4/8/2N5/PP1PPPPP/R1BQKBNR b	1009	802	337
rnbqk1nr/pppp1ppp/8/4p3/1bP5/2N5/PP1PPPPP/R1BQKBNR w	1007	570	212
r1bqkbnr/pppp1ppp/2n5/4p3/8/1P3N2/PBPPPPPP/RN1QKB1R b	1007	586	249
r1bqkbnr/pp1p1ppp/2n1p3/8/4P3/2N2N2/PP3PPP/R1BQKB1R w	1007	877	400
rnbqkbnr/pppp2pp/4p3/5p2/3P4/5N2/PPP1PPPP/RNBQKB1R w	1006	791	394
rnbqkb1r/pp1ppppp/5n2/2p5/2PP4/5N2/PP2PPPP/RNBQKB1R b	1006	927	640
rnbqkb1r/ppp1pppp/5n2/6N1/2B1p3/8/PPPP1PPP/RNBQK2R b	1003	580	208
rnbqkb1r/pp2pppp/5n2/3p4/3P4/5N2/PP2PPPP/RNBQKB1R w	1003	913	658
rnbqkb1r/ppp1pp1p/5np1/3p4/2PP4/2N2N2/PP2PPPP/R1BQKB1R b	1002	889	475
rnbqkbnr/pp3ppp/2p1p3/3p4/2PP4/2N1P3/PP3PPP/R1BQKBNR b	1002	745	242
rnbqk2r/ppp1bppp/4pn2/3p2B1/3PP3/2N5/PPP2PPP/R2QKBNR w	1001	919	511
r1bqkb1r/pp2pppp/2n2n2/1B1p4/3P4/2N2N2/PPP2PPP/R1BQK2R b	1000	574	176
rnbqkbnr/pppp1ppp/4p3/8/4P3/1P6/P1PP1PPP/RNBQKBNR b	999	745	307
rnbqkbnr/pp2pppp/8/2ppP3/8/2P5/PP1P1PPP/RNBQKBNR b	999	762	214
rnbqkb1r/ppp2ppp/3p1n2/4p3/3PP3/2N5/PPP2PPP/R1BQKBNR w	999	829	610
rnbqkb1r/ppp1pp1p/6p1/8/3PP3/2n5/PP3PPP/R1BQKBNR w	998	936	567
r1bqkbnr/pp2pppp/2n5/2pp4/3P1B2/4P3/PPP2PPP/RN1QKBNR w	996	712	272
rnbqkbnr/ppp2ppp/8/3pp3/8/5NP1/PPPPPPBP/RNBQK2R b	995	585	210
rnbqkbnr/pp1ppp1p/6p1/2p5/4P3/2P2N2/PP1P1PPP/RNBQKB1R b	995	827	335
rnbqkb1r/pp1ppppp/8/2pnP3/3P4/2P5/PP3PPP/RNBQKBNR b	995	924	551
rnbqk1nr/pppp1pbp/4p1p1/8/2PPP3/2N5/PP3PPP/R1BQKBNR b	994	763	199
rn1qkbnr/pp3ppp/2p1p3/3p1b2/2PP4/2N2N2/PP2PPPP/R1BQKB1R w	994	716	209
rnbqkbnr/pppp1ppp/8/4p3/8/3P1N2/PPP1PPPP/RNBQKB1R b	993	478	173
rnbqkbnr/pp2pppp/3p4/2pP4/4P3/8/PPP2PPP/RNBQKBNR b	993	641	204
rnbqkbnr/pp2pppp/8/2p5/3pP3/8/PPPPNPPP/R1BQKBNR w	992	845	466
r1bqkb1r/pp1ppppp/2N2n2/8/4P3/8/PPP2PPP/RNBQKB1R b	992	752	297
rnbqkbnr/pp3ppp/8/2pp4/3P4/2P2N2/PP3PPP/RNBQKB1R b	992	784	341
rnbqk2r/pp2ppbp/3p1np1/8/3NP3/2N1BP2/PPP3PP/R2QKB1R b	992	948	631
rnbqkbnr/ppp2ppp/3p4/4P3/8/8/PPPPP1PP/RNBQKBNR w	989	897	457
rnbqkbnr/pppp1ppp/8/8/2B1Pp2/8/PPPP2PP/RNBQK1NR b	989	663	197
r1b1kbnr/ppp1pppp/2n5/3q4/8/2N2N2/PPPP1PPP/R1BQKB1R b	989	587	201
rnbqk1nr/ppppppbp/6p1/8/3P4/2P5/PP2PPPP/RNBQKBNR w	988	744	338
r1bqk2r/2ppbppp/p1n2n2/1p2p3/4P3/1B3N2/PPPP1PPP/RNBQR1K1 b	988	929	576
rnbqkbnr/pppp2pp/8/4pp2/2P5/2N5/PP1PPPPP/R1BQKBNR w	987	736	251
rnbqk2r/ppppppbp/5np1/8/3PP3/2N5/PPP2PPP/R1BQKBNR w	986	612	240
rnbqkbnr/pp3ppp/8/2pp4/3P4/2N2N2/PPP2PPP/R1BQKB1R b	986	635	192
rnbqkb1r/ppp2ppp/4pn2/8/2BP4/2N2N2/PPP2PPP/R1BQK2R b	986	769	276
r1bqkb1r/pppp1ppp/2n2n2/4p3/2P5/2N3P1/PP1PPP1P/R1BQKBNR w	985	543	186
rnbqk1nr/pp1pppbp/6p1/8/3pP3/2P2N2/PP3PPP/RNBQKB1R w	985	833	396
rnbqkbnr/ppppp1pp/5p2/8/3PP3/8/PPP2PPP/RNBQKBNR b	982	537	201
rnbqkb1r/ppp1pppp/5n2/3p4/5P2/4PN2/PPPP2PP/RNBQKB1R b	982	811	357
rnbqkbnr/pp3ppp/3p4/2pPp3/2P5/8/PP2PPPP/RNBQKBNR w	982	907	476
rnbqkb1r/pppppppp/5n2/8/3P4/6P1/PPP1PP1P/RNBQKBNR b	980	735	338
rnbqkbnr/pp3ppp/2p1p3/3p4/3PP3/2N2N2/PPP2PPP/R1BQKB1R b	980	722	282
rnbqkbnr/ppp2ppp/8/4p3/2pP4/2N5/PP2PPPP/R1BQKBNR w	979	714	224
rnbqk2r/pppp1ppp/4pn2/8/1bPP4/2N1P3/PP3PPP/R1BQKBNR b	979	874	526
rnbqkbnr/pp2pppp/8/2pp4/5P2/4PN2/PPPP2PP/RNBQKB1R b	978	848	344
r1bqkb1r/pp2pppp/2n2n2/3p4/2PP4/5N2/PP3PPP/RNBQKB1R w	978	893	477
rnbqkbnr/pp2pppp/2p5/3p2B1/3P4/8/PPP1PPPP/RN1QKBNR w	977	845	386
rnbqk1nr/ppp1ppbp/3p2p1/8/4PP2/5N2/PPPP2PP/RNBQKB1R w	977	746	167
rnbqkbnr/pppppppp/8/4P3/8/8/PPPP1PPP/RNBQKBNR w	975	642	217
r1bqkb1r/pp1ppppp/2n2n2/2p5/4P3/2N2N2/PPPP1PPP/R1BQKB1R w	975	603	255
rn1qkbnr/pp3ppp/2p1p3/3pPb2/3P4/2P5/PP3PPP/RNBQKBNR w	975	663	175
rnbqkbnr/ppp2ppp/8/3p4/3Pp3/8/PPPNPPPP/RNBQKB1R w	974	717	286
rnbqkbnr/pp2pppp/3p4/8/3pP3/2P2N2/PP3PPP/RNBQKB1R b	974	860	441
rnbqkbnr/pppp1ppp/4p3/8/8/2P5/PP1PPPPP/RNBQKBNR w	973	649	238
rnbqkb1r/ppp1pppp/5B2/3p4/3P4/8/PPP1PPPP/RN1QKBNR b	971	786	390
rnbqkb1r/pp2pppp/2p2n2/3p4/3P4/3BPN2/PPP2PPP/RNBQK2R b	969	690	310
r1bqkbnr/ppp2ppp/2np4/4P3/4P3/8/PPP2PPP/RNBQKBNR w	968	679	221
r1bqkbnr/pp1ppp1p/2n3p1/2p5/3PP3/2N2N2/PPP2PPP/R1BQKB1R b	967	736	312
r1bqkbnr/pp3ppp/2n1p3/3pP3/3p4/2P2N2/PP3PPP/RNBQKB1R w	966	715	258
rnbqkb1r/ppp2ppp/4pn2/8/2BP4/4PN2/PP3PPP/RNBQK2R b	965	647	233
rnbqk2r/ppp1bppp/4pn2/3p4/2PP4/2N1PN2/PP3PPP/R1BQKB1R b	964	776	288
rnbqkb1r/pp2pppp/2p2n2/3p4/3P1B2/2N1P3/PPP2PPP/R2QKBNR b	963	745	374
rnbqkbnr/pppp1ppp/8/4p3/8/5NP1/PPPPPP1P/RNBQKB1R b	962	584	329
rnbqkb1r/pp1ppppp/5n2/2p5/3P1B2/4P3/PPP2PPP/RN1QKBNR b	962	806	427
rnbqk2r/ppppppbp/5np1/8/2P5/2N2N2/PP1PPPPP/R1BQKB1R w	962	827	482
rnbqkbnr/ppp1pppp/8/8/4p3/2NP4/PPP2PPP/R1BQKBNR b	960	618	190
rnbqkb1r/pppppppp/1n6/4P3/3P4/8/PPP2PPP/RNBQKBNR w	960	849	456
rnbqkb1r/pp2pppp/2P2n2/8/8/2N5/PPPP1PPP/R1BQKBNR b	958	604	195
rnbqk2r/ppp1bppp/3p1n2/8/2BNP3/2N5/PPP2PPP/R1BQK2R b	958	737	190
rnbqkb1r/pppppppp/5n2/8/1P6/8/PBPPPPPP/RN1QKBNR b	957	717	225
rnbqkbnr/ppp1pp1p/3p2p1/8/4P3/2N5/PPPP1PPP/R1BQKBNR w	957	671	345
r1bqkbnr/pppppppp/2n5/8/8/6P1/PPPPPPBP/RNBQK1NR b	956	593	227
rnbqkbnr/ppp2ppp/8/3pp3/4PP2/5N2/PPPP2PP/RNBQKB1R b	956	752	207
rn1qkb1r/pbpppppp/1p3n2/8/3PP3/2N5/PPP2PPP/R1BQKBNR w	956	578	209
rnbqkbnr/1p1p1ppp/p3p3/8/3pP3/2N2N2/PPP2PPP/R1BQKB1R w	956	741	316
rnbqk1nr/pp1pppbp/2p3p1/8/3PP3/5N2/PPP2PPP/RNBQKB1R w	955	668	255
rnbqkb1r/pp2pppp/2pp1n2/8/2PP4/2N5/PP2PPPP/R1BQKBNR w	955	742	279
rnbq1rk1/ppppppbp/5np1/8/2PP4/2N1PN2/PP3PPP/R1BQKB1R b	955	661	264
rnbqkbnr/pp1p1ppp/4p3/2p5/2P1P3/8/PP1P1PPP/RNBQKBNR w	954	679	200
r1bqkbnr/ppp2ppp/2n5/3pp3/8/3P1NP1/PPP1PPBP/RNBQK2R b	954	571	182
r1bqkbnr/pp1ppppp/2n5/8/4P3/2p2N2/PP3PPP/RNBQKB1R w	954	789	293
rnbqkb1r/pp2pppp/3p1n2/8/3PP3/8/PP3PPP/RNBQKBNR w	954	762	286
rnbqkb1r/pppppppp/8/8/3Pn3/8/PPP2PPP/RNBQKBNR w	953	644	293
rnbqkbnr/p1pppppp/1p6/8/3P4/2N5/PPP1PPPP/R1BQKBNR b	952	563	214
rnbqkb1r/pp2pppp/2p2n2/3p4/3P4/5NP1/PPP1PP1P/RNBQKB1R w	952	883	594
rnbqk2r/ppppppbp/5np1/8/2P5/6P1/PP1PPPBP/RNBQK1NR w	951	822	499
rnbqk2r/ppp1ppbp/5np1/3p4/3P1B2/4PN2/PPP2PPP/RN1QKB1R w	950	612	207
rnbqkb1r/pp1n1ppp/4p3/2ppP3/3P4/2N2N2/PPP2PPP/R1BQKB1R w	950	788	377
r1bqkbnr/pp3ppp/2np4/1N2p3/4P3/2N5/PPP2PPP/R1BQKB1R b	950	903	443
rnbqkb1r/pp3ppp/3ppn2/8/3NP3/2N5/PPP2PPP/R1BQKB1R w	949	793	355
rnbqkb1r/ppp2ppp/4pn2/3p4/8/1P3N2/PBPPPPPP/RN1QKB1R w	948	848	479
rnb1kbnr/ppp1pppp/8/q7/1P6/2N5/P1PP1PPP/R1BQKBNR b	948	657	265
rnbqkb1r/1p2pppp/p2p1n2/8/3NP3/2N5/PPP1BPPP/R1BQK2R b	945	875	462
r1bqkb1r/p2ppppp/2p2n2/8/4P3/8/PPP2PPP/RNBQKB1R w	944	719	286
rnbqkbnr/p1pp1ppp/1p2p3/8/2PPP3/8/PP3PPP/RNBQKBNR b	942	687	177
rnbqkb1r/ppp2ppp/4pn2/3p2B1/3P4/2N5/PPP1PPPP/R2QKBNR w	941	574	211
rnbqkbnr/ppp1ppp1/7p/3p2B1/3P4/8/PPP1PPPP/RN1QKBNR w	940	674	185
rnbqkbnr/pp2pppp/2p5/8/8/2N2N2/PPPP1PPP/R1BQKB1R w	939	626	175
rnbqkbnr/pp3ppp/2p1p3/3p4/3P4/4PN2/PPP2PPP/RNBQKB1R w	938	593	184
rnbq1rk1/ppp1bppp/4pn2/3p4/2PP4/5NP1/PP2PPBP/RNBQ1RK1 b	936	911	741
r1bqkb1r/pp2pppp/2n2n2/2pp4/3P1B2/2P1P3/PP3PPP/RN1QKBNR w	934	768	428
rn1qkbnr/pbpp1ppp/1p2p3/8/3P4/4PN2/PPP2PPP/RNBQKB1R w	933	612	197
rnbqkbnr/pp1ppppp/2p5/8/5P2/5N2/PPPPP1PP/RNBQKB1R b	932	772	354
rnbqkbnr/pp2pppp/8/2pp4/3P4/2N5/PPP1PPPP/R1BQKBNR w	932	516	197
rnbqkb1r/ppp1pppp/8/3n4/2PP4/8/PP3PPP/RNBQKBNR b	932	826	349
rnbqkbnr/p1pp1ppp/1p2p3/8/3P4/5N2/PPP1PPPP/RNBQKB1R w	931	659	263
rnbqkb1r/pppp1ppp/4pn2/8/2P5/5N2/PP1PPPPP/RNBQKB1R w	931	860	591
rnbqk1nr/pp3ppp/4p3/2ppP3/1b1P4/2N5/PPP2PPP/R1BQKBNR w	931	887	614
rnbqkbnr/pp1p1ppp/4p3/2p5/2P1P3/5N2/PP1P1PPP/RNBQKB1R b	930	711	339
r1bqkbnr/pp1ppp1p/2n3p1/2p5/2B1P3/2N2N2/PPPP1PPP/R1BQK2R b	929	527	172
rn1qkbnr/pp2pppp/2p5/3p1b2/2PP4/5N2/PP2PPPP/RNBQKB1R w	928	694	220
rnbqkb1r/pp2pppp/2p2n2/3p4/3P4/2N2N2/PPP1PPPP/R1BQKB1R w	928	584	217
rnbqkb1r/pppppp1p/5np1/6B1/3P4/8/PPP1PPPP/RN1QKBNR w	927	728	332
rnbqkbnr/pp1ppppp/8/8/2Pp4/5N2/PP2PPPP/RNBQKB1R b	927	820	470
r1bqkbnr/ppp1pppp/2n5/3P4/3P4/8/PPP2PPP/RNBQKBNR b	926	569	218
rn1qkb1r/pp2pppp/5n2/3p4/3P2b1/3B1N2/PPP2PPP/RNBQK2R w	926	759	240
rnbq1rk1/ppp1ppbp/3p1np1/8/3PP3/2N1BN2/PPP2PPP/R2QKB1R w	926	607	212
r1bqkbnr/pp2pppp/2np4/2p5/4P3/3P1N2/PPP2PPP/RNBQKB1R w	924	577	192
rnbqkb1r/pppp1ppp/4pn2/8/3P4/2P5/PP2PPPP/RNBQKBNR w	923	782	417
rnbqkb1r/ppp1pppp/3p1n2/8/4PP2/2N5/PPPP2PP/R1BQKBNR b	923	678	231
rnbqkbnr/pp2pppp/2p5/8/3pP3/2N2N2/PPPP1PPP/R1BQKB1R w	923	634	220
rnbqkb1r/pp2pppp/2p2n2/3pP3/3P4/2N5/PPP2PPP/R1BQKBNR b	923	568	249
r1bqkb1r/ppp2ppp/2n2n2/3pP3/2Bp4/5N2/PPP2PPP/RNBQK2R w	923	791	364
r2qkb1r/pp2pppp/2n2n2/3p4/3P2b1/2PB1N2/PP3PPP/RNBQK2R w	923	830	401
r1bqkbnr/pp1ppppp/2n5/2p5/4P3/P7/1PPP1PPP/RNBQKBNR w	922	692	212
r1bqkbnr/pp1ppp1p/2n3p1/2p5/4PP2/2N5/PPPP2PP/R1BQKBNR w	922	851	517
rnbqk2r/pppp1ppp/4pn2/8/1bPP4/2N5/PP1BPPPP/R2QKBNR b	922	708	313
rnbqkbnr/pp3ppp/3p4/4p3/3NP3/8/PPP2PPP/RNBQKB1R w	922	610	208
r1bqkbnr/pppp1ppp/2n5/4p3/2PP4/8/PP2PPPP/RNBQKBNR w	921	622	316
rnbqkb1r/ppppp1pp/5n2/5p2/3P4/4P3/PPP2PPP/RNBQKBNR w	919	613	199
rnbqkb1r/pppp1ppp/4pn2/8/3P4/2N2N2/PPP1PPPP/R1BQKB1R b	919	549	189
rn1qkb1r/pbpppppp/1p3n2/8/2PP4/2N5/PP2PPPP/R1BQKBNR w	918	754	337
r1bqk1nr/pp1pppbp/2N3p1/8/4P3/2N5/PPP2PPP/R1BQKB1R b	918	658	208
rnbqkbnr/pppppp1p/6p1/8/5P2/5N2/PPPPP1PP/RNBQKB1R b	917	739	328
rnbqkbnr/ppp1pppp/8/3p4/8/3P4/PPPNPPPP/R1BQKBNR b	917	704	314
rnbqkb1r/pp2pppp/2pp1n2/8/4P3/2N2N2/PPPP1PPP/R1BQKB1R w	917	517	169
rnbqkbnr/ppp2ppp/8/3pp3/2PP4/2N5/PP2PPPP/R1BQKBNR b	916	634	207
rnbqkb1r/ppp1pppp/5N2/8/8/8/PPPP1PPP/R1BQKBNR b	916	647	309
rn2kb1r/ppp1pppp/5n2/q7/3P2b1/2N2N2/PPP2PPP/R1BQKB1R w	915	653	190
rn1qkb1r/pbpp1ppp/1p2pn2/8/3P1B2/4PN2/PPP2PPP/RN1QKB1R w	913	705	300
r1bqkbnr/pp2pppp/2n5/3p4/2PP4/8/PP3PPP/RNBQKBNR w	912	828	410
rnbqkbnr/ppp1pppp/3p4/8/5P2/5N2/PPPPP1PP/RNBQKB1R b	911	690	277
rnbqkbnr/ppp2ppp/4p3/8/3pP3/5N2/PPPPNPPP/R1BQKB1R b	911	732	331
r1bqk1nr/ppp2ppp/2nb4/1B1pp3/8/1P2P3/PBPP1PPP/RN1QK1NR w	911	655	188
rn1qkbnr/pp2ppp1/2p5/3pPb1p/3P3P/8/PPP2PP1/RNBQKBNR w	911	843	509
rnbqkbnr/pp2pppp/8/2pp4/2PP4/5N2/PP2PPPP/RNBQKB1R b	909	645	285
rnbqkbnr/pp3ppp/3pp3/2pP4/2P5/8/PP2PPPP/RNBQKBNR w	909	762	229
rnb1kb1r/ppp1pppp/5n2/q7/2B5/2N5/PPPP1PPP/R1BQK1NR w	909	656	223
rnbqkb1r/pp3ppp/2p1pn2/3p4/2PP4/4PN2/PP3PPP/RNBQKB1R w	909	685	302
rnbqkbnr/pp1ppppp/8/8/3Q1B2/8/PPP1PPPP/RN2KBNR b	908	635	197
rnbqk1nr/ppppppbp/6p1/8/2P5/2N3P1/PP1PPP1P/R1BQKBNR b	907	693	259
rnbqkb1r/ppp1pppp/5n2/3p4/8/1P3N2/PBPPPPPP/RN1QKB1R b	905	793	475
rnbqkbnr/ppp2ppp/4p3/3p4/8/1P3N2/PBPPPPPP/RN1QKB1R b	905	750	381
rnbqkb1r/pp1ppppp/5n2/2p5/3P4/4P3/PPP2PPP/RNBQKBNR w	903	761	404
rnbqk2r/ppp1ppbp/3p1np1/8/2BPP3/5N2/PPP2PPP/RNBQK2R w	903	630	196
r1b1kbnr/pp3ppp/1qn1p3/2ppP3/3P4/P1P2N2/1P3PPP/RNBQKB1R b	903	810	359
rn1qk1nr/pbpp1ppp/1p2p3/8/1bPPP3/2N5/PP3PPP/R1BQKBNR w	902	692	230
rnbqkbnr/ppp2ppp/4p3/3p4/3P4/6P1/PPP1PPBP/RNBQK1NR b	900	617	203
rnbqkb1r/pppp1ppp/4pn2/8/8/1P2P3/PBPP1PPP/RN1QKBNR b	900	767	440
rnbqkb1r/ppp2ppp/4pn2/6B1/3PN3/8/PPP2PPP/R2QKBNR b	898	803	409
r1bqkb1r/2pp1ppp/p1n2n2/1p2p3/4P3/1B1P1N2/PPP2PPP/RNBQK2R b	898	599	276
rn1qkbnr/pbpp1ppp/1p2p3/8/2PPP3/8/PP3PPP/RNBQKBNR w	897	661	168
rnbqkbnr/pp3ppp/2p1p3/3P4/3P4/2N5/PP2PPPP/R1BQKBNR b	897	721	298
rnbqkbnr/pp3ppp/4p3/2pp4/2PP4/2N2N2/PP2PPPP/R1BQKB1R b	897	582	183
rnbqkb1r/pp1n1ppp/4p3/2ppP3/3P1P2/2N2N2/PPP3PP/R1BQKB1R b	897	868	568
r1bqkbnr/ppp1pppp/2n5/3p4/8/6P1/PPPPPPBP/RNBQK1NR w	896	547	192
rn1qkbnr/pp2pppp/2p5/3pPb2/3P2P1/8/PPP2P1P/RNBQKBNR b	895	731	332
rnbqkb1r/pppp1ppp/4pn2/8/8/5NP1/PPPPPP1P/RNBQKB1R w	893	775	556
rnbqkbnr/pp3ppp/8/2pp4/3P4/2N5/PPP2PPP/R1BQKBNR w	893	554	167
rnbqkb1r/pp2pppp/2p2N2/8/8/5N2/PPPP1PPP/R1BQKB1R b	892	654	300
rnbqkb1r/pppppp1p/5np1/8/2P5/2N2N2/PP1PPPPP/R1BQKB1R b	891	798	509
rnbqkbnr/pp2pppp/2pp4/8/4P3/2N2N2/PPPP1PPP/R1BQKB1R b	891	644	275
r1bqkbnr/pp2pppp/2n5/2pp4/5P2/4PN2/PPPP2PP/RNBQKB1R w	891	788	332
rnbqkbnr/pp3ppp/4p3/2pP4/8/2P2N2/PP1P1PPP/RNBQKB1R b	891	786	393
rnbqk2r/ppp1bppp/5n2/3p4/3P4/3B1N2/PPP2PPP/RNBQK2R w	891	764	297
rn1qkbnr/pp2pppp/2p3b1/8/3P3P/6N1/PPP2PP1/R1BQKBNR b	891	775	423
rnbqkbnr/pp1p1ppp/4p3/2p5/2PP4/2N5/PP2PPPP/R1BQKBNR b	888	634	208
r1bqkbnr/ppp2ppp/2n5/3pp3/4P3/2P2N2/PP1P1PPP/RNBQKB1R w	888	498	168
r1bqkbnr/pp1ppppp/2n5/2p5/2P1P3/5N2/PP1P1PPP/RNBQKB1R b	886	540	181
rn1qkbnr/pp2pppp/2p5/3p1b2/3P4/4PN2/PPP2PPP/RNBQKB1R w	886	594	171
r1bqk2r/ppp2ppp/2np1n2/2b1p3/2B1P3/2PP1N2/PP3PPP/RNBQ1RK1 b	886	623	299
rnbqk2r/ppp1ppbp/6p1/8/3PP3/2P5/P4PPP/R1BQKBNR w	885	832	500
rnbqkb1r/1p3ppp/p2p1n2/4p3/3NP3/2N1B3/PPP2PPP/R2QKB1R w	884	826	477
rnbqkb1r/ppp2ppp/4pn2/3p4/3P4/6P1/PPP1PPBP/RNBQK1NR w	883	669	250
r1bqkbnr/pp1p1ppp/2n5/4p3/3pP3/2P2N2/PP3PPP/RNBQKB1R w	882	693	224
rnbqkbnr/ppppp1pp/8/5p2/2P5/2N5/PP1PPPPP/R1BQKBNR b	879	693	292
rnbqkbnr/pppp1ppp/8/4p3/2P5/5N2/PP1PPPPP/RNBQKB1R b	879	558	265
rnbqkb1r/ppp1pppp/5n2/3p4/8/3P1N2/PPP1PPPP/RNBQKB1R w	879	649	348
r1bqk2r/p1pp1ppp/2p2n2/8/1b2P3/2NB4/PPP2PPP/R1BQK2R b	879	731	405
rnbqk2r/ppp1bppp/4pn2/3p4/3P4/5NP1/PPP1PPBP/RNBQ1RK1 b	877	829	606
rnbqkbnr/pp1ppppp/8/8/3p4/2N5/PPP1PPPP/R1BQKBNR w	876	714	381
r1bqkbnr/pppp1ppp/2n5/4p3/2P5/6P1/PP1PPPBP/RNBQK1NR b	876	605	321
rnbqk1nr/ppp1ppbp/3p2p1/8/3PP3/3B1N2/PPP2PPP/RNBQK2R b	876	685	217
rnbqk2r/ppppppbp/5np1/8/3PPB2/2N5/PPP2PPP/R2QKBNR b	876	645	288
rnbqkb1r/ppp1pppp/5n2/3p4/8/3P2P1/PPP1PPBP/RNBQK1NR b	874	657	298
rnbqkb1r/ppp1pppp/5n2/3p4/8/4PN2/PPPP1PPP/RNBQKB1R w	872	641	373
r1bqkb1r/pppp1ppp/2n5/4p3/2B1n3/5N2/PPPP1PPP/RNBQ1RK1 w	871	477	175
rnbqkbnr/pp2pppp/2p5/3p4/5P2/4PN2/PPPP2PP/RNBQKB1R b	870	766	380
r1bqkb1r/pppn1ppp/3p1n2/4p3/3PP3/2N2N2/PPP2PPP/R1BQKB1R w	870	733	453
rnbqkb1r/ppp2ppp/3p4/8/3Pn3/5N2/PPP2PPP/RNBQKB1R b	869	700	329
rnbqkb1r/pppppp1p/5np1/8/3P4/2P5/PP2PPPP/RNBQKBNR w	868	699	411
rnbqk1nr/ppppppbp/6p1/8/3P4/5NP1/PPP1PP1P/RNBQKB1R b	868	718	409
rnbqkbnr/pp3ppp/2p1p3/3p4/2PP4/4PN2/PP3PPP/RNBQKB1R b	867	624	224
rnbqkbnr/ppp2ppp/4p3/3p4/8/4PN2/PPPP1PPP/RNBQKB1R w	865	569	266
rnbqkbnr/pp2pppp/8/2pp4/3P4/2P2N2/PP2PPPP/RNBQKB1R b	864	630	258
r1bqkbnr/pp2pppp/2n5/3P4/3P4/8/PP3PPP/RNBQKBNR b	864	781	371
r1bqkbnr/pp1p1ppp/2n5/8/3pP3/5N2/PP3PPP/RNBQKB1R w	864	695	220
rnbqkbnr/ppp1pppp/3p4/8/3P4/2P5/PP2PPPP/RNBQKBNR b	863	616	354
rnbqkb1r/ppp1pppp/5n2/3p4/8/2N2N2/PPPPPPPP/R1BQKB1R w	863	423	179
rnb1kb1r/ppp1pppp/5n2/q7/2B5/2N2N2/PPPP1PPP/R1BQK2R b	863	571	165
rnbqkb1r/ppp2ppp/4pn2/3p4/2P5/6P1/PP1PPPBP/RNBQK1NR w	862	793	543
rnbqk2r/pppp1ppp/4pn2/6B1/1bPP4/2N5/PP2PPPP/R2QKBNR b	862	666	231
r1bqkbnr/ppp2ppp/2n5/4P3/2Pp4/5N2/PP2PPPP/RNBQKB1R w	862	666	229
r1bqkbnr/pppp1ppp/2n5/4p3/8/5NP1/PPPPPPBP/RNBQK2R b	861	450	185
r1bqk2r/ppppbppp/2n2n2/4p3/2B1P3/3P1N2/PPP2PPP/RNBQ1RK1 b	861	619	219
r1bqkb1r/pp1ppppp/2n2n2/8/2P5/2N5/PP2PPPP/R1BQKBNR b	861	769	402
r1bqkbnr/pppp1ppp/2n5/4p3/2P5/6P1/PP1PPP1P/RNBQKBNR w	859	589	297
rn1qkbnr/pbpppppp/1p6/8/3P4/2N5/PPP1PPPP/R1BQKBNR w	858	517	198
rnbqkbnr/ppp2ppp/8/3P4/4pP2/8/PPPP2PP/RNBQKBNR w	858	755	206
rnbqkbnr/pp3ppp/4p3/2pp4/8/5NP1/PPPPPPBP/RNBQK2R w	858	651	265
r1bqkb1r/pp2pppp/2n2n2/8/8/2N5/PPPP1PPP/R1BQKBNR w	858	532	187
rnbqkbnr/pp3ppp/3pp3/2pP4/4P3/8/PPP2PPP/RNBQKBNR w	857	604	185
rnbqkb1r/pp2pppp/2p2n2/8/3P4/6N1/PPP2PPP/R1BQKBNR b	857	800	458
rnbqkb1r/pp1ppppp/5n2/2p5/2PP4/2N5/PP2PPPP/R1BQKBNR b	856	758	407
rnbqkb1r/pp2pppp/2p2n2/3p4/8/1P2P3/PBPP1PPP/RN1QKBNR w	855	732	414
rnbqkbnr/pp3ppp/4p3/3p4/3P4/2N5/PP2PPPP/R1BQKBNR w	854	611	228
rnbqkbnr/pp2pppp/2p5/8/3P4/2N5/PPP2PPP/R1BQKBNR w	853	621	222
r2qkbnr/pp2pppp/2n5/3p4/3P2b1/2PB1N2/PP3PPP/RNBQK2R b	853	736	285
rnbqkb1r/pp2pppp/3p1n2/8/3NP3/3B4/PPP2PPP/RNBQK2R b	852	691	301
rnbqkbnr/pp2pppp/2p5/8/3P4/2N2N2/PPP2PPP/R1BQKB1R b	852	596	198
rnbqkb1r/pppp2pp/4pn2/5p2/2PP4/5N2/PP2PPPP/RNBQKB1R w	851	712	336
rnbqkbnr/p1pppppp/1p6/8/5P2/8/PPPPP1PP/RNBQKBNR w	850	625	175
rnbqkb1r/pppppp1p/5np1/8/8/1P3N2/PBPPPPPP/RN1QKB1R b	850	769	562
r1bqkbnr/pp1ppp1p/2n3p1/2p5/4PP2/2N2N2/PPPP2PP/R1BQKB1R b	850	781	470
rnbqkb1r/pppp1ppp/4pn2/8/2P1P3/2N5/PP1P1PPP/R1BQKBNR b	849	752	448
r1bqkbnr/pp1ppppp/2n5/8/2PN4/8/PP2PPPP/RNBQKB1R b	849	757	427
rnbqk2r/ppp2ppp/3bpn2/3pN3/3P1B2/4P3/PPP2PPP/RN1QKB1R b	849	614	195
rnbqkbnr/pp2pppp/2pp4/8/3P1B2/8/PPP1PPPP/RN1QKBNR w	848	556	182
r1bqkbnr/pp1ppppp/2n5/2p5/5P2/5N2/PPPPP1PP/RNBQKB1R w	847	689	283
rn1qkbnr/ppp1pppp/8/5b2/4N3/8/PPPP1PPP/R1BQKBNR w	847	463	199
rnbqkb1r/ppp1pppp/5n2/6B1/3Pp3/2N5/PPP2PPP/R2QKBNR b	846	541	204
rnbqkbnr/ppp2ppp/3p4/4p3/2P5/2N3P1/PP1PPP1P/R1BQKBNR b	845	591	199
rnbqkbnr/ppp1ppp1/7p/3p4/3P3B/8/PPP1PPPP/RN1QKBNR b	845	617	172
rnbqkbnr/pp3ppp/2p1p3/3p4/3P1B2/5N2/PPP1PPPP/RN1QKB1R w	845	538	172
rnbqkbnr/ppp1pp1p/3p2p1/8/4P3/2N2N2/PPPP1PPP/R1BQKB1R b	844	522	242
rnbqkb1r/pppppppp/5n2/8/8/1P3N2/P1PPPPPP/RNBQKB1R b	843	764	512
rnbqk2r/ppp1ppbp/3p1np1/8/3P4/5NP1/PPP1PPBP/RNBQ1RK1 b	843	745	504
r1bqkbnr/pp1ppppp/2n5/2p5/8/1P2P3/PBPP1PPP/RN1QKBNR b	841	658	313
rnbqkbnr/pp1ppppp/8/8/3Q4/2N5/PPP1PPPP/R1B1KBNR b	840	696	370
rnbqkbnr/pp1p1ppp/4p3/8/3pP3/2P2N2/PP3PPP/RNBQKB1R b	840	765	411
rnbqkb1r/ppp1pp1p/3p1np1/8/3PP3/2N1B3/PPP2PPP/R2QKBNR b	839	667	381
rnbqkb1r/pp2pppp/5n2/3P4/8/8/PP1P1PPP/RNBQKBNR w	839	776	469
rnbqkb1r/pp1p1ppp/4pn2/2p5/2PP4/5N2/PP2PPPP/RNBQKB1R w	838	727	443
rnbqkbnr/ppp2ppp/8/3p4/3P4/2P5/PP3PPP/RNBQKBNR b	838	666	225
rnbqk2r/ppppppbp/5np1/8/8/1P3N2/PBPPPPPP/RN1QKB1R w	837	756	555
rnbqkb1r/ppp1pppp/8/3n4/8/2N5/PP1PPPPP/R1BQKBNR w	837	667	279
r1bqkbnr/pp1ppp1p/2n3p1/8/3pP3/2N2N2/PPP2PPP/R1BQKB1R w	837	645	280
rnbqk2r/ppp1ppbp/3p1np1/8/3P4/5NP1/PPP1PPBP/RNBQK2R w	837	716	447
rnbqkbnr/pppp2pp/8/4Np2/4P3/8/PPPP1PPP/RNBQKB1R b	836	588	218
rnbqkbnr/pp2pppp/3p4/2p5/4P3/2NP4/PPP2PPP/R1BQKBNR b	836	590	199
rnbqkb1r/ppp2ppp/4pN2/8/3P4/8/PPP2PPP/R1BQKBNR b	836	701	349
r1bqkbnr/pp1ppppp/8/1Bp5/3nP3/5N2/PPPP1PPP/RNBQK2R w	835	693	292
rnbqkbnr/pp2pppp/2p5/3P4/2P5/8/PP1P1PPP/RNBQKBNR b	833	670	300
rnbqkb1r/1p2pppp/p2p1n2/8/3NP3/2NB4/PPP2PPP/R1BQK2R b	833	686	228
rnbqkbnr/ppp2ppp/3p4/4p3/3P4/5N2/PPP1PPPP/RNBQKB1R w	832	459	211
rnbqkbnr/ppp2ppp/8/3pp3/4P3/2N5/PPPP1PPP/R1BQKBNR w	832	462	180
r1bqkb1r/pp2pppp/2n2n2/3p4/2PP4/2N5/PP3PPP/R1BQKBNR w	832	795	515
rnbqk1nr/ppp1bppp/4p3/3p2B1/3P4/5N2/PPP1PPPP/RN1QKB1R w	831	641	248
r1b1kbnr/pp2pppp/2n5/2pq4/8/2P2N2/PP1P1PPP/RNBQKB1R w	831	740	313
r1bqkb1r/pp1ppppp/2n2n2/2p5/4P3/2P2N2/PP1P1PPP/RNBQKB1R w	830	656	290
rnbqkb1r/ppp2ppp/5n2/3p4/3P4/5N2/PP2PPPP/RNBQKB1R w	830	671	343
rnbqkb1r/pp1ppppp/8/3nP3/3P4/8/PP3PPP/RNBQKBNR b	830	768	419
rnbqk2r/ppp1ppbp/3p1np1/8/2PP4/4PN2/PP3PPP/RNBQKB1R w	829	569	188
rnbqkbnr/1p2pppp/p2p4/8/3NP3/8/PPP2PPP/RNBQKB1R w	829	620	222
r1bqkbnr/pppnpppp/3p4/8/2PP4/8/PP2PPPP/RNBQKBNR w	828	693	320
r1bqkbnr/pp2pppp/2n5/2pp4/8/5NP1/PPPPPPBP/RNBQ1RK1 b	828	727	394
rnbqkbnr/pp1ppppp/8/8/1p2P3/P7/2PP1PPP/RNBQKBNR b	827	731	384
rnbqkbnr/pp2pppp/2p5/3p4/8/3P2P1/PPP1PPBP/RNBQK1NR b	827	688	331
rnbqkbnr/pp1ppppp/8/8/4P3/2Pp4/PP3PPP/RNBQKBNR w	824	773	440
rnbqkbnr/1p1p1ppp/p3p3/2p5/3PP3/2P2N2/PP3PPP/RNBQKB1R b	823	604	187
rnbqkb1r/pppp1ppp/4pn2/8/2P5/2N3P1/PP1PPP1P/R1BQKBNR b	822	635	258
r1bqkbnr/pppnpppp/3p4/8/3PP3/2N5/PPP2PPP/R1BQKBNR b	822	715	436
r1bqkbnr/pp1p1ppp/2n1p3/2p5/4P3/2NP4/PPP2PPP/R1BQKBNR w	821	605	229
r1bqk2r/pppp1ppp/2n2n2/2b1P3/2Bp4/2P2N2/PP3PPP/RNBQK2R b	821	567	175
rnbqkbnr/ppp2ppp/8/3pp3/3PP3/5N2/PPP2PPP/RNBQKB1R b	820	471	191
r1bqkbnr/pp1ppppp/2n5/8/2Pp4/5N2/PP2PPPP/RNBQKB1R w	820	717	404
rnbqkb1r/pp2pppp/2p2n2/3p4/3P4/3BP3/PPP2PPP/RNBQK1NR w	819	606	226
rnbqk1nr/ppp1ppbp/3p2p1/8/3P1B2/2N5/PPP1PPPP/R2QKBNR w	819	526	184
rnbqkb1r/ppp2ppp/5n2/3p4/3P4/2P2N2/PP3PPP/RNBQKB1R b	819	643	225
rnbqkbnr/ppp2ppp/4p3/3p4/2P5/6P1/PP1PPP1P/RNBQKBNR w	818	700	422
rnbqkb1r/pppp1ppp/4pn2/8/8/6P1/PPPPPPBP/RNBQK1NR w	818	678	364
rnbqkbnr/pp3ppp/3p4/2pP4/8/2N5/PP2PPPP/R1BQKBNR b	818	719	327
rnbqkbnr/p1pppppp/1p6/8/8/5NP1/PPPPPP1P/RNBQKB1R b	817	620	355
rnbqkb1r/pppppppp/1n6/2P1P3/8/8/PP1P1PPP/RNBQKBNR b	817	616	350
rnbqkb1r/ppp1pppp/5n2/1B1P4/8/8/PPPP1PPP/RNBQK1NR b	816	695	342
r1bqkbnr/pp1ppppp/2n5/2p5/2P5/6P1/PP1PPPBP/RNBQK1NR b	816	653	313
r1bqkbnr/pp2pppp/2n5/2pp4/3P4/4PN2/PPP2PPP/RNBQKB1R w	816	600	225
rn2kb1r/ppp1pppp/5n2/3q4/6b1/5N2/PPPPBPPP/RNBQK2R w	816	634	169
r1bqkbnr/pppn1ppp/4p3/8/3PN3/5N2/PPP2PPP/R1BQKB1R b	816	779	538
r1bqkbnr/1p3ppp/p1np4/1N2p3/4P3/2N5/PPP2PPP/R1BQKB1R w	814	782	404
rn1qkbnr/pp3ppp/2p1p3/3pPb2/3P4/5N2/PPP1BPPP/RNBQK2R b	813	640	389
rnbqkb1r/pp3ppp/2p2p2/8/8/5N2/PPPP1PPP/R1BQKB1R w	813	589	267
r1bqkb1r/pp2pppp/2n2n2/3p4/3P4/2PB1N2/PP3PPP/RNBQK2R b	813	739	388
rnbq1rk1/ppp2ppp/3bpn2/3p4/3P4/4PNB1/PPP2PPP/RN1QKB1R w	812	593	271
rnbqk1nr/ppppppbp/6p1/8/5P2/5N2/PPPPP1PP/RNBQKB1R w	811	659	281
rnbqkbnr/ppp2ppp/8/4p3/3pP3/6N1/PPPP1PPP/R1BQKBNR b	811	693	290
rnbqk2r/ppp1ppbp/3p1np1/8/2PP4/2N1P3/PP3PPP/R1BQKBNR w	811	585	193
rnbqkbnr/pp3ppp/3pp3/2p5/4P3/2N2N2/PPPP1PPP/R1BQKB1R w	810	552	178
r1bqkbnr/pp1p1ppp/2n5/2p1p3/3PP3/2P2N2/PP3PPP/RNBQKB1R b	810	608	170
rnbqkb1r/ppp2ppp/5n2/3p4/2PP4/2N5/PP3PPP/R1BQKBNR b	810	732	341
rnbqkbnr/ppp1pppp/3p4/8/8/2N5/PPPPPPPP/R1BQKBNR w	809	539	282
rnbqkb1r/ppppp1pp/5n2/5p2/3P4/2N5/PPP1PPPP/R1BQKBNR w	809	586	236
rnbqk1nr/pp1pppbp/6p1/2p5/3PP3/2N2N2/PPP2PPP/R1BQKB1R b	809	685	391
rnbqkb1r/ppp2ppp/4pn2/6N1/2B1p3/8/PPPP1PPP/RNBQK2R w	809	499	189
rnbqkb1r/pp3ppp/4pn2/2pp4/2PP4/2N1PN2/PP3PPP/R1BQKB1R b	809	594	196
rnbqkbnr/ppp1pppp/8/8/2Pp4/5N2/PP1PPPPP/RNBQKB1R w	806	661	316
r1bqkbnr/1p3ppp/p1np4/4p3/4P3/N1N5/PPP2PPP/R1BQKB1R b	805	773	398
r1bqkb1r/pp2nppp/2n1p3/2ppP3/3P4/2P2N2/PP3PPP/RNBQKB1R w	803	623	243
rnb1kb1r/pp2pppp/2p2n2/q7/3P4/2N2N2/PPP2PPP/R1BQKB1R w	803	588	236
rnbqkbnr/pp2pppp/2p5/3p4/4P3/3P4/PPPN1PPP/R1BQKBNR b	802	732	490
rn1qkb1r/pp2pppp/2p2n2/3p1b2/2PP4/2N1P3/PP3PPP/R1BQKBNR w	801	556	182
rnbqkbnr/ppp2ppp/8/3P4/5p2/8/PPPP2PP/RNBQKBNR w	800	668	201
r1bqkbnr/pp2pppp/2n5/2pp4/8/1P2PN2/PBPP1PPP/RN1QKB1R b	800	712	404
rnbqkbnr/pp3ppp/3p4/2pP4/8/8/PP2PPPP/RNBQKBNR w	800	669	277
r1bqk2r/pppp1ppp/2n2n2/2b1p3/2BPP3/5N2/PPP2PPP/RNBQ1RK1 b	800	563	180
rnbqk2r/ppp1bppp/5n2/3p2B1/3P4/2N1P3/PP3PPP/R2QKBNR b	797	724	427
rnbqkbnr/pp2pppp/2p5/3p4/8/1P3N2/PBPPPPPP/RN1QKB1R b	796	699	435
rnbqkbnr/pp1p1ppp/4p3/2p5/8/6P1/PPPPPPBP/RNBQK1NR w	795	589	200
rnbqkb1r/pppppp1p/5np1/8/2P5/6P1/PP1PPPBP/RNBQK1NR b	795	706	433
rnbqkbnr/pp2pppp/2p5/8/3pP3/5N2/PPPPNPPP/R1BQKB1R b	795	576	195
r3kbnr/ppp1pppp/2n5/3q4/6b1/5N2/PPPPBPPP/RNBQK2R w	795	656	223
rnbqkb1r/pp1p1ppp/4pn2/2p5/3P4/4PN2/PPP2PPP/RNBQKB1R w	794	656	332
rnbqkb1r/pp2pppp/5n2/3P4/8/2N5/PP1P1PPP/R1BQKBNR b	794	661	355
rnbqkb1r/pppppppp/5n2/8/3P1P2/8/PPP1P1PP/RNBQKBNR b	793	610	184
rnbqkb1r/pp3ppp/2p1pn2/3p4/3P1B2/4PN2/PPP2PPP/RN1QKB1R w	792	566	195
rnbqkbnr/p1pppppp/1p6/8/8/3P4/PPP1PPPP/RNBQKBNR w	791	506	173
r1b1k2r/ppppnppp/2n2q2/2b5/3NP3/2P1B3/PP3PPP/RN1QKB1R w	791	621	171
rnbqk1nr/ppppbppp/4p3/8/2PP4/8/PP2PPPP/RNBQKBNR w	788	668	256
rnbqkb1r/pppp1ppp/5n2/8/3P4/8/PPP2PPP/RNBQKBNR w	788	474	168
rnbqkb1r/ppp2ppp/5n2/3pP3/4P3/2N5/PPPP2PP/R1BQKBNR b	788	607	281
rnbqkbnr/pp2pppp/3p4/2P5/4P3/8/PPP2PPP/RNBQKBNR b	787	494	213
rnbqkbnr/pp1p1ppp/4p3/2p5/8/1P6/PBPPPPPP/RN1QKBNR w	786	606	234
rnbqkb1r/pppppppp/8/2PnP3/8/8/PP1P1PPP/RNBQKBNR w	786	591	337
rnbqkb1r/pppp1ppp/5n2/4p3/2PP4/2N5/PP2PPPP/R1BQKBNR b	785	603	205
r1bqk1nr/pppp1ppp/2n5/b3p3/2B1P3/2P2N2/P2P1PPP/RNBQK2R w	784	605	203
rnbqk2r/ppppppbp/5np1/8/8/1P2PN2/PBPP1PPP/RN1QKB1R b	783	702	485
rnbqkb1r/ppp2ppp/5n2/3P4/4p3/5N2/PPPPQPPP/RNB1KB1R w	783	572	172
r1b1kbnr/pp2pppp/2n5/2pq4/3P4/2P2N2/PP3PPP/RNBQKB1R b	783	727	383
rnbqkbnr/pp1ppppp/2p5/8/2P5/6P1/PP1PPP1P/RNBQKBNR b	781	648	375
rnbqkbnr/ppp2ppp/8/4p1N1/4p3/8/PPPP1PPP/RNBQKB1R w	781	554	166
r1bqkbnr/pppp1ppp/2n5/4p3/2P5/5N2/PP1PPPPP/RNBQKB1R w	780	477	210
rnbqkbnr/pp1p1ppp/4p3/2p5/3PP3/2N5/PPP2PPP/R1BQKBNR b	780	598	261
rnbqkb1r/ppp1pppp/3p1n2/8/3PP3/5P2/PPP3PP/RNBQKBNR b	780	486	205
rnbqkbnr/pppp1ppp/4p3/8/4P3/8/PPPPQPPP/RNB1KBNR b	779	674	411
rnbq1rk1/pp2ppbp/3p1np1/8/3NP3/2N1BP2/PPP3PP/R2QKB1R w	779	740	497
rnb1kb1r/ppp2ppp/4pq2/8/3P4/5N2/PPP2PPP/R1BQKB1R b	778	649	311
rnbq1rk1/ppp1ppbp/3p1np1/8/2PPPP2/2N2N2/PP4PP/R1BQKB1R b	778	716	386
r1bqkb1r/p2p1ppp/2p1pn2/8/4P3/2N5/PPP2PPP/R1BQKB1R w	777	642	317
rn1qkbnr/pbpp1ppp/1p2p3/8/2PP4/5N2/PP2PPPP/RNBQKB1R w	776	604	251
r1bqkbnr/pp1ppppp/2n5/2p5/2P5/6P1/PP1PPP1P/RNBQKBNR w	775	605	276
rnbqkb1r/ppp1pppp/3p1n2/8/8/6P1/PPPPPPBP/RNBQK1NR w	773	584	312
rn1qkbnr/ppp1pppp/8/3P4/6b1/8/PPPP1PPP/RNBQKBNR w	773	645	197
rnbqkb1r/pppppp1p/5np1/8/2P5/6P1/PP1PPP1P/RNBQKBNR w	773	683	411
r2qkbnr/pp1npppp/3p4/2p5/4P3/5N2/PPPP1PPP/RNBQK2R w	773	581	266
rnbqkb1r/ppp1pp1p/3p1np1/8/3P1B2/2N5/PPP1PPPP/R2QKBNR w	772	526	240
rnbqkbnr/pp2pppp/2p5/8/3Pp3/2N2P2/PPP3PP/R1BQKBNR b	772	644	301
rnbqkbnr/pp2pppp/8/3p4/2P5/8/PP1P1PPP/RNBQKBNR w	771	622	281
rnbqkb1r/pp1ppppp/5n2/8/2Pp4/5N2/PP2PPPP/RNBQKB1R w	771	725	505
rnbqkb1r/ppp2ppp/4pn2/3p4/8/3P1NP1/PPP1PPBP/RNBQK2R b	771	631	284
r1bqkbnr/pppp1ppp/6n1/3Pp3/2P1P3/8/PP3PPP/RNBQKBNR w	771	666	287
rnbqkbnr/pp2pppp/2p5/3p4/3P1P2/4P3/PPP3PP/RNBQKBNR b	770	638	267
rnbqkb1r/ppp1pppp/3p1n2/8/8/5NP1/PPPPPPBP/RNBQK2R b	770	600	397
rnbqkb1r/pp1ppppp/5n2/2p5/3P4/4PN2/PPP2PPP/RNBQKB1R b	770	693	445
r1bqkbnr/pp1npppp/3p4/1Bp5/4P3/5N2/PPPP1PPP/RNBQK2R w	770	656	425
rnbqk2r/ppp1bppp/4pn2/6B1/3PN3/8/PPP2PPP/R2QKBNR w	770	699	332
rnbqkb1r/pppp1ppp/4pn2/8/2PP4/P7/1P2PPPP/RNBQKBNR b	769	621	242
rnb1kb1r/ppp1pppp/3q1n2/8/8/2N2N2/PPPP1PPP/R1BQKB1R w	769	567	223
r1bqkbnr/pp1p1ppp/2n5/4p3/3PP3/5N2/PP3PPP/RNBQKB1R b	768	589	182
r1bqkbnr/pp1p1ppp/2n5/8/3NP3/8/PP3PPP/RNBQKB1R b	768	617	184
rnbqk2r/ppp1ppbp/3p1np1/8/2P5/2N3P1/PP1PPPBP/R1BQK1NR w	767	635	312
rnbq1rk1/ppp1bppp/4pn2/3p4/3P4/5NP1/PPP1PPBP/RNBQ1RK1 w	767	732	550
rnbqkb1r/pppp1ppp/4pn2/8/3P4/3BP3/PPP2PPP/RNBQK1NR b	766	587	213
rnbqkb1r/pp1p1ppp/4pn2/2p5/3P1B2/4P3/PPP2PPP/RN1QKBNR w	766	587	233
r1bqkbnr/pppppppp/2n5/8/8/1P6/P1PPPPPP/RNBQKBNR w	765	500	220
rnbqkbnr/pp2pppp/2p5/3p4/8/4P1P1/PPPP1PBP/RNBQK1NR b	765	555	201
r1bqkbnr/pp1p1ppp/2B1p3/2p5/4P3/5N2/PPPP1PPP/RNBQK2R b	763	498	168
r1bqk2r/1pppbppp/p1n2n2/4p3/B3P3/5N2/PPPP1PPP/RNBQR1K1 b	763	710	451
rnbqkb1r/pppppppp/8/3nP3/2B5/8/PPPP1PPP/RNBQK1NR b	762	439	167
rnbqkb1r/pp2pppp/2p2n2/3p4/2PP4/5NP1/PP2PP1P/RNBQKB1R b	762	696	408
rnbqkbnr/pp1ppp1p/6p1/2p5/4P3/2P5/PP1P1PPP/RNBQKBNR w	760	601	241
rn1qkb1r/pbpp1ppp/1p2pn2/8/2PP4/2N2N2/PP2PPPP/R1BQKB1R w	759	619	321
rnbqk2r/ppp1ppbp/3p1np1/8/2PPP3/2N5/PP2BPPP/R1BQK1NR b	759	716	481
rnbqkb1r/ppp2ppp/1n1p4/8/2PP4/8/PP3PPP/RNBQKBNR w	759	718	389
rnbqkbnr/pppppp1p/6p1/8/2P5/6P1/PP1PPP1P/RNBQKBNR b	757	597	318
rnbqkbnr/pp1p1ppp/4p3/2p5/2PP4/5N2/PP2PPPP/RNBQKB1R b	757	527	188
rnbqk1nr/pp1pppbp/6p1/2p5/4P3/2P2N2/PP1P1PPP/RNBQKB1R w	757	618	235
r1bqkbnr/pp2pppp/2np4/8/3QP3/5N2/PPP2PPP/RNB1KB1R w	757	479	166
rnbqkbnr/pp3ppp/2p5/3p4/3P4/3B1N2/PPP2PPP/RNBQK2R b	757	641	268
rnbqkb1r/ppp2ppp/4pn2/3p4/2P5/5NP1/PP1PPPBP/RNBQK2R b	756	737	605
rnbqkbnr/ppp2ppp/8/3p4/3Pp3/4P3/PPPN1PPP/RNBQKB1R b	756	581	263
rnbqkb1r/1p3ppp/p2ppn2/8/2BNP3/2N5/PPP2PPP/R1BQK2R w	756	671	361
rnbqkbnr/pp3ppp/2p1p3/3p4/2PP1B2/2N5/PP2PPPP/R2QKBNR b	755	554	171
rnbqk2r/ppp1bppp/4pn2/3p4/3P4/3BPN2/PPP2PPP/RNBQK2R w	755	557	206
rnbqk2r/ppp1bppp/4pn2/3p2B1/3P4/4PN2/PPP2PPP/RN1QKB1R w	755	669	254
rnbqk2r/ppp1bppp/4pn2/3pP1B1/3P4/2N5/PPP2PPP/R2QKBNR b	755	711	408
rn1qkbnr/pbpppppp/1p6/8/8/5NP1/PPPPPPBP/RNBQK2R b	754	573	321
rn1qkb1r/ppp1pppp/5n2/3P4/3P2b1/8/PPP2PPP/RNBQKBNR w	754	683	372
rnbqkb1r/ppp1pppp/1n6/4p3/2PP1P2/8/PP4PP/RNBQKBNR w	754	705	367
rnbqkbnr/pp1ppppp/8/2p5/8/2P5/PP1PPPPP/RNBQKBNR w	753	530	259
rnbqkb1r/pp2pppp/3p1n2/8/3PP3/2N5/PP3PPP/R1BQKBNR b	753	609	236
rn1qkbnr/pbpppppp/1p6/8/8/5NP1/PPPPPP1P/RNBQKB1R w	752	568	321
rnbqkbnr/ppp2ppp/4p3/3p4/2P5/6P1/PP1PPPBP/RNBQK1NR b	752	677	437
rnbqkbnr/1p1p1ppp/p3p3/2p5/4P3/2P2N2/PP1P1PPP/RNBQKB1R w	752	571	180
rnbqkbnr/p1pp1ppp/1p2p3/8/4P3/2N5/PPPP1PPP/R1BQKBNR w	751	496	174
rn1qkb1r/pp2pppp/2p2n2/3p4/2PP2b1/4PN2/PP3PPP/RNBQKB1R w	751	582	220
rnbqk2r/ppp1ppbp/3p1np1/8/3PPB2/2N5/PPPQ1PPP/R3KBNR b	751	623	307
rn1qkbnr/ppp1pppp/8/3p1b2/8/1P6/PBPPPPPP/RN1QKBNR w	750	496	175
r1bqkbnr/pp2pppp/2n5/2PpP3/8/8/PPP2PPP/RNBQKBNR w	750	448	227
rnbqkbnr/pp3ppp/3p4/2pP4/8/8/PPP2PPP/RNBQKBNR w	750	580	222
rnbqk2r/ppp1bppp/4pn2/3p4/2PP4/5NP1/PP2PPBP/RNBQK2R b	750	712	516
rnbqkb1r/ppppp1pp/5n2/5p2/2PP4/5N2/PP2PPPP/RNBQKB1R b	749	621	277
rnbqkbnr/pp2pppp/2pP4/8/8/8/PPPP1PPP/RNBQKBNR b	748	501	175
r1bqkbnr/pp1ppp1p/2B3p1/2p5/4P3/5N2/PPPP1PPP/RNBQK2R b	748	608	318
rnbqkb1r/ppp1pppp/1n6/4P3/2PP4/8/PP4PP/RNBQKBNR b	748	701	366
rnbqkb1r/pppp1ppp/4pn2/8/2P5/6P1/PP1PPP1P/RNBQKBNR w	747	640	352
rnbqkb1r/pppp1ppp/4pn2/8/2P5/6P1/PP1PPPBP/RNBQK1NR b	747	638	364
rnbqk1nr/ppppppbp/6p1/8/2P5/6P1/PP1PPPBP/RNBQK1NR b	747	602	334
r1bqkbnr/pp1ppppp/2n5/8/2BpP3/5N2/PPP2PPP/RNBQK2R b	747	559	180
r1bqkb1r/pp1ppppp/2n2n2/8/2P5/8/PP2PPPP/RNBQKBNR w	747	652	343
r1bqk1nr/pp1pppbp/2n3p1/2p5/2P5/2N3P1/PP1PPPBP/R1BQK1NR w	747	646	342
rnbqkbnr/ppp1pppp/8/3p4/8/4P3/PPPPBPPP/RNBQK1NR b	746	543	207
r1bqkbnr/pp2pppp/2n5/2ppP3/5P2/8/PPPP2PP/RNBQKBNR w	746	623	252
r1bqkbnr/pp2pppp/2n5/2pp4/3P1B2/2P1P3/PP3PPP/RN1QKBNR b	746	553	217
rnbqkbnr/ppp2ppp/4p3/3p4/8/3P2P1/PPP1PPBP/RNBQK1NR b	745	547	212
rnbqkb1r/ppp1pppp/5n2/8/2PP4/2N5/PP3PPP/R1BQKBNR b	745	641	235
r1bqkb1r/pppn1ppp/4pn2/8/3PN3/5N2/PPP2PPP/R1BQKB1R w	745	713	492
rnbqkb1r/ppp1pppp/5n2/3p4/2P5/5N2/PP1PPPPP/RNBQKB1R w	744	571	298
rnbqkb1r/ppp2ppp/5p2/8/8/8/PPPP1PPP/R1BQKBNR w	744	526	232
rnbqk2r/ppp1bppp/4pn2/3p4/2PP1B2/2N2N2/PP2PPPP/R2QKB1R b	744	668	324
r1bqkb1r/pppppppp/2n2n2/8/2PP4/8/PP2PPPP/RNBQKBNR w	743	447	186
rnbqkb1r/ppp2ppp/8/3pP3/4n3/2N5/PPPP2PP/R1BQKBNR w	743	591	278
r1bqkbnr/pp2pppp/2n5/3p4/3P4/2N2N2/PP2PPPP/R1BQKB1R b	743	651	364
rnb1kb1r/ppp2ppp/4pq2/8/3P4/8/PPP2PPP/R1BQKBNR w	743	611	283
r1bqkbnr/pp2pppp/2n5/2ppP3/5P2/5N2/PPPP2PP/RNBQKB1R b	742	643	229
rnbqk2r/ppppppbp/5np1/8/3P4/4PN2/PPP1BPPP/RNBQK2R b	742	603	329
rnbqkb1r/pp2pppp/5n2/3p4/3P4/2P2N2/PP3PPP/RNBQKB1R b	742	597	236
rnbqkbnr/pp1p1ppp/4p3/2p5/4P3/2N3P1/PPPP1P1P/R1BQKBNR b	741	687	438
rnbqkb1r/pppp1ppp/4pn2/8/2PP4/6P1/PP2PP1P/RNBQKBNR b	738	693	523
r1bqkbnr/pp2pppp/2n5/8/8/5N2/PPPP1PPP/RNBQKB1R b	738	563	239
rnbqkbnr/pp1p1ppp/4p3/2p5/8/5NP1/PPPPPPBP/RNBQK2R b	737	587	291
rnbqkb1r/ppp1pppp/5n2/3P4/8/8/PP1PPPPP/RNBQKBNR w	735	587	208
rnbqkb1r/ppp1pp1p/5np1/3p4/3P4/4PN2/PPP2PPP/RNBQKB1R w	735	503	197
r1bqkbnr/pp2pppp/2np4/8/2B1P3/2N2N2/PP3PPP/R1BQK2R b	735	637	263
rnbqk1nr/ppppppbp/6p1/8/3P4/2P2N2/PP2PPPP/RNBQKB1R b	734	581	296
r1bqkbnr/pp1p1ppp/2n5/4p3/4P3/1N6/PPP2PPP/RNBQKB1R b	734	635	174
rnbqkbnr/ppp1pp1p/3p2p1/8/2PPP3/8/PP3PPP/RNBQKBNR b	733	540	179
rnbqk1nr/pp1pppbp/6p1/2p5/2PP4/2N5/PP2PPPP/R1BQKBNR w	733	674	413
rnbqk2r/ppppppbp/5np1/8/2PP4/5NP1/PP2PP1P/RNBQKB1R b	733	651	412
rnbqk2r/ppp1ppbp/3p1np1/8/3PP3/3B1N2/PPP2PPP/RNBQK2R w	733	535	176
r1bqkbnr/pp1ppppp/2n5/2p5/1P2P3/P7/2PP1PPP/RNBQKBNR b	732	595	204
rnbqkb1r/ppp2ppp/5p2/3p4/3P4/8/PPP1PPPP/RN1QKBNR w	732	591	282
rnbqk2r/ppppppbp/5np1/8/3P4/2P2N2/PP2PPPP/RNBQKB1R w	731	613	367
r1bqkbnr/pp1ppppp/8/1Bp5/3NP3/8/PPPP1PPP/RNBQK2R b	730	608	256
rnbq1rk1/ppp1ppbp/3p1np1/8/2PPP3/2N5/PP2BPPP/R1BQK1NR w	730	695	490
rnbqkbnr/ppp1pppp/3p4/8/2P5/5N2/PP1PPPPP/RNBQKB1R b	729	594	330
rnbqk2r/pp2ppbp/3p1np1/2pP4/2P1P3/2N5/PP3PPP/R1BQKBNR w	729	672	380
r1bqkbnr/pp1ppppp/8/1B6/3pP3/8/PPPP1PPP/RNBQK2R w	728	607	256
r1bqkbnr/1pp2ppp/p1np4/4p3/B3P3/5N2/PPPP1PPP/RNBQK2R w	727	546	216
rnbq1rk1/ppppppbp/5np1/8/2PP4/4PN2/PP3PPP/RNBQKB1R w	726	497	197
rn1qkb1r/pp2pppp/2p2n2/3p1b2/2PP4/2N1PN2/PP3PPP/R1BQKB1R b	726	525	181
rn1qkbnr/pp2ppp1/2p3bp/8/3P3P/6N1/PPP2PP1/R1BQKBNR w	726	648	376
rn1qkb1r/pp3ppp/2p1pn2/3p1b2/2PP4/2N1PN2/PP3PPP/R1BQKB1R w	725	538	174
rnbqkbnr/pppppp1p/6p1/8/2P5/5N2/PP1PPPPP/RNBQKB1R b	723	607	350
rnbqkb1r/ppp1pppp/5n2/3p4/2P5/2N5/PP1PPPPP/R1BQKBNR w	722	561	264
rnbqkb1r/ppp2ppp/4pn2/3p4/2PP4/6P1/PP2PP1P/RNBQKBNR w	721	621	399
rnbqkbnr/ppp2ppp/8/3p4/3pP3/2P5/PP3PPP/RNBQKBNR w	721	572	242
rnbqkbnr/ppp1pppp/8/3p4/8/3P2P1/PPP1PP1P/RNBQKBNR b	719	496	214
rnbqkb1r/pp1ppppp/5n2/8/2PN4/8/PP2PPPP/RNBQKB1R b	719	681	477
r1bqkbnr/pp2pppp/2n5/2pP4/8/2P2N2/PP1P1PPP/RNBQKB1R b	719	646	276
rnbqkb1r/pp3ppp/2p2n2/3p2B1/3P4/2N5/PP2PPPP/R2QKBNR w	719	666	442
rnbqkbnr/pppp1ppp/4p3/6B1/3P4/8/PPP1PPPP/RN1QKBNR b	718	594	202
rnbqkb1r/pppp1ppp/4pn2/8/2P5/2N2N2/PP1PPPPP/R1BQKB1R b	718	635	321
rnbqk2r/ppp1bppp/4pn2/3p4/3P4/5NP1/PPP1PPBP/RNBQK2R w	718	662	429
rnbqkbnr/pp1ppppp/8/2p5/8/1P2P3/P1PP1PPP/RNBQKBNR b	717	523	174
rnbqkbnr/pp2pppp/2p5/6N1/4p3/3P4/PPP2PPP/RNBQKB1R b	717	529	172
rnbq1rk1/ppp1ppbp/3p1np1/8/2PPP3/2NB1N2/PP3PPP/R1BQK2R b	717	537	203
rnbqk2r/ppp1ppbp/3p1np1/8/8/5NP1/PPPPPPBP/RNBQ1RK1 w	716	603	406
rnbqkb1r/pp3ppp/4pn2/2pp4/3P4/5NP1/PPP1PPBP/RNBQK2R w	716	613	296
rnbqkbnr/pp2pppp/8/8/8/2N5/PP1P1PPP/R1BQKBNR w	716	552	221
rnbqkb1r/pp3ppp/2p2n2/3p4/3P4/2N2N2/PP2PPPP/R1BQKB1R w	714	653	380
rnbqkb1r/pppp1ppp/8/4P3/4n3/5N2/PPP2PPP/RNBQKB1R b	713	479	189
rnbqk2r/ppp1bppp/4pn2/3p2B1/2PP4/5N2/PP2PPPP/RN1QKB1R w	713	536	167
rnbqkbnr/1p2pppp/p2p4/8/3NP3/2N5/PPP2PPP/R1BQKB1R b	712	517	202
rnbqkbnr/pppp1ppp/4p3/8/8/3P1N2/PPP1PPPP/RNBQKB1R b	709	503	220
rnbqk1nr/ppppppbp/6p1/6B1/3P4/5N2/PPP1PPPP/RN1QKB1R b	709	538	212
rnbqk2r/ppp1ppbp/3p1np1/8/3PP3/2N1BP2/PPP3PP/R2QKBNR b	709	664	380
r1bqkb1r/pppp1ppp/2n5/1B2p3/4n3/5N2/PPPP1PPP/RNBQR1K1 b	709	441	217
rnbqkb1r/pp3ppp/4pn2/3p4/2PP4/2N5/PP3PPP/R1BQKBNR w	708	652	378
rnbqk1nr/ppppppbp/6p1/8/2P5/6P1/PP1PPP1P/RNBQKBNR w	707	560	301
r1bqkbnr/pp1p1ppp/2n1p3/2p5/2P1P3/5N2/PP1P1PPP/RNBQKB1R w	707	513	226
rnbqkbnr/pp1ppp1p/6p1/2p5/3PP3/2P5/PP3PPP/RNBQKBNR b	706	570	238
rnbq1rk1/ppp1ppbp/3p1np1/8/3PPP2/2N2N2/PPP3PP/R1BQKB1R w	706	620	320
r1bqkb1r/pp3ppp/2np1n2/1N2p1B1/4P3/2N5/PPP2PPP/R2QKB1R b	706	689	497
r1bqkbnr/pppppppp/2n5/8/8/1P6/PBPPPPPP/RN1QKBNR b	705	459	210
rnbqkbnr/pp2pppp/2p5/3p4/2P5/4P3/PP1P1PPP/RNBQKBNR w	704	507	191
rnbqkbnr/pp2pppp/2p5/3p4/3P4/6P1/PPP1PPBP/RNBQK1NR b	704	522	232
r1bqkb1r/pppnpppp/3p1n2/8/3PP3/2N2N2/PPP2PPP/R1BQKB1R b	703	536	267
rnbqk2r/ppp1bppp/4pn2/3p4/2PP4/4PN2/PP3PPP/RNBQKB1R w	703	557	223
r1bq1rk1/pp2ppbp/2np1np1/8/3NP3/2N1BP2/PPPQ2PP/R3KB1R w	703	680	472
rnbqkb1r/pp3ppp/2p2p2/8/3P4/2P5/PP3PPP/R1BQKBNR b	702	665	486
rnbqkb1r/pppppp1p/5np1/8/2P1P3/2N5/PP1P1PPP/R1BQKBNR b	701	642	403
rnbq1rk1/ppp1ppbp/3p1np1/8/2PP4/5NP1/PP2PPBP/RNBQK2R w	701	621	399
rnbqkb1r/pp1ppppp/5n2/8/2Pp4/2N5/PP2PPPP/R1BQKBNR w	700	633	346
r1bqk2r/2pp1ppp/p1n2n2/1pb1p3/4P3/1B3N2/PPPP1PPP/RNBQ1RK1 w	700	475	211
rnbqkbnr/pp2pppp/2p5/3p4/6P1/8/PPPPPPBP/RNBQK1NR w	699	542	191
rnbqkbnr/pp1ppp1p/6p1/8/3pP3/2P5/PP3PPP/RNBQKBNR w	698	588	263
rnb1kb1r/ppp1pppp/3q1n2/8/3P4/2N5/PPP2PPP/R1BQKBNR w	698	529	282
rnbqkb1r/pp3ppp/4pn2/3p4/2PP4/2N2N2/PP3PPP/R1BQKB1R b	698	619	333
rnbqkb1r/ppp1pppp/5n2/8/2pP4/4PN2/PP3PPP/RNBQKB1R b	695	476	223
rnbqkb1r/pp1n1ppp/4p3/2ppP3/3P4/2PB4/PP1N1PPP/R1BQK1NR b	695	679	449
r1bqkbnr/ppp1pppp/2np4/8/3P4/5N2/PPP1PPPP/RNBQKB1R w	693	406	223
rnbqkb1r/ppp2ppp/4pn2/3P4/3P4/5N2/PP2PPPP/RNBQKB1R b	693	573	294
rnbqk1nr/pp1pppbp/6p1/8/3pP3/2N2N2/PPP2PPP/R1BQKB1R w	693	593	338
r1bqkbnr/pp2pppp/2np4/8/4P3/2N2N2/PP3PPP/R1BQKB1R w	693	592	239
rnbqkbnr/pp2pppp/3p4/2p5/4P3/2N3P1/PPPP1P1P/R1BQKBNR b	691	640	386
r1b1kbnr/ppqp1ppp/2n1p3/8/3NP3/2N5/PPP2PPP/R1BQKB1R w	690	615	340
rnbqkbnr/ppp1pppp/3p4/6B1/3P4/8/PPP1PPPP/RN1QKBNR b	689	550	244
rnbqk2r/ppppbppp/4pn2/8/2PP4/2N5/PP2PPPP/R1BQKBNR w	689	554	192
rnbqkbnr/ppp2ppp/8/4N3/3Pp3/8/PPP2PPP/RNBQKB1R b	689	470	189
r1bqk1nr/pp1pppbp/2n3p1/8/2PNP3/8/PP3PPP/RNBQKB1R w	689	648	361
r3kbnr/pp1b1ppp/1qn1p3/2ppP3/3P4/2PB1N2/PP3PPP/RNBQK2R w	689	598	231
rnbqkbnr/ppp2ppp/4p3/3p4/8/3P1N2/PPP1PPPP/RNBQKB1R w	687	472	200
rnbqkb1r/pp2pppp/5n2/2pp4/8/5NP1/PPPPPPBP/RNBQK2R w	687	603	391
rnbqkbnr/pp3ppp/4p3/2p5/3pP3/5N2/PPPPNPPP/R1BQKB1R w	687	590	286
rnbqk1nr/pp1pppbp/6p1/2p5/3PP3/2N5/PPP2PPP/R1BQKBNR w	685	658	491
r1bqkbnr/pp1ppp1p/2n3p1/8/2PNP3/8/PP3PPP/RNBQKB1R b	685	646	394
r1bqkb1r/pp1n1ppp/2n1p3/2ppP3/3P1P2/2N2N2/PPP3PP/R1BQKB1R w	685	668	449
rnbqkbnr/pp2pppp/2p5/8/4p3/2NP4/PPP2PPP/R1BQKBNR w	683	508	249
r1bqkb1r/pppp1ppp/5n2/1B2p3/3nP3/2N2N2/PPPP1PPP/R1BQK2R w	683	352	179
rnbqkb1r/pppn1ppp/4p3/3pP3/3P4/3B4/PPPN1PPP/R1BQK1NR b	683	666	440
rnbqkb1r/pppppp1p/5np1/8/3P4/2P2N2/PP2PPPP/RNBQKB1R b	680	599	383
rnb1kb1r/ppp1pppp/3q1n2/8/3P4/2N2N2/PPP2PPP/R1BQKB1R b	680	508	262
rnbq1rk1/ppp1bppp/4pn2/3p2B1/2PP4/2N1P3/PP3PPP/R2QKBNR w	679	601	282
r1bqkbnr/pp1ppppp/2n5/2p5/1P2P3/5N2/P1PP1PPP/RNBQKB1R b	676	616	322
rnbqkb1r/ppp1pp1p/3p1np1/8/3PPB2/2N5/PPP2PPP/R2QKBNR b	676	499	234
rnbqkb1r/pp2pppp/8/3n4/8/2N5/PP1P1PPP/R1BQKBNR w	676	561	293
rnbqk1nr/ppp1ppbp/3p2p1/8/3PPP2/2N5/PPP3PP/R1BQKBNR b	675	606	361
rnb1kbnr/ppp1pppp/8/8/1q6/2N5/P1PP1PPP/R1BQKBNR w	675	462	191
rnbqkb1r/pp2pppp/2p2n2/3p4/3P4/2P2N2/PP2PPPP/RNBQKB1R w	674	599	407
rnbqkb1r/pp2pppp/2p2n2/3P4/3P4/5N2/PP2PPPP/RNBQKB1R b	674	624	469
r1bqkb1r/pp2pppp/2n2n2/3p4/3P4/2PB3P/PP3PP1/RNBQK1NR b	674	611	325
rnbqkbnr/ppp2ppp/4p3/3p4/4P3/1P6/P1PP1PPP/RNBQKBNR w	672	543	251
rnbq1rk1/ppp1ppbp/5np1/3p4/3P4/5NP1/PPP1PPBP/RNBQ1RK1 w	672	624	455
rnbqkbnr/pp1ppppp/2p5/8/2P5/4P3/PP1P1PPP/RNBQKBNR b	671	484	170
r1bqkbnr/pp1npppp/2pp4/8/3PP3/5N2/PPP2PPP/RNBQKB1R w	670	507	173
rnbqkb1r/pppnpppp/8/3pP3/8/2N5/PPPP1PPP/R1BQKBNR w	670	578	272
rnbqkb1r/pp3ppp/4pn2/2pp4/8/5NP1/PPPPPPBP/RNBQ1RK1 w	670	593	364
rnbqkbnr/pp1ppppp/8/8/3Q4/5N2/PPP1PPPP/RNB1KB1R b	669	501	228
r1bqk2r/pp1pppbp/2n2np1/8/3NP3/2N1BP2/PPP3PP/R2QKB1R b	669	628	293
rnbqkb1r/pppp1ppp/4pn2/8/3P4/2P2N2/PP2PPPP/RNBQKB1R b	668	615	376
r1bqkbnr/pp1ppppp/2n5/8/3Q4/2N5/PPP1PPPP/R1B1KBNR w	668	553	300
rn1qkbnr/pp2pppp/2p5/3p4/4P1b1/2N2N1P/PPPP1PP1/R1BQKB1R b	668	529	331
rnbq1rk1/ppppppbp/5np1/8/8/3P1NP1/PPP1PPBP/RNBQ1RK1 b	668	591	424
rnbqkbnr/1p1ppppp/p7/2p5/4P3/2N2N2/PPPP1PPP/R1BQKB1R b	667	418	204
rnbqkb1r/pp1ppppp/5n2/8/3pP3/2P5/PP3PPP/RNBQKBNR w	667	611	371
rnbqkbnr/1p1p1ppp/p3p3/8/2PNP3/8/PP3PPP/RNBQKB1R b	667	630	410
rnbqkb1r/pppp1ppp/5n2/8/2PQ4/2N5/PP2PPPP/R1B1KBNR b	666	524	179
rnbqkb1r/pp1ppppp/5n2/2p5/2P5/5N2/PP1PPPPP/RNBQKB1R w	665	594	399
rnbqkbnr/ppp2ppp/8/3p4/3P4/5N2/PP2PPPP/RNBQKB1R b	662	470	191
r1bqk2r/2ppbppp/p1n2n2/1p2p3/B3P3/5N2/PPPP1PPP/RNBQR1K1 w	662	632	426
rnbqkbnr/pp2pppp/2p5/3p4/8/4PN2/PPPP1PPP/RNBQKB1R w	661	503	296
rnbqkbnr/pp2pppp/2pp4/8/2PP4/5N2/PP2PPPP/RNBQKB1R b	661	577	364
rnbqkb1r/ppp2ppp/4pn2/3p4/5P2/4PN2/PPPP2PP/RNBQKB1R w	661	543	224
rnbqk1nr/ppppppbp/6p1/8/2P5/5N2/PP1PPPPP/RNBQKB1R w	659	561	324
rnbqk2r/pppnbppp/4p3/3pP1B1/3P4/2N5/PPP2PPP/R2QKBNR w	659	628	358
rnbq1rk1/ppp1bppp/4pn2/3p4/2PP4/2N1PN2/PP3PPP/R1BQKB1R w	659	535	208
rnbqkbnr/pp1ppppp/8/2p5/8/3P1N2/PPP1PPPP/RNBQKB1R b	658	507	232
rnbqkbnr/ppp2ppp/3p4/4P3/2P5/8/PP2PPPP/RNBQKBNR b	658	494	203
rnbqkbnr/pp1p1ppp/4p3/8/2Pp4/2N5/PP2PPPP/R1BQKBNR w	658	495	174
rnbqkb1r/1p2pppp/p2p1n2/8/3NP3/2N2P2/PPP3PP/R1BQKB1R b	658	621	335
rnbqk2r/ppp1bppp/4pn2/3p4/2PP4/5NP1/PP2PP1P/RNBQKB1R w	656	626	444
rnbq1rk1/ppppppbp/5np1/6B1/2PP4/2N2N2/PP2PPPP/R2QKB1R b	656	461	184
rnbqkb1r/1p3ppp/p2ppn2/6B1/3NPP2/2N5/PPP3PP/R2QKB1R b	656	641	457
rnbqkbnr/pp2pppp/2p5/3p4/2P5/4PN2/PP1P1PPP/RNBQKB1R b	655	565	351
rnbqkb1r/pppp1ppp/5n2/8/2Pp4/2N5/PP2PPPP/R1BQKBNR w	655	526	185
r1bqkb1r/2pp1ppp/p1n2n2/1p2p3/B3P3/3P1N2/PPP2PPP/RNBQK2R w	655	491	246
rnbqkbnr/pp3ppp/4p3/3p4/2PP4/8/PP3PPP/RNBQKBNR w	653	539	203
rnbqkbnr/pp3ppp/4p3/2ppP3/1P6/5N2/P1PP1PPP/RNBQKB1R b	652	613	409
rnbqkbnr/pp2pppp/2p5/3p4/2P5/6P1/PP1PPP1P/RNBQKBNR w	650	539	315
rnbqkbnr/ppp2ppp/4p3/3p4/2P5/4P3/PP1P1PPP/RNBQKBNR w	650	458	170
rnbqkb1r/ppp1pppp/3p4/3nP3/8/5N2/PPPP1PPP/RNBQKB1R w	650	536	240
r1bqkbnr/pppppppp/8/3Pn3/8/8/PPP1PPPP/RNBQKBNR w	649	407	218
rnbqkb1r/ppppp1pp/5n2/5p2/2P5/2N5/PP1PPPPP/R1BQKBNR w	649	528	238
rnbqkb1r/pp3ppp/2p1pn2/3p4/2PP1B2/2N5/PP2PPPP/R2QKBNR w	649	505	184
rnbqk2r/ppp1ppbp/3p1np1/8/2PPP3/2NB4/PP3PPP/R1BQK1NR b	649	573	211
rnbqkbnr/ppppp1pp/8/5p2/3PP3/8/PPP2PPP/RNBQKBNR b	647	526	241
rnbqkb1r/ppp1pp1p/5np1/3p4/3P1B2/5N2/PPP1PPPP/RN1QKB1R w	647	458	171
rnbq1rk1/pp2bppp/2p1pn2/3p2B1/2PP4/2N1PN2/PP3PPP/R2QKB1R w	647	570	228
rnbqkbnr/pp3ppp/2p1p3/3p4/2PPP3/2N5/PP3PPP/R1BQKBNR b	646	560	260
rnbqkb1r/pp1ppppp/5n2/8/2PQ4/2N5/PP2PPPP/R1B1KBNR b	645	582	311
rnbqk1nr/pp3ppp/4p3/2ppP3/1b1P4/P1N5/1PP2PPP/R1BQKBNR b	645	626	453
rnbqkbnr/pp2pppp/3p4/8/4P3/2N2N2/PP3PPP/R1BQKB1R b	645	530	235
rnbqkbnr/pp1p1ppp/4p3/2p5/3P4/2P5/PP2PPPP/RNBQKBNR w	644	477	207
rnbqkbnr/ppp2ppp/3p4/4p3/3PP3/2N5/PPP2PPP/R1BQKBNR b	644	431	228
rnb1kbnr/ppp2ppp/8/3q4/8/8/PP1P1PPP/RNBQKBNR w	644	524	190
rnbqkb1r/ppp1pppp/5n2/8/2PP4/5N2/PP3PPP/RNBQKB1R b	644	537	176
r2qkb1r/pp2pppp/2n2n2/3p4/3P2b1/2PB1N2/PP3PPP/RNBQ1RK1 b	644	588	316
r1bqkbnr/ppp2ppp/2np4/4p3/8/1P2P3/PBPP1PPP/RN1QKBNR w	643	414	190
rnbqkbnr/pp1ppppp/8/2p5/4P3/8/PPPPNPPP/RNBQKB1R b	642	575	271
r1bqkbnr/pp1ppppp/2n5/2p5/4P3/6P1/PPPP1PBP/RNBQK1NR b	642	515	202
r1bqkb1r/pppnpppp/3p1n2/8/2PP4/2N5/PP2PPPP/R1BQKBNR w	642	551	298
rnbq1rk1/pp2ppbp/3p1np1/8/3NP3/2N1BP2/PPPQ2PP/R3KB1R b	642	611	414
r1bqkbnr/pp1ppppp/2n5/2p5/4P3/6P1/PPPP1P1P/RNBQKBNR w	641	504	188
rnbqkbnr/pp1p1ppp/4p3/2p5/2P1P3/2N5/PP1P1PPP/R1BQKBNR b	641	503	173
rnbqk1nr/ppp2ppp/3b4/4N3/3Pp3/8/PPP2PPP/RNBQKB1R w	641	560	279
r1bqkbnr/pp1ppppp/2n5/8/2B1P3/2N5/PP3PPP/R1BQK1NR b	641	512	171
rnbqkb1r/pp1n1ppp/4p3/2ppP3/3P4/3B4/PPPN1PPP/R1BQK1NR w	641	624	415
rnbqkbnr/pp1ppppp/8/8/4P3/2PB4/PP3PPP/RNBQK1NR b	640	604	340
rnbqkbnr/pp4pp/2p1p3/3p1p2/2PP4/2N2N2/PP2PPPP/R1BQKB1R w	640	603	302
rnbqkb1r/ppp2ppp/8/3p4/3Pn3/5N2/PPP2PPP/RNBQKB1R w	638	571	283
rnbqkbnr/pp2pppp/2p5/3p4/2P5/6P1/PP1PPPBP/RNBQK1NR b	636	583	405
r1bqkb1r/pppp1ppp/2n2n2/8/4P3/2N1Q3/PPP2PPP/R1B1KBNR b	635	383	191
r1bqkbnr/ppppnppp/8/3Pp3/4PP2/8/PPP3PP/RNBQKBNR b	634	498	197
rn1qkb1r/ppp1pppp/5n2/3p1b2/3P4/5NP1/PPP1PPBP/RNBQK2R b	634	520	235
r1bqkb1r/1p3ppp/p1np1n2/1N2p1B1/4P3/2N5/PPP2PPP/R2QKB1R w	634	621	469
rnbqkbnr/ppp2ppp/8/4p3/3Pp3/5N2/PPP2PPP/RNBQKB1R w	633	397	166
rnbqkb1r/pp1p1ppp/4pn2/2p5/3P1B2/5N2/PPP1PPPP/RN1QKB1R w	633	502	250
r1bqkb1r/1p3ppp/p1np1n2/4p1B1/4P3/N1N5/PPP2PPP/R2QKB1R b	633	620	434
rnbqkb1r/pp2pppp/2p2n2/8/4N3/5N2/PPPPQPPP/R1B1KB1R b	631	587	389
rnbqkbnr/pp2pppp/8/2pp4/8/4PN2/PPPP1PPP/RNBQKB1R w	630	480	228
rnbqkb1r/pp1ppppp/5n2/2pP4/8/2N5/PPP1PPPP/R1BQKBNR b	629	547	377
rnbqkbnr/ppp2ppp/3P4/8/8/8/PPPPP1PP/RNBQKBNR b	629	562	282
rnbqkbnr/pp2pppp/8/2pp4/8/1P3N2/PBPPPPPP/RN1QKB1R b	628	543	303
r2qkb1r/pp3ppp/2n1pn2/3p4/3P2b1/2PB1N2/PP3PPP/RNBQ1RK1 w	628	576	287
rnbqk1nr/ppppppbp/6p1/8/2P5/2N2N2/PP1PPPPP/R1BQKB1R b	627	507	221
rnbqkbnr/pp1ppp1p/2p3p1/8/3PP3/8/PPP2PPP/RNBQKBNR w	626	460	211
rn1qkbnr/pbpppppp/1p6/8/8/1P2P3/PBPP1PPP/RN1QKBNR b	626	468	212
rnbqkb1r/pp1ppppp/5n2/2p5/4P3/2N2N2/PPPP1PPP/R1BQKB1R b	624	396	174
rnbqkb1r/pp1ppppp/5n2/2p5/3P4/2N5/PPP1PPPP/R1BQKBNR w	623	537	336
rnbqkbnr/pp2pppp/2p5/3p4/3PP3/3B4/PPP2PPP/RNBQK1NR b	623	467	175
rnbqkbnr/pp2pppp/8/2pp4/3P4/2P5/PP2PPPP/RNBQKBNR w	622	452	208
rnbqk1nr/ppppbppp/4p3/8/3PP3/2N5/PPP2PPP/R1BQKBNR b	622	529	238
rnbqk1nr/pp1pppbp/2p3p1/8/3PP3/2N5/PPP2PPP/R1BQKBNR w	622	538	360
r1bqkb1r/pp1p1ppp/2N1pn2/8/4P3/2N5/PPP2PPP/R1BQKB1R b	622	538	306
rnbqkb1r/pp1p1ppp/4pn2/2p5/4P3/2P2N2/PP1P1PPP/RNBQKB1R w	620	517	287
rn1qkb1r/pbpppppp/1p3n2/8/3PP3/3B4/PPP2PPP/RNBQK1NR w	619	505	189
rnbqk1nr/ppp2ppp/8/3p4/1b1P4/2N5/PPP2PPP/R1BQKBNR w	619	488	233
rnbqkbnr/ppp2ppp/8/3pp3/3P4/5N2/PPP1PPPP/RNBQKB1R w	618	352	173
r1bqk1nr/pp1pppbp/2n3p1/2p5/4P3/2N3P1/PPPP1PBP/R1BQK1NR w	618	595	422
rnbqkb1r/pp3p1p/3p1np1/2pP4/4P3/2N5/PP3PPP/R1BQKBNR w	618	599	394
rnbqkb1r/pp2pppp/2p2n2/3p2B1/3P4/5N2/PPP1PPPP/RN1QKB1R w	617	562	293
r1bqkbnr/pppp1ppp/2n5/3Pp3/2P5/8/PP2PPPP/RNBQKBNR b	616	458	236
rnbqk1nr/ppp1ppbp/3p2p1/8/8/5NP1/PPPPPPBP/RNBQK2R w	614	522	313
r1bqkbnr/pp1npppp/2p5/8/3PN3/5N2/PPP2PPP/R1BQKB1R b	614	553	292
r1bqk1nr/pp1pppbp/2n3p1/8/2PNP3/4B3/PP3PPP/RN1QKB1R b	614	581	326
r1bqkb1r/p1pp1ppp/2p2n2/4P3/8/8/PPP2PPP/RNBQKB1R b	613	370	188
r1bqkb1r/pp2pppp/2n2n2/3p4/3P1B2/2PB4/PP3PPP/RN1QK1NR b	613	557	352
rnbqkbnr/pp3ppp/3pp3/8/3NP3/2N5/PPP2PPP/R1BQKB1R b	611	475	166
rnbqk2r/ppp1nppp/3b4/3p4/3P4/3B1N2/PPP2PPP/RNBQK2R w	610	559	258
r1bq1rk1/2ppbppp/p1n2n2/1p2p3/4P3/1B3N2/PPPP1PPP/RNBQR1K1 w	609	574	353
r1bqkbnr/pppnpppp/3p4/8/2PP4/2N5/PP2PPPP/R1BQKBNR b	608	523	255
rn1qkb1r/pp2pppp/2p2n2/3p4/3P2b1/3BPN2/PPP2PPP/RNBQK2R w	608	451	189
r1bqk1nr/ppp1ppbp/2np2p1/8/3PP3/2N2N2/PPP2PPP/R1BQKB1R w	608	448	197
rnbqkbnr/pp3ppp/8/2pp4/8/2P2N2/PP1P1PPP/RNBQKB1R w	608	513	216
r1bqkbnr/ppp1pppp/2n5/3p4/8/1P3N2/PBPPPPPP/RN1QKB1R b	607	387	165
rnbqkb1r/pp1ppppp/2p2n2/8/2P5/2N5/PP1PPPPP/R1BQKBNR w	604	495	219
r1bqkb1r/pp2pppp/2np1n2/8/3NP3/2N1B3/PPP2PPP/R2QKB1R b	604	540	221
r1bqkb1r/ppp2ppp/2n2n2/1B1pP3/3p4/5N2/PPP2PPP/RNBQK2R b	603	540	273
r3kbnr/pp2pppp/2n5/3q4/3P2b1/5N2/PP3PPP/RNBQKB1R w	603	531	259
rnbqkb1r/ppp2ppp/4pn2/3p4/3P1B2/4P3/PPPN1PPP/R2QKBNR b	602	464	221
rnbqk1nr/ppppbppp/4p3/8/3P4/5N2/PPP1PPPP/RNBQKB1R w	601	495	262
rnbqkb1r/ppp2ppp/5n2/3p4/3P4/5N1P/PPP2PP1/RNBQKB1R b	601	530	210
r3kbnr/ppp1pppp/2n5/3q4/3P2b1/5N2/PPP1BPPP/RNBQK2R b	601	483	177
rnbqkb1r/pp2pppp/2pp1n2/8/2PPP3/2N5/PP3PPP/R1BQKBNR b	600	478	195
rnbqk2r/ppp1bppp/5n2/3p4/3P4/3B1N2/PPP2PPP/RNBQ1RK1 b	599	512	206
r1bqkb1r/pp2nppp/2n1p3/3pP3/3P4/5N2/PP3PPP/RNBQKB1R w	599	475	168
rnbqkb1r/ppp1pppp/3p1n2/6B1/3P4/5N2/PPP1PPPP/RN1QKB1R b	598	496	232
rnbqkb1r/pp2pppp/5n2/2pp4/3P1B2/2N5/PPP1PPPP/R2QKBNR w	598	414	199
r1bqkb1r/pp1p1ppp/2n1pn2/8/3NP3/2N1B3/PPP2PPP/R2QKB1R b	598	534	236
rnbqkb1r/ppp2ppp/4pn2/3p4/8/3P2P1/PPP1PPBP/RNBQK1NR w	597	494	229
rnbqkbnr/pp2pppp/2p5/8/2pP4/5N2/PP2PPPP/RNBQKB1R w	596	436	184
rnbqkb1r/ppp1pppp/5n2/8/2BP4/2N5/PPP2PPP/R1BQK1NR b	596	455	170
r1bqkbnr/1p1p1ppp/p1n5/1N2p3/4P3/8/PPP2PPP/RNBQKB1R w	596	555	320
rnbqkb1r/ppp1pppp/3p1n2/8/8/5NP1/PPPPPP1P/RNBQKB1R w	594	465	310
rnbqkbnr/pp3ppp/4p3/2pP4/3P4/2N5/PP2PPPP/R1BQKBNR b	594	458	233
r2qkb1r/pp2pppp/2n2n2/3p4/2PP2b1/2N2N2/PP3PPP/R1BQKB1R w	593	562	321
rnbqkb1r/1p3ppp/p2p1n2/4p3/4P3/1NN1B3/PPP2PPP/R2QKB1R b	593	567	361
rnbqk1nr/ppppppbp/6p1/8/4PP2/2N5/PPPP2PP/R1BQKBNR b	592	475	236
r1bqkb1r/pppp1ppp/2n2n2/4p3/2P5/6P1/PP1PPPBP/RNBQK1NR w	592	372	175
rnbqkbnr/pp1ppppp/2p5/6B1/3P4/8/PPP1PPPP/RN1QKBNR b	590	490	175
rnbqkbnr/pp2pppp/3p4/2p5/2P1P3/5N2/PP1P1PPP/RNBQKB1R b	590	404	172
rnbqk2r/pppp1ppp/4pn2/8/1bPP4/5N2/PP1BPPPP/RN1QKB1R b	590	533	353
rnbqkbnr/ppppppp1/8/7p/8/6P1/PPPPPP1P/RNBQKBNR w	589	498	349
r1bqkbnr/pppnpppp/3p4/8/3P4/5N2/PPP1PPPP/RNBQKB1R w	589	499	284
rn1qkb1r/ppp1pppp/5n2/3p1b2/3P4/5NP1/PPP1PP1P/RNBQKB1R w	587	482	229
rnbqkbnr/pp1ppp1p/6p1/8/3QP3/5N2/PPP2PPP/RNB1KB1R b	587	485	233
rnbqkb1r/pp1ppppp/5n2/2p5/2PP4/4P3/PP3PPP/RNBQKBNR b	586	513	274
rnbqkb1r/p1pppppp/1p3n2/8/3P4/5N2/PPP1PPPP/RNBQKB1R w	585	491	278
rnbqkbnr/ppp1pppp/8/8/2Pp4/2N5/PP1PPPPP/R1BQKBNR w	585	467	198
rnbqkb1r/ppppnppp/4p3/8/2PP4/8/PP2PPPP/RNBQKBNR w	585	473	172
rnbqk1nr/ppppbppp/4p3/8/2PP4/2N5/PP2PPPP/R1BQKBNR b	585	504	206
r1bqkbnr/pp1ppp1p/2n3p1/2p5/2P5/2N3P1/PP1PPPBP/R1BQK1NR b	585	495	237
rnbqk2r/pppp1ppp/4pn2/8/1bPP4/P1N5/1P2PPPP/R1BQKBNR b	585	461	197
rn2kb1r/ppp1pppp/5n2/3q4/3P2b1/5N2/PPP2PPP/RNBQKB1R w	585	474	175
rnbqkb1r/pp2pppp/5n2/3p4/3P1B2/2N5/PP2PPPP/R2QKBNR b	583	526	330
r1bqkbnr/pp1ppp1p/2n3p1/1Bp5/4P3/5N2/PPPP1PPP/RNBQ1RK1 b	582	511	344
rnbq1rk1/ppppppbp/5np1/8/8/1P2PN2/PBPP1PPP/RN1QKB1R w	582	527	375
rnbqkb1r/pp1ppppp/5n2/2p5/3P4/2P2N2/PP2PPPP/RNBQKB1R b	580	538	385
r1bqkb1r/pp1n1ppp/2n1p3/2ppP3/3P4/2PB4/PP1N1PPP/R1BQK1NR w	580	566	384
rnbqk1nr/ppp2ppp/3b4/8/8/8/PPPPP1PP/RNBQKBNR w	579	534	273
r1bqkbnr/pp2pppp/2n5/3p4/3P4/2P5/PP3PPP/RNBQKBNR w	578	467	206
rnbqkb1r/pp2pppp/5n2/3p4/3P4/2PB4/PP3PPP/RNBQK1NR b	578	529	290
rnbq1rk1/ppp1bppp/4pn2/3p4/2PP4/5NP1/PP2PPBP/RNBQK2R w	578	559	433
rnbqkb1r/pppppp1p/5np1/8/3PP3/8/PPP2PPP/RNBQKBNR w	576	422	238
rnbqk1nr/ppp2ppp/3b4/3pN3/4P3/8/PPPP1PPP/RNBQKB1R w	576	467	182
rnbqkb1r/ppp1pp1p/5np1/3p4/3P1B2/2N5/PPP1PPPP/R2QKBNR w	576	427	217
r1bqkbnr/pp1ppppp/2n5/8/8/5N2/PPP1PPPP/RNBQKB1R b	576	482	236
r1bqkb1r/pppp1ppp/2n2n2/8/2PQ4/2N5/PP2PPPP/R1B1KBNR w	576	463	167
rn2kbnr/pp1qpppp/3p4/2p5/4P3/5N2/PPPP1PPP/RNBQK2R w	576	490	293
rnbqkbnr/pp1p1ppp/4p3/2p5/3P4/2P2N2/PP2PPPP/RNBQKB1R b	575	413	204
r1bqkbnr/pp1ppppp/2n5/8/1p2P3/P7/2PP1PPP/RNBQKBNR w	575	490	173
rnbqkb1r/pp1p1ppp/4pn2/2p5/3P1B2/4PN2/PPP2PPP/RN1QKB1R b	575	469	236
rnbqk1nr/ppp1ppbp/3p2p1/8/3PPB2/2N5/PPP2PPP/R2QKBNR b	575	427	172
r1bqkb1r/p4ppp/2p2n2/n3p1N1/8/3B4/PPPP1PPP/RNBQK2R b	575	453	172
r1bqkbnr/pp2pppp/2np4/1Bp5/4P3/5N2/PPPP1PPP/RNBQ1RK1 b	574	462	238
r1bqkbnr/1p1p1ppp/p1n1p3/8/3NP3/2N1B3/PPP2PPP/R2QKB1R b	574	503	181
r1bqkbnr/pp1ppp1p/2n3p1/2p5/4P3/2N3P1/PPPP1P1P/R1BQKBNR w	573	549	403
rnbqkb1r/ppp1pp1p/5np1/3p4/2PP4/5N2/PP2PPPP/RNBQKB1R w	572	477	265
r1bqk1nr/pp1pppbp/2n3p1/1Bp5/4P3/5N2/PPPP1PPP/RNBQ1RK1 w	571	503	343
rnbq1rk1/ppp1ppbp/3p1np1/8/3P1B2/4PN1P/PPP2PP1/RN1QKB1R w	571	492	268
rnbqk2r/pp3ppp/2pb1p2/8/3P4/2P5/PP3PPP/R1BQKBNR w	571	544	408
rnbqkb1r/pppppppp/8/3nP3/8/2N5/PPPP1PPP/R1BQKBNR b	569	512	360
rnbqkbnr/pp3ppp/3p4/2pPp3/2P5/2N5/PP2PPPP/R1BQKBNR b	569	543	313
rnbqkbnr/pp3ppp/2p5/3p4/3P4/2N2N2/PP2PPPP/R1BQKB1R b	569	486	226
rnbqkbnr/1p1p1ppp/p3p3/2p5/4PP2/2N5/PPPP2PP/R1BQKBNR w	567	499	243
rnbqk1nr/pp1pppbp/2p3p1/8/3PP3/2N2N2/PPP2PPP/R1BQKB1R b	567	412	199
r1bqkbnr/pp3ppp/2n1p3/2pp4/4PP2/2N2N2/PPPP2PP/R1BQKB1R w	567	503	244
rnbqkbnr/pp3ppp/3pp3/2pP4/2P5/2N5/PP2PPPP/R1BQKBNR b	566	507	181
rnbqkbnr/pppp1ppp/8/4p3/5P2/5N2/PPPPP1PP/RNBQKB1R b	565	437	181
rnbqkbnr/pp2pppp/2p5/3p4/8/3P1N2/PPP1PPPP/RNBQKB1R w	565	461	262
rnbqkb1r/ppp2ppp/4pn2/3p4/2PP4/6P1/PP2PPBP/RNBQK1NR b	565	487	307
r1bqkb1r/pp2pppp/2n2n2/3p4/3P4/2P2N2/PP3PPP/RNBQKB1R w	565	483	257
r2qkbnr/pp1npppp/2p3b1/8/3P4/5NN1/PPP2PPP/R1BQKB1R w	565	528	295
rnbqkb1r/pppppp1p/5Bp1/8/8/1P6/P1PPPPPP/RN1QKBNR b	564	493	295
rnbqkbnr/pp1ppp1p/6p1/8/3PP3/8/PP3PPP/RNBQKBNR b	564	465	198
r1bqkbnr/pp2pppp/2n5/2pp4/8/1P3N2/PBPPPPPP/RN1QKB1R w	562	505	299
rnbqkb1r/ppp2ppp/3p1n2/4p3/3PP3/3B4/PPP2PPP/RNBQK1NR w	562	516	286
rnbqkb1r/pp3ppp/4pn2/2pp4/3P4/5NP1/PPP1PPBP/RNBQ1RK1 b	562	504	311
r1bqkbnr/pp1npppp/2pp4/8/3PP3/2N5/PPP2PPP/R1BQKBNR w	561	512	301
rnbqkb1r/ppp1pppp/3p1n2/8/3P4/5NP1/PPP1PP1P/RNBQKB1R b	560	484	321
rnbqkb1r/pp2pppp/3p1n2/8/3pP3/2P2N2/PP3PPP/RNBQKB1R w	560	465	224
rnbq1rk1/ppp2pbp/3p1np1/4p3/2PPP3/2N2N2/PP2BPPP/R1BQK2R w	560	546	420
rnbqkbnr/pp2pppp/2p5/3p4/4PP2/2N5/PPPP2PP/R1BQKBNR b	559	424	193
rnbqk1nr/pp2ppbp/2pp2p1/8/3PP3/2N2N2/PPP2PPP/R1BQKB1R w	558	438	201
rnb1kbnr/1pqp1ppp/p3p3/8/3NP3/2N1B3/PPP2PPP/R2QKB1R b	558	500	247
r1bqk1nr/pppp1ppp/2n5/b3p3/2BPP3/2P2N2/P4PPP/RNBQK2R b	558	444	177
r1bqkbnr/pp1ppppp/2n5/2p5/5P2/4PN2/PPPP2PP/RNBQKB1R b	557	457	206
rnbqk1nr/ppp2ppp/3b4/8/8/5N2/PPPPP1PP/RNBQKB1R b	557	518	272
rnbqkb1r/ppp2ppp/4pn2/3pP3/8/2N2N2/PPPP1PPP/R1BQKB1R b	556	458	284
rnbqk2r/pppp1ppp/4pn2/8/2PP4/P1b5/1P2PPPP/R1BQKBNR w	556	445	194
rnbqk2r/pppp1ppp/4pn2/8/2PP4/P1P5/4PPPP/R1BQKBNR b	556	445	194
rnbq1rk1/ppp2ppp/3b1n2/3p4/3P4/3B1N1P/PPP2PP1/RNBQ1RK1 b	556	519	262
rnbqkbnr/pp3ppp/4p3/2pp4/8/5NP1/PPPPPPBP/RNBQ1RK1 b	555	428	185
rnbqkbnr/pp1ppppp/2p5/8/8/2P5/PP1PPPPP/RNBQKBNR w	553	403	198
rnbqkb1r/pp1ppppp/5n2/8/3P4/8/PPP2PPP/RNBQKBNR w	553	474	281
rnbqkbnr/pp2pppp/2p5/8/4N3/3P4/PPP2PPP/R1BQKBNR b	553	414	199
rnbq1rk1/ppppppbp/5np1/8/2PP4/5NP1/PP2PPBP/RNBQK2R b	553	480	301
rnbqk1nr/ppppbppp/4p3/8/4P3/2N5/PPPP1PPP/R1BQKBNR w	552	463	184
rnbqkbnr/pp2pppp/8/2pp4/8/3P1N2/PPP1PPPP/RNBQKB1R w	551	438	191
rnbq1rk1/ppp1ppbp/3p1np1/8/2PP4/2N2NP1/PP2PPBP/R1BQK2R b	549	497	332
rnbqkb1r/ppppnppp/4p3/8/3PP3/2N5/PPP2PPP/R1BQKBNR b	548	426	179
rnbqkb1r/ppp2ppp/4pn2/6B1/3Pp3/2N5/PPP2PPP/R2QKBNR w	548	477	295
r1bqk1nr/pppp1ppp/2n5/2b5/4P3/1N6/PPP2PPP/RNBQKB1R b	548	453	188
rnbqk2r/ppp1bppp/4pn2/3p4/8/1P2PN2/PBPP1PPP/RN1QKB1R w	545	502	282
rnbqkb1r/pp2pppp/2p2n2/3p4/2P5/6P1/PP1PPPBP/RNBQK1NR w	544	507	363
r1bqkbnr/pp1ppppp/2n5/8/1P2P3/8/2PP1PPP/RNBQKBNR b	544	465	166
rnbqkb1r/pp2pp1p/3p1np1/2pP4/2P5/2N5/PP2PPPP/R1BQKBNR w	544	493	296
rnbq1rk1/ppp1ppbp/3p1np1/8/2PPP3/2NB4/PP3PPP/R1BQK1NR w	544	486	185
r1bqk2r/2ppbppp/p1n2n2/1p2p3/4P3/1B3N2/PPPP1PPP/RNBQ1RK1 w	544	482	240
rnbqkbnr/ppppp1pp/8/5pB1/3P4/8/PPP1PPPP/RN1QKBNR b	543	454	205
rnbqkbnr/pp1p1ppp/8/4p3/3N4/8/PPP1PPPP/RNBQKB1R w	543	415	211
rnbqkb1r/3ppppp/P4n2/2pP4/8/8/PP2PPPP/RNBQKBNR b	543	531	392
rnbqkbnr/pp1ppppp/2p5/8/8/4PN2/PPPP1PPP/RNBQKB1R b	542	412	218
rnbqkb1r/pppppp1p/5Bp1/8/3P4/8/PPP1PPPP/RN1QKBNR b	541	437	249
rnbqkb1r/pppp1p1p/5pp1/8/8/1P6/P1PPPPPP/RN1QKBNR w	541	474	292
r1bqkbnr/pppp1ppp/6n1/3Pp3/2P1P3/2N5/PP3PPP/R1BQKBNR b	541	490	253
rnbqkb1r/pp1ppppp/5n2/2p5/2P5/2N2N2/PP1PPPPP/R1BQKB1R b	539	482	306
rnb1kbnr/ppp2ppp/8/3q4/8/2N5/PP1P1PPP/R1BQKBNR b	539	439	172
r1bqkbnr/pppp1ppp/2n5/4p3/4P3/2N3P1/PPPP1P1P/R1BQKBNR b	538	361	181
rnbqk1nr/ppp1ppbp/3p2p1/8/3P4/5NP1/PPP1PPBP/RNBQK2R b	538	470	274
rnbqkbnr/pp3ppp/4p3/2pp4/4PP2/2N5/PPPP2PP/R1BQKBNR w	537	465	246
rnbqkb1r/pp1ppppp/5n2/4P3/3p4/2P5/PP3PPP/RNBQKBNR b	537	515	335
rnbqkb1r/pp1ppp1p/5np1/8/3QP3/5N2/PPP2PPP/RNB1KB1R w	536	453	226
rnbqkbnr/pp1ppppp/8/2p5/8/1P3N2/P1PPPPPP/RNBQKB1R b	535	466	274
rnbqkb1r/ppp1pppp/3p1n2/8/8/1P2P3/PBPP1PPP/RN1QKBNR b	535	415	220
rnbqkb1r/pp2pp1p/2p2np1/3p4/2PP4/2N2N2/PP2PPPP/R1BQKB1R w	535	462	251
r2qkbnr/pp2pppp/2n5/3pPb2/3P4/8/PP3PPP/RNBQKBNR w	535	469	167
r1bqkb1r/pp1n1ppp/2n1p3/2ppP3/3P1P2/2N1BN2/PPP3PP/R2QKB1R b	535	525	369
r1bqkbnr/pp1ppp1p/2n3p1/2p5/4P3/2N3P1/PPPP1PBP/R1BQK1NR b	534	510	366
rnbqkbnr/pppppp1p/6p1/8/8/2P5/PP1PPPPP/RNBQKBNR w	532	367	165
rnbqkb1r/pp1ppppp/2p2n2/8/3P4/5N2/PPP1PPPP/RNBQKB1R w	532	434	218
rnbqkbnr/pp2pppp/2pp4/8/8/6P1/PPPPPPBP/RNBQK1NR w	532	439	255
rnbqkbnr/pp2pppp/2pp4/8/3P4/4P3/PPP2PPP/RNBQKBNR w	532	388	169
rnbqkb1r/pp2pppp/3p1n2/8/3QP3/5N2/PPP2PPP/RNB1KB1R w	532	445	245
rnbqkbnr/pp1p1ppp/4p3/2p5/8/5NP1/PPPPPP1P/RNBQKB1R w	531	423	232
rnbqkb1r/pppp1p1p/5pp1/8/3P4/8/PPP1PPPP/RN1QKBNR w	531	432	249
rnbqkbnr/pp1p1ppp/4p3/8/3QP3/2N5/PPP2PPP/R1B1KBNR b	531	431	204
rnb1kbnr/pp2pppp/8/3q4/3p4/2P5/PP3PPP/RNBQKBNR w	531	493	256
rnbqkb1r/pp3ppp/2p1pn2/3p4/2PP4/5NP1/PP2PPBP/RNBQK2R b	531	485	281
rnbqkb1r/ppp1pppp/5n2/3p4/8/1P3N2/P1PPPPPP/RNBQKB1R w	530	468	288
rnbqkbnr/pp1p1ppp/4p3/8/3pP3/2N5/PPP2PPP/R1BQKBNR w	530	437	211
rnbqkb1r/ppp2ppp/8/3p4/3Pn3/3B1N2/PPP2PPP/RNBQK2R b	530	483	242
rnbqkbnr/ppp2ppp/3p4/4p3/8/5NP1/PPPPPP1P/RNBQKB1R w	529	348	176
rnbqkb1r/pp2pppp/2p2n2/3p4/4P3/2N2N2/PPPP1PPP/R1BQKB1R w	529	327	189
rnbqk2r/ppppppbp/5np1/8/2P5/5NP1/PP1PPPBP/RNBQK2R b	529	476	337
rnbqkbnr/ppp2ppp/4p3/3p4/4PP2/2N5/PPPP2PP/R1BQKBNR b	528	412	190
r1bqkb1r/pp1npppp/2p2n2/8/3PN3/5N2/PPP2PPP/R1BQKB1R w	528	475	245
r1bq1rk1/pp1pppbp/2n2np1/8/3NP3/2N1BP2/PPP3PP/R2QKB1R w	528	500	249
rnbqkbnr/ppp2ppp/4p3/3p4/2P5/4PN2/PP1P1PPP/RNBQKB1R b	527	429	212
rnbqkbnr/pp3ppp/8/2pp4/3P4/2N5/PP2PPPP/R1BQKBNR w	527	378	170
rnbqk2r/ppp1ppbp/3p1np1/8/3P1B2/4PN1P/PPP2PP1/RN1QKB1R b	527	444	208
r1bqk2r/pp1pppbp/2n2np1/8/2BNP3/2N1B3/PPP2PPP/R2QK2R b	527	492	312
rnbqkb1r/p1pppppp/1p3n2/8/2PP4/8/PP2PPPP/RNBQKBNR w	525	421	196
rnbqkb1r/pppppppp/8/8/3Pn3/5N2/PPP2PPP/RNBQKB1R b	525	395	174
rnbqkbnr/3p1ppp/p3p3/1p6/3NP3/2N5/PPP2PPP/R1BQKB1R w	524	443	202
r1bqkbnr/pp1ppppp/2N5/8/8/8/PPP1PPPP/RNBQKB1R b	523	398	193
rnbqkb1r/ppp1pppp/5n2/4P3/3p4/2N5/PPPP1PPP/R1BQKBNR w	522	422	216
rnbqk1nr/ppp2ppp/3b4/3p4/3P4/3B4/PPP2PPP/RNBQK1NR w	522	499	224
rnbqkbnr/pp2pppp/3p4/8/4P3/2N5/PP3PPP/R1BQKBNR w	521	424	180
rnbqkb1r/pp2pppp/2p2n2/3P4/3P4/8/PPP2PPP/RNBQKBNR w	520	457	201
r1bqkb1r/pp1ppppp/2n2n2/8/2PQ4/2N5/PP2PPPP/R1B1KBNR w	520	473	261
rnbqkb1r/pppp1ppp/4pn2/6B1/3PP3/8/PPP2PPP/RN1QKBNR b	519	410	211
rnbqkbnr/ppp2ppp/3p4/4p3/8/5NP1/PPPPPPBP/RNBQK2R b	519	350	173
rnbqkb1r/pppn1ppp/4p3/3pP3/8/2N2N2/PPPP1PPP/R1BQKB1R w	519	446	274
rnbqkb1r/pp2pppp/2p2n2/3p4/8/1P2PN2/PBPP1PPP/RN1QKB1R b	518	472	299
rn2kb1r/ppp1pppp/5n2/3q4/3P2b1/5N2/PPP1BPPP/RNBQK2R b	517	434	167
rnbqkbnr/ppp1pp1p/3p2p1/8/2PP4/5N2/PP2PPPP/RNBQKB1R b	514	403	216
rnbqk1nr/ppp2ppp/4p3/3P4/1b1P4/2N5/PPP2PPP/R1BQKBNR b	514	422	227
rnbqkb1r/pp3ppp/2p1pn2/3p4/2PP4/5NP1/PP2PP1P/RNBQKB1R w	513	472	274
rnbqk2r/ppp1ppbp/3p1np1/8/2PPP3/2N4P/PP3PP1/R1BQKBNR b	513	447	223
rnbqkbnr/pppppp1p/6p1/8/8/4PN2/PPPP1PPP/RNBQKB1R b	512	361	208
rnbqkbnr/ppp1pppp/3p4/8/2P5/6P1/PP1PPP1P/RNBQKBNR b	511	403	222
rnbqkb1r/pppnpppp/8/3pP3/3P4/2N5/PPP2PPP/R1BQKBNR b	511	436	171
rnbqkbnr/ppp2ppp/4p3/3p4/4P3/1P6/PBPP1PPP/RN1QKBNR b	508	438	229
rnbqkbnr/pp3ppp/2p5/4p3/3PP3/8/PPP3PP/RNBQKBNR w	508	458	229
r1bqkb1r/ppp2ppp/2n5/1B1pP3/3pn3/5N2/PPP2PPP/RNBQK2R w	507	466	236
rnbqkb1r/pp3ppp/2p1pn2/3p4/2PP1B2/2N2N2/PP2PPPP/R2QKB1R b	506	413	175
r1bqkb1r/pp1n1ppp/2p1pn2/3p2B1/2PP4/2N2N2/PP2PPPP/R2QKB1R w	505	452	216
rnbqkb1r/pp2pppp/3p1n2/2p5/4P3/2P2N2/PP1PBPPP/RNBQK2R b	504	460	255
rn1qkb1r/pppbpppp/5n2/1B1P4/8/8/PPPP1PPP/RNBQK1NR w	503	432	211
rnbqkbnr/ppp3pp/4p3/3p1p2/2PP4/2N5/PP2PPPP/R1BQKBNR w	502	460	286
rn1qkbnr/pp2pppp/2p5/3p4/6b1/5NP1/PPPPPPBP/RNBQK2R w	501	366	191
rnbqkb1r/ppp2ppp/8/3np3/8/2N3P1/PP1PPPBP/R1BQK1NR b	501	373	176
rnbqk2r/pp1p1ppp/4pn2/8/1b1NP3/2N5/PPP2PPP/R1BQKB1R w	501	451	206
r1b1kbnr/1pqp1ppp/p1n1p3/8/3NP3/2N1B3/PPP2PPP/R2QKB1R w	501	454	226
rnbq1rk1/ppp1bppp/5n2/3p4/3P4/3B1N2/PPP2PPP/RNBQ1RK1 w	501	426	183
r1bqkb1r/pp1ppppp/2n2n2/2p5/2P5/2N2N2/PP1PPPPP/R1BQKB1R w	500	420	220
rnbqk2r/pp3ppp/2pb1p2/8/3P4/2PB4/PP3PPP/R1BQK1NR b	500	481	374
rn1qkbnr/pp2pppp/2p5/3p1b2/8/5NP1/PPPPPPBP/RNBQK2R w	499	400	200
rnbqkbnr/pp3ppp/2p1p3/8/2pP4/2N2N2/PP2PPPP/R1BQKB1R w	498	414	201
rn1qkb1r/ppp2ppp/4pn2/3p1b2/3P4/5NP1/PPP1PPBP/RNBQK2R w	496	416	181
rnbqk1nr/pp1pppbp/6p1/2pP4/2P5/2N5/PP2PPPP/R1BQKBNR b	495	452	260
rnbqkb1r/pp2pppp/2p2n2/6N1/3P4/8/PPP2PPP/R1BQKBNR b	495	428	246
rnbqk1nr/pp2ppbp/3p2p1/2pP4/2P5/2N5/PP2PPPP/R1BQKBNR w	494	451	234
r1bqk1nr/pppp1ppp/1bn5/8/4P3/1N6/PPP2PPP/RNBQKB1R w	494	420	178
rnbqkb1r/1p3ppp/p2p1n2/4p3/3NP3/2N5/PPP1BPPP/R1BQK2R w	494	463	276
r1bqkbnr/pp1ppp1p/2n3p1/2p5/2P5/2N3P1/PP1PPP1P/R1BQKBNR w	493	410	192
r1bqkbnr/pp1p1ppp/2n1p3/2p5/4P3/2N3P1/PPPP1P1P/R1BQKBNR w	492	443	262
rn1qkb1r/pp2pppp/2p2n2/3p1b2/3P1B2/2N1P3/PPP2PPP/R2QKBNR w	491	404	212
r1bqkbnr/1p1p1ppp/p1nN4/4p3/4P3/8/PPP2PPP/RNBQKB1R b	491	457	257
rnbqkbnr/ppp2ppp/4p3/3p4/2PP4/6P1/PP2PP1P/RNBQKBNR b	490	362	168
rn1qkbnr/pp2ppp1/2p5/3pPb1p/3P3P/3B4/PPP2PP1/RNBQK1NR b	490	461	282
r1bqk1nr/1p1p1ppp/p1nb4/4p3/4P3/8/PPP2PPP/RNBQKB1R w	490	456	257
r1bqk1nr/1p1p1ppp/p1nQ4/4p3/4P3/8/PPP2PPP/RNB1KB1R b	490	456	257
rnb1kbnr/pp2pppp/8/3q4/3P4/8/PP3PPP/RNBQKBNR b	489	439	214
rnbqkb1r/ppp2ppp/4pn2/3p4/4P3/3P4/PPPN1PPP/R1BQKBNR w	488	470	353
r1bqkbnr/pp1p1ppp/2n1p3/8/2PNP3/8/PP3PPP/RNBQKB1R b	486	438	192
r1bqkb1r/pp1p1ppp/2n1pn2/8/2P5/2N5/PP2PPPP/R1BQKBNR w	486	411	188
rnbqk2r/ppp1ppbp/3p1np1/8/2PP4/5NP1/PP2PPBP/RNBQK2R b	485	430	264
rnbqkb1r/ppp1pppp/5n2/3p4/8/3P1NP1/PPP1PP1P/RNBQKB1R b	484	376	215
rnbqkb1r/ppp1pp1p/3p1np1/8/2P1P3/2N5/PP1P1PPP/R1BQKBNR w	484	430	265
rnbqkb1r/ppp2ppp/4pn2/3P4/3P4/2N5/PPP2PPP/R1BQKBNR b	484	398	195
rnbqkbnr/pp2pppp/8/3p4/3P1B2/8/PP2PPPP/RN1QKBNR b	484	380	178
r1bqkbnr/pp2pppp/2n5/3p4/3P4/5N2/PP2PPPP/RNBQKB1R w	484	408	236
r1bqkb1r/pp1ppppp/2n2n2/1Bp5/4P3/5N2/PPPP1PPP/RNBQK2R w	483	320	169
r1bqkbnr/pp1npppp/2pp4/8/3PP3/2N2N2/PPP2PPP/R1BQKB1R b	482	389	165
r1bqkb1r/pp2pppp/2n2n2/2pp4/8/5NP1/PPPPPPBP/RNBQ1RK1 w	481	439	300
rnbqkbnr/pppp2pp/4p3/5p2/2PP4/5N2/PP2PPPP/RNBQKB1R b	480	394	199
rnbqkb1r/ppp2ppp/5n2/3P4/5p2/5N2/PPPP2PP/RNBQKB1R w	480	436	166
rnbqkb1r/pp1ppppp/5n2/2pP4/8/5N2/PPP1PPPP/RNBQKB1R b	479	459	323
r1bqkbnr/pppp1ppp/8/4n3/4PP2/8/PPP3PP/RNBQKBNR b	479	373	207
rnbqkb1r/pp2pppp/2p2n2/8/8/5NN1/PPPP1PPP/R1BQKB1R b	479	423	253
rnbqk1nr/pp3ppp/4p3/2ppP3/3P4/P1b5/1PP2PPP/R1BQKBNR w	479	467	367
rnbqk1nr/pp3ppp/4p3/2ppP3/3P4/P1P5/2P2PPP/R1BQKBNR b	479	467	367
r2qkb1r/pp2pppp/2n2n2/3p4/3P2b1/3B1N2/PPP2PPP/RNBQ1RK1 w	479	410	210
rnbqk2r/ppp2ppp/3bpn2/3p4/3P4/5NP1/PPP1PPBP/RNBQK2R w	478	377	167
rnbq1rk1/ppppppbp/5np1/8/3P4/4PN2/PPP1BPPP/RNBQK2R w	478	383	221
rnbqkb1r/pppp1ppp/4pn2/8/3P1P2/4P3/PPP3PP/RNBQKBNR b	476	395	179
rnbqkb1r/ppp2ppp/4pn2/3p4/3P1B2/2P2N2/PP2PPPP/RN1QKB1R b	476	369	190
r1bqkbnr/p2ppppp/2p5/8/8/8/PPP1PPPP/RNBQKB1R w	476	360	167
rnbqk2r/ppp1bppp/4pn2/3p4/8/3P1NP1/PPP1PPBP/RNBQ1RK1 b	476	438	338
rnbq1rk1/ppppppbp/5np1/8/2P5/5NP1/PP1PPPBP/RNBQ1RK1 b	476	448	365
r1bqkb1r/pp1n1ppp/2p1pn2/3p2B1/2PP4/2N1PN2/PP3PPP/R2QKB1R b	476	439	224
rnbqkb1r/pp2pppp/1n1p4/8/2PP4/2N5/PP3PPP/R1BQKBNR b	476	457	290
rnbqkbnr/pp3ppp/2p1p3/3p4/8/5NP1/PPPPPPBP/RNBQK2R w	475	370	173
r1bqkb1r/pp3ppp/2n1pn2/2pp4/3P1B2/2P1PN2/PP1N1PPP/R2QKB1R b	475	408	211
rnbqkb1r/pp2pppp/2p2n2/3p4/3P4/6P1/PPP1PPBP/RNBQK1NR w	474	387	200
r1bqkbnr/pp2pppp/2n5/2pp4/8/3P1NP1/PPP1PPBP/RNBQK2R b	474	388	165
rnbqkb1r/ppp1pp1p/3p1np1/8/8/5NP1/PPPPPPBP/RNBQK2R w	473	373	262
rnbqk1nr/ppp1ppbp/3p2p1/8/3P4/5NP1/PPP1PP1P/RNBQKB1R w	473	412	242
rnbqk2r/pppp1ppp/8/2b1P3/2P3n1/5N2/PP2PPPP/RNBQKB1R w	473	407	193
rnbqkb1r/ppp2ppp/4pn2/3p2B1/3P4/2P2N2/PP2PPPP/RN1QKB1R b	472	419	232
rnbqkbnr/pp2pppp/8/2p5/3pP3/3P4/PPP1NPPP/R1BQKBNR b	472	395	204
rnbqk2r/ppp1ppbp/3p1np1/8/3PP3/2N1B3/PPPQ1PPP/R3KBNR b	472	410	236
rnbq1rk1/ppp1ppbp/3p1np1/8/8/3P1NP1/PPP1PPBP/RNBQ1RK1 w	472	415	291
rnbqkbnr/ppp2ppp/4p3/8/3Pp3/3B4/PPP2PPP/RNBQK1NR w	471	419	192
r1bqkbnr/pp1p1ppp/2n1p3/1Bp5/4P3/5N2/PPPP1PPP/RNBQ1RK1 b	471	380	183
rnbqkbnr/pp1p1ppp/8/2pPp3/2P5/8/PP2PPPP/RNBQKBNR b	470	440	264
rnbqk1nr/ppp1bppp/4p3/3p4/2PP4/2N5/PP2PPPP/R1BQKBNR w	470	441	255
r1bqk1nr/ppp1ppbp/2np2p1/8/2PPP3/2N5/PP3PPP/R1BQKBNR w	470	442	248
r2qkbnr/pp1npppp/3p4/2p5/4P3/5N2/PPPP1PPP/RNBQ1RK1 b	470	373	200
rnbqk1nr/pp2ppbp/3p2p1/2pP4/2P1P3/2N5/PP3PPP/R1BQKBNR b	470	448	234
rnbqkb1r/ppp2ppp/4pn2/3p4/2P5/5NP1/PP1PPP1P/RNBQKB1R w	469	448	347
rnbqkbnr/ppp2ppp/4p3/8/3PB3/8/PPP2PPP/RNBQK1NR b	469	418	191
rnbqkb1r/ppp2ppp/4pn2/3P4/8/2N2N2/PPPP1PPP/R1BQKB1R b	469	347	181
rn1qkb1r/pbpppppp/1p3n2/8/2PP4/2N2N2/PP2PPPP/R1BQKB1R b	469	382	193
rnbqkb1r/p1pp1ppp/1p2pn2/8/2PP4/2N2N2/PP2PPPP/R1BQKB1R b	469	422	251
rnbqkbnr/1p1ppppp/p7/2p5/4P3/2P2N2/PP1P1PPP/RNBQKB1R b	468	382	189
r1bqkbnr/pp1p1ppp/2n1p3/2p5/4P3/2N3P1/PPPP1PBP/R1BQK1NR b	468	424	252
rnbqkbnr/1p1p1ppp/p3p3/8/3NP3/3B4/PPP2PPP/RNBQK2R b	468	445	306
rnbqkb1r/pp2pppp/2p5/8/4n3/5N2/PPPPQPPP/R1B1KB1R w	468	442	311
rnbqkb1r/pp1ppppp/5n2/2p5/2P5/2N3P1/PP1PPP1P/R1BQKBNR b	467	357	193
rnbqkb1r/ppp1pppp/3P4/3n4/3P4/8/PPP2PPP/RNBQKBNR b	467	410	218
rnbqkb1r/ppp2ppp/3p4/8/4n3/2N2N2/PPPP1PPP/R1BQKB1R b	467	404	223
r1b1kb1r/pp2pppp/1qn2n2/2pp4/3P1B2/2P1PN2/PP3PPP/RN1QKB1R w	467	412	259
rnbqkb1r/pp2pppp/2p5/8/4Q3/5N2/PPPP1PPP/R1B1KB1R b	467	441	310
rnbqkb1r/p1pp1ppp/1p2pn2/8/2PP4/2N5/PP2PPPP/R1BQKBNR w	466	377	185
rnbqkbnr/1pp2ppp/p3p3/3p4/2PP4/2N5/PP2PPPP/R1BQKBNR w	465	383	197
rnbqk2r/ppppppbp/5np1/8/3P1P2/4PN2/PPP3PP/RNBQKB1R b	465	395	193
rnbqkb1r/pppppppp/1n6/4P3/3P4/5N2/PPP2PPP/RNBQKB1R b	465	397	204
rnbqkb1r/pp2pppp/3p1n2/2p5/4PP2/2N5/PPPP2PP/R1BQKBNR w	464	389	171
rnbqkb1r/ppp1pp1p/3p1np1/8/3PP3/2N2P2/PPP3PP/R1BQKBNR b	464	420	246
rn1qkb1r/pp2pppp/2p2n2/3p1b2/8/5NP1/PPPPPPBP/RNBQ1RK1 w	464	442	345
rnbqkb1r/pp2pppp/5n2/3p4/3P4/3B3P/PPP2PP1/RNBQK1NR b	464	420	211
r1bqkb1r/pp2pppp/2np1n2/6B1/3NP3/2N5/PPP2PPP/R2QKB1R b	464	419	285
r1bqkb1r/pp2pppp/2n2n2/3p4/3P4/3B1N2/PPP2PPP/RNBQ1RK1 b	464	407	223
rnbqkbnr/ppppppp1/8/7p/8/6P1/PPPPPPBP/RNBQK1NR b	461	385	262
rn1qkbnr/pbpppppp/1p6/8/8/1P3N2/PBPPPPPP/RN1QKB1R b	461	370	189
rnbqkbnr/pp3ppp/3p4/2pPp3/4P3/8/PPP2PPP/RNBQKBNR w	461	347	166
rnbqk1nr/ppp1ppbp/3p2p1/8/8/5NP1/PPPPPPBP/RNBQ1RK1 b	461	400	256
rnbq1rk1/ppp1ppbp/3p1np1/8/3PP3/2N1BP2/PPP3PP/R2QKBNR w	461	429	224
rnbqkb1r/ppp1pppp/3p1n2/8/3P4/2P5/PP2PPPP/RNBQKBNR w	460	345	197
rnbqk1nr/ppppppbp/6p1/8/8/4PN2/PPPP1PPP/RNBQKB1R w	459	328	188
rnbqkb1r/pp2pppp/2p2n2/3p4/8/1P3N2/PBPPPPPP/RN1QKB1R w	459	430	294
rnbq1rk1/ppp1bppp/4pn2/3p4/2PP1B2/2N2N2/PP2PPPP/R2QKB1R w	459	421	221
rnbqkbnr/pp1ppppp/8/8/4P3/p7/2PP1PPP/RNBQKBNR w	458	389	173
rnbqkbnr/pp2pppp/8/3p4/3pP3/2P5/PP3PPP/RNBQKBNR w	457	408	203
rnbqkb1r/pppppppp/8/8/3PnB2/8/PPP1PPPP/RN1QKBNR b	456	414	294
rnbqkb1r/ppp2ppp/3p1n2/4P3/4P3/2N5/PPP2PPP/R1BQKBNR b	456	394	274
r1bqkb1r/pp1ppppp/2n2n2/2p5/2P5/2N3P1/PP1PPPBP/R1BQK1NR b	455	359	181
rnbqkbnr/pp1ppppp/8/8/1p1PP3/8/P1P2PPP/RNBQKBNR b	454	379	182
rn1qkbnr/pp2pppp/2p5/3p4/4P3/2N2b1P/PPPP1PP1/R1BQKB1R w	454	378	256
rnbqk1nr/ppppppbp/6p1/8/3P4/6P1/PPP1PPBP/RNBQK1NR b	453	363	177
rnbqkbnr/ppp1pppp/3p4/8/8/3P1N2/PPP1PPPP/RNBQKB1R b	452	338	181
rnbqkb1r/pp1ppppp/5n2/8/3P4/5N2/PPP2PPP/RNBQKB1R b	452	409	261
rnbqk2r/ppp1ppbp/5np1/3p4/3P4/5NP1/PPP1PPBP/RNBQ1RK1 b	452	395	244
rnbqkb1r/ppp2ppp/4pn2/6N1/2B1p3/2N5/PPPP1PPP/R1BQK2R b	452	355	169
rnbqkb1r/pp2pppp/2p2n2/3p4/2P5/4PN2/PP1P1PPP/RNBQKB1R w	451	417	292
rnbqk2r/ppp2ppp/3b1n2/3p4/3P4/3B1N1P/PPP2PP1/RNBQK2R b	451	421	200
rnbqkb1r/1p3ppp/p2ppn2/8/3NP3/2N1B3/PPP2PPP/R2QKB1R w	451	394	173
rnbq1rk1/pp3ppp/2pb1p2/8/3P4/2PB4/PP3PPP/R1BQK1NR w	451	434	337
rnbqkb1r/pp2pppp/5n2/2pp4/3P1B2/2P2N2/PP2PPPP/RN1QKB1R b	450	367	218
rnbqk2r/pppp1ppp/8/2b1P3/2P3n1/4PN2/PP3PPP/RNBQKB1R b	450	394	191
r1bqkbnr/pp3ppp/2n5/2ppp3/8/5NP1/PPPPPPBP/RNBQ1RK1 w	449	399	218
rnbqkbnr/1p1p1ppp/p3p3/2p5/4PP2/2N2N2/PPPP2PP/R1BQKB1R b	447	391	178
r1bqkb1r/pp1ppppp/2n5/2pnP3/8/2P2N2/PP1P1PPP/RNBQKB1R w	447	420	270
rn1qkb1r/pp2pppp/2p2n2/3p1b2/3P4/5NP1/PPP1PPBP/RNBQK2R w	447	425	291
rnbqkb1r/ppp1pppp/5n2/3P4/8/5N2/PP1PPPPP/RNBQKB1R b	446	359	186
r1bqkbnr/pp1npppp/2pp4/8/2PP4/2N5/PP2PPPP/R1BQKBNR w	445	403	223
rnbqk2r/ppppppbp/5np1/8/3P4/6P1/PPP1PPBP/RNBQK1NR w	445	351	175
rnbqkb1r/1p1ppppp/p4n2/8/3NP3/8/PPP2PPP/RNBQKB1R w	445	412	227
r1bqkb1r/pppp1ppp/2nn4/1B2p3/8/5N2/PPPP1PPP/RNBQR1K1 w	445	378	206
rnbq1rk1/ppp1ppbp/3p1np1/8/2PPP3/2N2N1P/PP3PP1/R1BQKB1R b	445	392	186
r1bqk2r/pp1p1ppp/2n1pn2/8/1b1NP3/2N1B3/PPP2PPP/R2QKB1R w	445	404	179
r1bqkb1r/pp1n1ppp/2n1p3/2ppP3/3P4/2PB4/PP1NNPPP/R1BQK2R b	445	435	297
rnbqkb1r/ppp2ppp/4pn2/3p4/2P5/2N3P1/PP1PPP1P/R1BQKBNR w	444	376	174
rn1qkbnr/pp2pppp/2p5/3p4/4P3/2N2Q1P/PPPP1PP1/R1B1KB1R b	443	372	251
rn1qkbnr/pp2ppp1/2p5/3pP2p/3P3P/3b4/PPP2PP1/RNBQK1NR w	443	421	261
r1bqkb1r/pp2pppp/2np4/3nP3/3P4/5N2/PP3PPP/RNBQKB1R w	443	423	288
rnbqk2r/ppppppbp/5np1/8/8/3P1NP1/PPP1PPBP/RNBQK2R b	442	369	202
rnbqkb1r/pp2pppp/5n2/3p4/3P4/2P5/PP3PPP/RNBQKBNR w	442	367	171
r1bqkbnr/ppppnppp/8/3Pp3/2P5/8/PP2PPPP/RNBQKBNR w	441	383	211
rnbqk2r/ppp1ppbp/3p1np1/8/3P4/4PN2/PPP1BPPP/RNBQK2R w	441	357	177
rnbq1rk1/ppppppbp/5np1/8/2PP4/5NP1/PP2PP1P/RNBQKB1R w	441	381	237
rnbqkb1r/ppp2ppp/5p2/3p4/3P4/4P3/PPP2PPP/RN1QKBNR b	440	362	187
rnbq1rk1/ppppppbp/5np1/8/2P5/2N2NP1/PP1PPPBP/R1BQK2R b	440	370	209
r1bqkb1r/pp1ppppp/2n5/3nP3/3p4/2P2N2/PP3PPP/RNBQKB1R w	440	424	304
r1b1kbnr/pp3ppp/1qn1p3/3pP3/3p4/2PB1N2/PP3PPP/RNBQK2R w	440	395	194
rnbqkb1r/pp2pppp/2p2n2/3p4/3P1P2/4P3/PPP3PP/RNBQKBNR w	439	386	188
rnbqkbnr/pp3ppp/2p5/4p3/3PP3/5N2/PPP3PP/RNBQKB1R b	439	400	216
r1bqkb1r/pp1ppp1p/2n2np1/8/3NP3/2N5/PPP2PPP/R1BQKB1R w	439	390	166
rnbqkbnr/ppppp1pp/8/8/3Pp3/8/PPP2PPP/RNBQKBNR w	437	364	170
rnbqk1nr/ppppppbp/6p1/8/5P2/4PN2/PPPP2PP/RNBQKB1R b	437	361	168
rnbqkb1r/pp1ppppp/5n2/8/3N4/8/PPP1PPPP/RNBQKB1R w	437	374	219
r1bqkbnr/1p1p1ppp/p1n1p3/8/2B1P3/2N2N2/PP3PPP/R1BQK2R w	437	386	190
rnbqkbnr/pp1ppppp/2p5/8/8/3P1N2/PPP1PPPP/RNBQKB1R b	436	344	185
rn1qkb1r/ppp1pppp/5n2/3p1b2/8/5NP1/PPPPPPBP/RNBQK2R w	436	356	229
rnbqkb1r/pp2pp1p/3p1np1/8/2BNP3/2N5/PPP2PPP/R1BQK2R b	436	357	168
rnbq1rk1/ppp1ppbp/3p1np1/8/3PP3/2N1BP2/PPPQ2PP/R3KBNR b	436	411	225
r1bqkb1r/ppp2ppp/2n5/1B1pP3/3Nn3/8/PPP2PPP/RNBQK2R b	435	409	220
r1bq1rk1/pp2ppbp/2np1np1/8/3NP3/2N1BP2/PPPQ2PP/2KR1B1R b	435	422	283
rnbqk2r/ppp1ppbp/5np1/3p4/3P4/5NP1/PPP1PPBP/RNBQK2R w	434	371	200
rnbqkbnr/ppp2ppp/4p3/3p4/2P5/5NP1/PP1PPP1P/RNBQKB1R b	433	399	296
rn1qkbnr/pp2ppp1/2p5/3pP2p/3P3P/3Q4/PPP2PP1/RNB1K1NR b	433	411	254
rnbqkbnr/pp3ppp/2p1p3/3p4/3PP3/5P2/PPP3PP/RNBQKBNR w	432	336	175
r1bqkb1r/pp1ppppp/2n5/3nP3/3P4/5N2/PP3PPP/RNBQKB1R b	432	405	254
rnbqkbnr/pppppp1p/6p1/8/8/3P1N2/PPP1PPPP/RNBQKB1R b	431	351	185
rnbqk2r/ppp1ppbp/3p1np1/8/2PP4/5NP1/PP2PP1P/RNBQKB1R w	431	387	240
rnbqk1nr/pp2ppbp/2pp2p1/8/2PPP3/2N5/PP3PPP/R1BQKBNR w	431	383	170
rnbqk2r/ppp2ppp/3bpn2/3p4/3P4/5NP1/PPP1PPBP/RNBQ1RK1 b	431	353	174
rnbqkbnr/pppppp1p/6p1/8/4P2P/8/PPPP1PP1/RNBQKBNR b	430	379	215
rnbqkbnr/pppp1ppp/8/8/4p3/5NP1/PPPPPP1P/RNBQKB1R w	430	345	230
rnbqkbnr/ppp2ppp/4p3/3p4/8/1P3N2/P1PPPPPP/RNBQKB1R w	430	364	174
rnbqk1nr/pp1pppbp/6p1/2p5/4PP2/2N5/PPPP2PP/R1BQKBNR w	429	379	206
rnbk1b1r/ppp2ppp/5n2/4p3/4P3/2N5/PPP2PPP/R1B1KBNR w	429	373	262
rnbqkb1r/ppp2ppp/4pn2/3p4/2P5/2N2N2/PP1PPPPP/R1BQKB1R w	428	387	221
r1bqkbnr/pp1ppppp/8/1Bp5/3nP3/2N5/PPPP1PPP/R1BQK1NR w	428	396	295
rnbqkb1r/pp2pppp/5n2/2pp4/8/5NP1/PPPPPPBP/RNBQ1RK1 b	428	380	266
r1bqkb1r/5ppp/p1np1n2/1p2p1B1/4P3/N1N5/PPP2PPP/R2QKB1R w	428	424	341
rnbqkbnr/pp3ppp/4p3/2pP4/3P4/2P5/PP3PPP/RNBQKBNR b	427	362	205
rnbq1rk1/ppp1ppbp/3p1np1/8/2PPP3/2N4P/PP3PP1/R1BQKBNR w	427	388	205
rnbqkb1r/pp2pppp/1n1p4/8/2PP4/5N2/PP3PPP/RNBQKB1R b	427	379	189
rn1qkbnr/pbpppppp/1p6/8/2P1P3/2N5/PP1P1PPP/R1BQKBNR b	426	332	170
rnbq1rk1/ppp1ppbp/3p1np1/8/2P5/2N2NP1/PP1PPPBP/R1BQ1RK1 b	426	385	257
rnbqkb1r/p1pp1ppp/1p2pn2/8/2PP4/5NP1/PP2PP1P/RNBQKB1R b	425	416	326
rnbqkb1r/ppp2ppp/4pn2/3p4/2P5/4PN2/PP1P1PPP/RNBQKB1R w	424	372	222
rnbqkb1r/pppppppp/5n2/8/8/2PP4/PP2PPPP/RNBQKBNR b	423	350	192
rnbqk1nr/ppp1ppbp/3p2p1/8/3PP3/2PB4/PP3PPP/RNBQK1NR b	423	390	177
rnbqkb1r/ppp2ppp/5n2/4p3/4P3/2N5/PPP2PPP/R1BQKBNR w	423	379	270
r1bqk1nr/pp1pppbp/2n3p1/1Bp5/4PP2/2N2N2/PPPP2PP/R1BQK2R b	423	404	260
rnbqkbnr/1ppppppp/8/p7/8/1P6/P1PPPPPP/RNBQKBNR w	422	339	207
rnbqk1nr/ppp1bppp/4p3/8/3PN3/8/PPP2PPP/R1BQKBNR w	422	387	228
r1bqk2r/pppp1ppp/2n5/2b1P3/2P3n1/4PN2/PP3PPP/RNBQKB1R w	422	377	188
rnbqk2r/ppp1nppp/3b4/3p4/3P4/3B1N2/PPP2PPP/RNBQ1RK1 b	422	390	183
rnbqkb1r/p1pp1ppp/1p2pn2/8/3P4/4PN2/PPP2PPP/RNBQKB1R w	421	353	204
rnbqkb1r/pp2pppp/2p2n2/3p4/3P1P2/4PN2/PPP3PP/RNBQKB1R b	421	389	207
rnbqkb1r/ppp1pppp/5n2/8/8/6N1/PPPP1PPP/R1BQKBNR b	421	385	251
rnbq1rk1/ppppppbp/5np1/8/3P4/1P2PN2/PBP2PPP/RN1QKB1R b	421	399	288
r1bqkb1r/pp1ppppp/2n2n2/2p1P3/8/2P2N2/PP1P1PPP/RNBQKB1R b	420	366	189
rnbqkb1r/p1pp1ppp/1p2pn2/8/3P1B2/4PN2/PPP2PPP/RN1QKB1R b	419	363	202
rnbqkb1r/pp2pppp/3p1n2/8/3NP3/5P2/PPP3PP/RNBQKB1R b	419	376	228
rnbqk2r/ppp1bppp/4pB2/8/3PN3/8/PPP2PPP/R2QKBNR b	419	398	241
r2qkbnr/pp1b1ppp/2n1p3/2ppP3/3P4/2PB1N2/PP3PPP/RNBQK2R b	418	376	206
rnbqkb1r/pp2pppp/2p2n2/3p4/8/3P2P1/PPP1PPBP/RNBQK1NR w	417	365	218
r1bqk1nr/pp1pppbp/2n3p1/2p5/8/5NP1/PPPPPPBP/RNBQ1RK1 w	417	384	307
rn1qkb1r/pp2pppp/2p2n2/3p4/6b1/5NP1/PPPPPPBP/RNBQ1RK1 w	417	376	263
rnbqkb1r/ppp2ppp/4pB2/3p4/3P4/5N2/PPP1PPPP/RN1QKB1R b	416	330	166
rnbqkbnr/pp1p1ppp/4p3/2p5/2P5/5N2/PP1PPPPP/RNBQKB1R w	415	357	169
r1bqkbnr/pp2pppp/2np4/2p5/4P3/2N3P1/PPPP1P1P/R1BQKBNR w	414	366	197
rnbqk2r/ppp1ppbp/3p1np1/8/3PP3/2N2P2/PPP3PP/R1BQKBNR w	413	369	198
rnbqkbnr/pp1ppp1p/6p1/2p5/4PP2/2N5/PPPP2PP/R1BQKBNR b	412	359	179
rnbqk1nr/pp1pppbp/6p1/2p5/4PP2/2N2N2/PPPP2PP/R1BQKB1R b	411	360	196
rnbqkb1r/pp2pppp/3p1n2/2pP4/4P3/2N5/PPP2PPP/R1BQKBNR b	411	337	217
rnbqkb1r/pp3ppp/2p2n2/3p2B1/3P4/2N1P3/PP3PPP/R2QKBNR b	411	394	288
rnbqkb1r/pppppp1p/5np1/8/8/4PN2/PPPP1PPP/RNBQKB1R w	410	321	202
r1bqkb1r/ppp1pppp/1nn5/4P3/2PP4/8/PP4PP/RNBQKBNR w	410	399	218
r1bqkb1r/5ppp/p1np1n2/1p1Np1B1/4P3/N7/PPP2PPP/R2QKB1R b	410	402	291
rnbq1rk1/pppp1ppp/4pn2/8/1bPP4/2N5/PPQ1PPPP/R1B1KBNR w	408	374	263
rnbqkb1r/pp3ppp/4pn2/3p4/3P4/2N2N2/PP2PPPP/R1BQKB1R w	408	336	173
rnbqkb1r/ppp1pppp/5P2/8/3p4/2N5/PPPP1PPP/R1BQKBNR b	407	339	165
rnbqkb1r/pp2pppp/2p2n2/3p4/3P4/4PN2/PPP1BPPP/RNBQK2R b	407	358	189
rnbqkbnr/pp2pppp/3p4/2p5/3PP3/2N5/PPP2PPP/R1BQKBNR b	405	307	176
rnbqkb1r/pp2pp1p/3p1np1/2pP4/2P1P3/2N5/PP3PPP/R1BQKBNR b	405	370	226
rnbqkbnr/pp2pppp/2p5/3p4/8/1P3N2/P1PPPPPP/RNBQKB1R w	404	362	208
rnbqkb1r/ppp1pppp/3p1n2/8/2P5/5N2/PP1PPPPP/RNBQKB1R w	404	364	209
rnbq1rk1/ppp1ppbp/3p1np1/8/3P4/4PN2/PPP1BPPP/RNBQ1RK1 w	404	319	186
rnbQkb1r/ppp2ppp/5n2/4p3/4P3/2N5/PPP2PPP/R1B1KBNR b	403	364	260
rnbq1rk1/ppp1ppbp/3p1np1/8/2P5/2N2NP1/PP1PPPBP/R1BQK2R w	403	348	198
rnbqk2r/ppp1ppbp/6p1/8/3PP3/2P2N2/P4PPP/R1BQKB1R b	403	376	242
r1bqk2r/p1p2ppp/2p2n2/3p4/1b2P3/2NB4/PPP2PPP/R1BQK2R w	403	377	255
rnbqkbnr/ppppppp1/8/8/7p/6P1/PPPPPPBP/RNBQK1NR w	402	353	247
r1bqkbnr/pp2pppp/2np4/2p5/4P3/2N3P1/PPPP1PBP/R1BQK1NR b	402	356	188
rnbqkb1r/pp1p1ppp/4p3/3nP3/3P4/5N2/PP3PPP/RNBQKB1R b	402	376	249
rnbqkbnr/ppp2ppp/3p4/4P3/8/5N2/PPPPP1PP/RNBQKB1R b	401	361	188
rn1qkb1r/pp2pppp/2p2n2/3p1b2/3P4/5NP1/PPP1PPBP/RNBQ1RK1 b	401	386	281
rnbqkbnr/pp2pppp/2pp4/8/8/5NP1/PPPPPPBP/RNBQK2R b	400	360	245
rnbqkb1r/pppp1ppp/4pn2/8/8/1P3N2/PBPPPPPP/RN1QKB1R b	400	368	236
r1bqkbnr/pp2pppp/2n5/3p4/2PP4/2N5/PP3PPP/R1BQKBNR b	400	374	207
rnbq1rk1/ppp1bppp/4pn2/3p4/2PP1B2/2N1PN2/PP3PPP/R2QKB1R b	399	361	180
rnbqkb1r/ppp1pp1p/5np1/3p4/8/5NP1/PPPPPPBP/RNBQK2R w	398	357	249
rnbqkb1r/pp2pppp/2pp1n2/8/3PPP2/2N5/PPP3PP/R1BQKBNR b	396	330	172
r1bqk1nr/pp1pppbp/2n3p1/2p5/4P3/2NP2P1/PPP2PBP/R1BQK1NR b	396	387	285
r1bqkbnr/pp1npppp/2pp4/8/2PPP3/2N5/PP3PPP/R1BQKBNR b	394	362	210
rnbqkbnr/pp3ppp/4p3/2pP4/3P4/8/PPPN1PPP/R1BQKBNR b	394	376	249
rnbqkbnr/ppp2ppp/4p3/3p4/4P3/8/PPPPQPPP/RNB1KBNR w	393	337	217
rnbqkb1r/ppp1pp1p/3p1np1/8/3P4/5NP1/PPP1PPBP/RNBQK2R b	392	340	226
r1bqkbnr/pp2pppp/2n5/2pp4/3P4/5NP1/PPP1PPBP/RNBQK2R b	392	355	216
rnbqkbnr/pp2pppp/3p4/2pP4/8/2N5/PPP1PPPP/R1BQKBNR b	391	353	249
rnbqkb1r/pp1p1ppp/4pn2/2p5/2PP4/2N2N2/PP2PPPP/R1BQKB1R b	391	328	169
r1bqkb1r/pp1ppppp/2n2n2/8/2PN4/8/PP2PPPP/RNBQKB1R w	391	373	259
r1bqk1nr/pp1pppbp/2n3p1/2p5/2B1PP2/2N2N2/PPPP2PP/R1BQK2R b	391	350	199
rnbqk2r/1p2bppp/p2ppn2/6B1/3NPP2/2N5/PPP3PP/R2QKB1R w	391	380	246
rnbqkb1r/pppppp1p/5np1/8/8/1P3N2/P1PPPPPP/RNBQKB1R w	390	360	259
rnbqkb1r/pp2pppp/2p2n2/3p4/2P5/5NP1/PP1PPPBP/RNBQK2R b	390	380	320
rnbqkb1r/pp1ppppp/5n2/2p5/3P4/2P5/PP2PPPP/RNBQKBNR w	389	345	217
rnbqkbnr/pp2pppp/2p5/3P4/8/5N2/PP1PPPPP/RNBQKB1R b	389	319	184
rnbqkb1r/ppp2ppp/4pn2/8/3PB3/8/PPP2PPP/RNBQK1NR w	389	351	165
rnbqkb1r/pp2pppp/3p4/3nP3/3P4/8/PP3PPP/RNBQKBNR w	389	359	204
rnbqk1nr/ppppppbp/6p1/8/8/3P1N2/PPP1PPPP/RNBQKB1R w	388	316	168
r1bqkbnr/ppp2ppp/2n5/3p4/3P4/3B1N2/PPP2PPP/RNBQK2R b	388	323	169
rnbqk2r/pp3ppp/2pb1p2/8/3P4/3B1N2/PPP2PPP/R1BQK2R b	388	355	189
rnbqkbnr/pp1p1ppp/4p3/2p5/4P3/5NP1/PPPP1P1P/RNBQKB1R b	386	335	201
rnbqkb1r/ppp1pp1p/3p1np1/8/3P4/5NP1/PPP1PP1P/RNBQKB1R w	385	344	234
rnbq1rk1/ppp1bppp/4pn2/3p4/8/3P1NP1/PPP1PPBP/RNBQ1RK1 w	385	354	291
rnbqkb1r/pp3ppp/2p2n2/3p2B1/3P4/2N2N2/PP2PPPP/R2QKB1R b	385	343	183
r3kbnr/pp1b1ppp/1qn1p3/3pP3/3P4/3B1N2/PP3PPP/RNBQ1RK1 b	385	351	182
rn1qkb1r/1p3ppp/p2pbn2/4p3/4P3/1NN1BP2/PPP3PP/R2QKB1R b	385	376	250
r1bqkbnr/pp1ppppp/2n5/2p5/8/1P3N2/PBPPPPPP/RN1QKB1R b	384	335	203
rnbqkb1r/pp1ppppp/2p2n2/8/2PP4/5N2/PP2PPPP/RNBQKB1R b	384	313	182
r1bqk2r/4bppp/p1np1n2/1p1Np1B1/4P3/N7/PPP2PPP/R2QKB1R w	384	377	276
rnbqkbnr/1p1p1ppp/p3p3/8/2B1P3/2N2N2/PP3PPP/R1BQK2R b	383	340	170
r1bq1rk1/pp1pppbp/2n2np1/8/2BNP3/2N1B3/PPP2PPP/R2QK2R w	383	358	223
rnbqkb1r/ppp1pppp/5n2/3p4/2P5/4PN2/PP1P1PPP/RNBQKB1R b	382	297	176
rnbqkb1r/pp2pppp/2p2n2/3p4/8/3P1NP1/PPP1PPBP/RNBQK2R b	382	342	203
r1bqkbnr/pp2pppp/2n5/1Bpp4/8/1P2P3/PBPP1PPP/RN1QK1NR b	382	328	166
r1bqkb1r/pppp1ppp/2n5/8/2Bpn3/5N2/PPP2PPP/RNBQ1RK1 w	382	321	203
rnbqkb1r/pppppp1p/5np1/8/5P2/5N2/PPPPP1PP/RNBQKB1R w	381	311	170
rnbqkb1r/pp1ppppp/8/2pnP3/8/5N2/PPPP1PPP/RNBQKB1R w	381	321	166
rnbqkb1r/pp3ppp/3p1n2/2pP4/8/2N2N2/PP2PPPP/R1BQKB1R b	381	362	249
r2qkb1r/pp2pppp/2n2n2/3p4/3P1Bb1/2PB4/PP3PPP/RN1QK1NR w	381	348	215
r1bq1rk1/2ppbppp/p1n2n2/1p2p3/4P3/1BP2N2/PP1P1PPP/RNBQR1K1 b	381	355	195
rn1qkbnr/ppp1pppp/3p4/8/3P2b1/5N2/PPP1PPPP/RNBQKB1R w	380	267	167
rnbqkb1r/pp2pppp/5n2/2pp4/8/1P2P3/PBPP1PPP/RN1QKBNR w	379	330	172
r1bqkb1r/pp2pppp/2n2n2/3p4/3P1B2/2N2N2/PP2PPPP/R2QKB1R b	379	367	294
r2qkbnr/pp1npppb/2p4p/7P/3P4/5NN1/PPP2PP1/R1BQKB1R w	378	363	255
rnbqk1nr/pp2ppbp/6p1/3p4/3PP3/5N2/PP3PPP/RNBQKB1R w	377	353	214
rnbqkbnr/pp3ppp/2p1p3/3p4/2PP4/5NP1/PP2PP1P/RNBQKB1R b	376	327	176
rn1qkbnr/pppb1ppp/4p3/8/3PN3/8/PPP2PPP/R1BQKBNR w	376	345	214
rnbqkb1r/pp1ppppp/5n2/8/3p4/4PN2/PPP2PPP/RNBQKB1R w	374	331	197
r1bqkbnr/pp3ppp/2n5/2ppp3/8/3P1NP1/PPP1PPBP/RNBQ1RK1 b	374	330	171
rnbqkb1r/pp1p1ppp/4p3/2pnP3/3P4/2P2N2/PP3PPP/RNBQKB1R b	373	331	227
rnbqkbnr/pp2pppp/2p5/3p4/2P5/5NP1/PP1PPP1P/RNBQKB1R b	372	346	249
rnbqk2r/ppppppbp/5np1/8/2P1P3/2N5/PP1P1PPP/R1BQKBNR w	372	315	179
rnbqkb1r/ppp1pppp/5n2/3p4/2P5/6P1/PP1PPPBP/RNBQK1NR b	371	314	170
rnbq1rk1/ppppppbp/5np1/8/3P4/4PN2/PPP1BPPP/RNBQ1RK1 b	371	302	189
rnbqkbnr/1ppppppp/8/p7/8/1P6/PBPPPPPP/RN1QKBNR b	370	295	183
r1bqkbnr/pp1ppp1p/2n3p1/2p5/8/5NP1/PPPPPPBP/RNBQK2R w	370	321	227
rnbqkbnr/pp2pp1p/2pp2p1/8/3PP3/2N5/PPP2PPP/R1BQKBNR w	369	344	231
rnbqk2r/ppp1bppp/4pn2/3p4/2P5/5NP1/PP1PPPBP/RNBQ1RK1 b	369	365	331
rnb1kbnr/pp3ppp/4p3/2pq4/3P4/2P2N2/PP3PPP/RNBQKB1R b	369	348	247
rnbq1rk1/ppp2ppp/3b1n2/3p4/3P4/3B1N1P/PPP2PP1/RNBQK2R w	369	343	168
rnbqkb1r/pp1p1ppp/4p3/2pnP3/8/2P2N2/PP1P1PPP/RNBQKB1R w	368	345	239
r1bqk1nr/pp1pppbp/2n3p1/2p5/2P5/2N2NP1/PP1PPPBP/R1BQK2R b	368	319	185
rnbqkb1r/pp3ppp/3p1n2/2pPp3/2P5/2N5/PP2PPPP/R1BQKBNR w	367	345	215
r1bqk2r/pp1pppbp/2n2np1/8/2PNP3/4B3/PP3PPP/RN1QKB1R w	366	346	201
rnbqkb1r/pp2pp1p/1n1p2p1/8/2PP4/2N5/PP3PPP/R1BQKBNR w	366	359	250
rn1qkb1r/1p3ppp/p2pbn2/4p3/4P3/1NN1B3/PPP2PPP/R2QKB1R w	365	354	229
rnbqk2r/ppp1ppbp/5np1/3p4/8/5NP1/PPPPPPBP/RNBQ1RK1 w	364	330	235
rnbqkbnr/1p1p1ppp/p3p3/8/4P3/2N2N2/PP3PPP/R1BQKB1R w	363	323	168
rnbq1rk1/ppppppbp/5np1/8/2P5/5NP1/PP1PPPBP/RNBQK2R w	362	332	253
rnbqkb1r/pp2pppp/2p2n2/8/P1pP4/2N2N2/1P2PPPP/R1BQKB1R b	362	357	260
rnbq1rk1/ppp1bppp/5n2/3p2B1/3P4/2N1P3/PP3PPP/R2QKBNR w	362	339	199
rnbqkbnr/pp2pppp/2p5/8/4p3/3P4/PPPN1PPP/R1BQKBNR w	361	324	199
rnbqkbnr/pp2pppp/8/3p4/8/5N2/PP1PPPPP/RNBQKB1R w	361	300	175
rnbqkb1r/ppp1pp1p/3p1np1/8/2P5/2N3P1/PP1PPPBP/R1BQK1NR b	361	291	165
rnbqkbnr/pp1p1ppp/4p3/2p5/4P3/1P3N2/P1PP1PPP/RNBQKB1R b	360	313	176
r1bqkb1r/pp1ppp1p/2n2np1/8/2P5/2N5/PP2PPPP/R1BQKBNR w	360	336	185
rnbqkbnr/pp2pppp/8/2pp4/8/1P3N2/P1PPPPPP/RNBQKB1R w	359	312	169
rnbqkb1r/pp2pppp/2pp1n2/8/2PP4/5N2/PP2PPPP/RNBQKB1R w	359	297	168
rn1qkb1r/pp2pppp/2p2n2/3p4/3P2b1/5NP1/PPP1PPBP/RNBQK2R w	359	306	190
rnbq1rk1/ppp1ppbp/5np1/3p4/2PP4/5NP1/PP2PPBP/RNBQ1RK1 b	359	342	268
rn1qkbnr/pp3pp1/2p1p3/3pP2p/3P3P/3Q4/PPP2PP1/RNB1K1NR w	359	339	203
rn1qkb1r/ppp1pppp/3p4/3nP3/3P2b1/5N2/PPP2PPP/RNBQKB1R w	358	312	187
rnbqkb1r/pp1ppppp/5n2/2p3B1/3P4/8/PPP1PPPP/RN1QKBNR w	357	344	230
rnbqkb1r/pppp1ppp/8/4P3/2P2Bn1/8/PP2PPPP/RN1QKBNR b	356	322	193
rnbqk2r/ppp2ppp/4pn2/3p4/1bPP4/5NP1/PP2PP1P/RNBQKB1R w	356	312	203
rn1qkb1r/pbpppppp/1p3n2/8/2PP4/5N2/PP2PPPP/RNBQKB1R w	355	305	170
rnbqkb1r/ppp2ppp/4pn2/3p4/2P1P3/2N5/PP1P1PPP/R1BQKBNR w	355	330	230
r1bqkb1r/pppnpppp/3p1n2/8/2PP4/2N2N2/PP2PPPP/R1BQKB1R b	355	319	200
rnbqkb1r/pppppp1p/5np1/8/2PP4/6P1/PP2PP1P/RNBQKBNR b	354	314	208
rnbqkb1r/pp2pppp/5n2/2pp4/3P4/2P2N2/PP2PPPP/RNBQKB1R w	354	315	213
rnbq1rk1/pppp1ppp/4pn2/8/1bPP4/2N1P3/PP3PPP/R1BQKBNR w	354	332	243
r1bqkb1r/pp3ppp/2n1pn2/2pp4/3P4/5NP1/PPP1PPBP/RNBQ1RK1 w	354	327	210
rnbqkb1r/pp1p1ppp/4p3/3nP3/3p4/2P2N2/PP3PPP/RNBQKB1R w	354	333	252
rnbqk1nr/ppp1bppp/4p3/8/3PN3/5N2/PPP2PPP/R1BQKB1R b	353	325	196
rnbqk2r/pp2bppp/2p2n2/3p2B1/3P4/2N1P3/PP3PPP/R2QKBNR w	353	343	244
rnbqkb1r/ppp2ppp/3p4/8/8/2n2N2/PPPP1PPP/R1BQKB1R w	352	301	169
r1bq1rk1/pp1pppbp/2n2np1/8/3NP3/2N1BP2/PPPQ2PP/R3KB1R b	352	330	165
rn1qkb1r/pbpp1ppp/1p2pn2/8/2PP4/5NP1/PP2PPBP/RNBQK2R b	351	334	228
rnbqkb1r/1p3ppp/p2p1n2/4p3/4P3/1NN5/PPP1BPPP/R1BQK2R b	351	339	216
rnbqkb1r/pppp1ppp/4pn2/8/2P5/5NP1/PP1PPP1P/RNBQKB1R b	349	338	251
rnbqkb1r/pp1ppp1p/5np1/2pP4/2P5/2N5/PP2PPPP/R1BQKBNR b	349	314	184
rnbqkb1r/ppp2ppp/5n2/3P4/8/8/PP1P1PPP/RNBQKBNR w	349	325	204
rnbqk2r/pp1pppbp/5np1/2pP4/2P5/2N5/PP2PPPP/R1BQKBNR w	348	309	167
rnbq1rk1/ppp1ppbp/3p1np1/8/2PP4/2N2NP1/PP2PP1P/R1BQKB1R w	348	322	221
rnbqkb1r/1p3ppp/p2p1n2/4p3/3NP3/2N2P2/PPP3PP/R1BQKB1R w	348	332	208
r2qkbnr/pp1nppp1/2p3bp/8/3P3P/5NN1/PPP2PP1/R1BQKB1R w	348	336	231
rnb1kbnr/1pqp1ppp/p3p3/8/3NP3/2NB4/PPP2PPP/R1BQK2R b	347	326	169
rnbqkbnr/ppppp1pp/8/5p2/8/5NP1/PPPPPP1P/RNBQKB1R b	346	282	174
rnbqkbnr/pp3ppp/4p3/2pp4/3PP3/5N2/PPPN1PPP/R1BQKB1R b	346	301	190
r1bqkbnr/pp1ppppp/2n5/8/1p2P3/5N2/P1PP1PPP/RNBQKB1R w	345	315	169
rnbqkb1r/p1pp1ppp/1p2pn2/8/3P1B2/5N2/PPP1PPPP/RN1QKB1R w	345	294	165
r3kbnr/pp2pppp/2n5/3q4/3P2b1/5N2/PP2BPPP/RNBQK2R b	345	316	174
rnbqkb1r/1p2pppp/p1p2n2/3p4/2PP4/2N2N2/PP2PPPP/R1BQKB1R w	344	335	233
rnbqkb1r/1p1ppppp/p4n2/8/3NP3/2N5/PPP2PPP/R1BQKB1R b	344	318	175
rn2kbnr/pp1qpppp/3p4/2p5/4P3/5N2/PPPP1PPP/RNBQ1RK1 b	344	302	200
rn1qkb1r/pbpp1ppp/1p2pn2/8/2PP4/5NP1/PP2PP1P/RNBQKB1R w	343	328	223
r1bqkb1r/pp2pppp/2n2n2/2pp4/8/1P2PN2/PBPP1PPP/RN1QKB1R w	340	322	201
rnb1kb1r/pp2pppp/5n2/2pq4/3P4/2P2N2/PP3PPP/RNBQKB1R b	340	333	217
rnbqk1nr/pp1pppbp/6p1/2p5/2PP4/5N2/PP2PPPP/RNBQKB1R w	335	306	199
rnbqk2r/ppppppbp/5np1/8/2PP4/6P1/PP2PPBP/RNBQK1NR b	335	296	184
r1bqkb1r/pp3ppp/2n1pn2/3p4/2PP4/2N2N2/PP3PPP/R1BQKB1R w	334	302	182
rnbqkbnr/pp1ppppp/8/8/3p4/2P2N2/PP2PPPP/RNBQKB1R b	332	317	263
rnbqkb1r/pp1ppppp/5n2/8/3P4/8/PP2PPPP/RNBQKBNR w	332	269	173
rn1qkb1r/pp2pppp/2p2n2/3p4/3P2b1/5NP1/PPP1PPBP/RNBQ1RK1 b	332	303	211
rnbq1rk1/pp3ppp/2pb1p2/8/3P4/3B1N2/PPP2PPP/R1BQK2R w	332	307	167
r1bqk2r/2p1bppp/p1np1n2/1p2p3/4P3/1B3N2/PPPP1PPP/RNBQR1K1 w	332	321	211
r2qkbnr/pp1npppb/2p4p/7P/3P4/3B1NN1/PPP2PP1/R1BQK2R b	332	323	229
rnbqkb1r/pp1p1ppp/4pn2/2p1P3/8/2P2N2/PP1P1PPP/RNBQKB1R b	330	298	202
r1bqkb1r/pp1p1ppp/2n1pn2/1N6/4P3/2N5/PPP2PPP/R1BQKB1R b	330	329	266
rnbqkb1r/ppp2ppp/4pn2/8/2pP4/5NP1/PP2PP1P/RNBQKB1R w	329	289	178
rnbq1rk1/ppppppbp/5np1/8/3P1B2/4PN1P/PPP2PP1/RN1QKB1R b	329	283	168
rnbqkb1r/pp2pppp/5n2/2pp4/3P4/5NP1/PPP1PP1P/RNBQKB1R w	328	295	175
rnbqk2r/pppnBppp/4p3/3pP3/3P4/2N5/PPP2PPP/R2QKBNR b	328	311	168
rnb1kb1r/pp2pppp/5n2/2pq4/3P4/2P5/PP3PPP/RNBQKBNR w	327	320	211
r1b1kbnr/ppqp1ppp/2n1p3/8/3NP3/2N1B3/PPP2PPP/R2QKB1R b	327	297	167
rnbqkb1r/pp1p1ppp/4pn2/2p5/3P4/2P2N2/PP2PPPP/RNBQKB1R w	326	289	185
rnb1kbnr/ppq1pppp/2pp4/8/3PP3/2N5/PPP2PPP/R1BQKBNR w	326	292	168
r1bqkb1r/pppp1ppp/2n5/1B2p3/3Pn3/5N2/PPP2PPP/RNBQ1RK1 b	326	257	170
rnbqk2r/1p2bppp/p2ppn2/6B1/3NPP2/2N2Q2/PPP3PP/R3KB1R b	326	320	216
r1bqkbnr/pp3ppp/2np4/1N2p3/2P1P3/8/PP3PPP/RNBQKB1R b	325	314	180
rnb1k2r/pppnqppp/4p3/3pP3/3P4/2N5/PPP2PPP/R2QKBNR w	325	309	168
rnbqkb1r/pp3ppp/3p1n2/2pPp3/2P1P3/2N5/PP3PPP/R1BQKBNR b	324	307	184
r2qkbnr/pp1nppp1/2p4p/7P/3P4/3b1NN1/PPP2PP1/R1BQK2R w	324	316	227
r2qkbnr/pp1nppp1/2p4p/7P/3P4/3Q1NN1/PPP2PP1/R1B1K2R b	324	316	227
rnbqkb1r/pp2pppp/2p2n2/3p4/5P2/4PN2/PPPP2PP/RNBQKB1R w	323	300	178
rnbqk1nr/pp1pppbp/6p1/2p5/8/5NP1/PPPPPPBP/RNBQK2R w	323	301	221
rnbqkb1r/ppp2ppp/4pn2/3p4/4P3/3P1N2/PPPN1PPP/R1BQKB1R b	323	316	247
r1bqk2r/p1p2ppp/2p2n2/3P4/1b6/2NB4/PPP2PPP/R1BQK2R b	323	306	219
rnbqkbnr/pp1ppppp/8/8/2Pp4/4P3/PP3PPP/RNBQKBNR b	322	283	190
rnbqkbnr/ppp2ppp/4p3/3P4/8/8/PPPPQPPP/RNB1KBNR b	322	298	190
rnbqkb1r/pp2pppp/3p1n2/2pP4/8/2N5/PPP1PPPP/R1BQKBNR w	322	288	205
r1bqkbnr/pppn1ppp/3p4/4p3/3PP3/2N5/PPP2PPP/R1BQKBNR w	321	287	182
rn1qkbnr/pp2ppp1/2p3bp/8/3P3P/5NN1/PPP2PP1/R1BQKB1R b	321	287	169
rnbqkb1r/ppp1pp1p/3p1np1/8/8/5NP1/PPPPPPBP/RNBQ1RK1 b	320	256	185
r1bqkb1r/pppnpppp/3p1n2/8/2PPP3/2N5/PP3PPP/R1BQKBNR b	320	288	169
rn1qkb1r/pbpp1ppp/1p2pn2/8/3P4/5NP1/PPP1PPBP/RNBQK2R w	320	290	211
r1bqk2r/pp1pppbp/2n2np1/8/2PNP3/2N1B3/PP3PPP/R2QKB1R b	320	305	184
r1bqkbnr/5ppp/p1np4/1p2p3/4P3/N1N5/PPP2PPP/R1BQKB1R w	320	304	168
rnbqk2r/ppppppbp/5np1/8/2PP4/6P1/PP2PP1P/RNBQKBNR w	319	279	181
rnbqk2r/ppppppbp/5np1/8/2P5/5NP1/PP1PPP1P/RNBQKB1R w	319	288	213
rnbqk1nr/pp1pppbp/6p1/2p5/2PP4/2N2N2/PP2PPPP/R1BQKB1R b	318	291	182
rn1qkb1r/pbpp1ppp/1p2pn2/8/3P4/5NP1/PPP1PPBP/RNBQ1RK1 b	318	293	218
rnbqkb1r/ppp2ppp/4pn2/8/2pP4/5NP1/PP2PPBP/RNBQK2R b	318	285	183
rnbqkb1r/pp2pppp/5n2/2pp4/3P4/5NP1/PPP1PPBP/RNBQK2R b	317	288	173
rnbqkbnr/pp3ppp/4p3/2PpP3/8/8/PPP2PPP/RNBQKBNR w	317	265	200
rnbqkbnr/pp3ppp/4p3/2pp4/4P3/3P4/PPPN1PPP/R1BQKBNR w	316	284	171
rnbqkbnr/pp2pppp/8/2p5/3pP3/6N1/PPPP1PPP/R1BQKBNR b	314	285	180
rnbqkb1r/1p3ppp/p2p1n2/4p3/4P3/1NN2P2/PPP3PP/R1BQKB1R b	314	301	198
rnbqkbnr/pp2pppp/2p5/8/4P3/8/PPPN1PPP/R1BQKBNR b	313	293	186
r1bqkb1r/1p1npppp/p2p1n2/6B1/3NP3/2N5/PPP2PPP/R2QKB1R w	313	296	214
r1bqkb1r/pp2pppp/2n2n2/3p4/3P4/3B1N1P/PPP2PP1/RNBQK2R b	312	298	178
r1bqk2r/4bppp/p1np1B2/1p1Np3/4P3/N7/PPP2PPP/R2QKB1R b	312	308	239
rnbqkb1r/pppppppp/8/4P3/8/2n5/PPPP1PPP/R1BQKBNR w	311	271	180
r1b1kbnr/pp2pppp/2n5/2pq4/3P4/2P5/PP3PPP/RNBQKBNR w	311	299	188
rnbqkb1r/pp1ppppp/8/3nP3/3p4/2P2N2/PP3PPP/RNBQKB1R b	311	307	250
r1bqkb1r/pp1n1ppp/2p1pn2/3p4/2PP4/2N1PN2/PP3PPP/R1BQKB1R w	311	281	198
rnbqkbnr/1ppppppp/8/8/p7/1P6/PBPPPPPP/RN1QKBNR w	310	264	168
rn1qkb1r/3ppppp/b4n2/2pP4/8/8/PP2PPPP/RNBQKBNR w	310	302	206
rnb1kb1r/ppp2pp1/4pq1p/8/3P4/5N2/PPP2PPP/R1BQKB1R w	310	297	181
rnbqk2r/pp2ppbp/6p1/2p5/3PP3/2P2N2/P4PPP/R1BQKB1R w	310	293	176
rnbqkb1r/1p2pppp/p2p1n2/8/3NP3/2N4P/PPP2PP1/R1BQKB1R b	309	289	213
rn1qk2r/1p2bppp/p2pbn2/4p3/4P3/1NN1BP2/PPP3PP/R2QKB1R w	308	300	201
rnbqk1nr/ppp1bppp/4p3/3p4/2PP4/2N2N2/PP2PPPP/R1BQKB1R b	306	290	167
rnbqkb1r/ppp2ppp/1n1p4/8/2PP4/2N5/PP3PPP/R1BQKBNR b	306	296	201
r1bqkbnr/ppp2ppp/2n5/3p4/3pP3/2P2N2/PP3PPP/RNBQKB1R w	305	254	166
rnbqkbnr/pp3ppp/4p3/3pP3/1p6/5N2/P1PP1PPP/RNBQKB1R w	305	287	208
rnbqkb1r/pppppp1p/5np1/8/2P5/5NP1/PP1PPP1P/RNBQKB1R b	304	281	207
r1bqkb1r/pp1ppppp/2n5/2pnP3/3P4/2P2N2/PP3PPP/RNBQKB1R b	304	288	177
rnbqkb1r/pp1ppppp/5n2/8/3P4/5N2/PP2PPPP/RNBQKB1R b	303	273	208
rnbq1rk1/ppp1ppbp/3p1np1/8/2P5/5NP1/PP1PPPBP/RNBQ1RK1 w	303	276	227
rnb1kb1r/pp3ppp/4pn2/2pq4/3P4/2P2N2/PP3PPP/RNBQKB1R w	303	295	216
rnbqkbnr/pppppp1p/8/6p1/8/5N2/PPPPPPPP/RNBQKB1R w	302	275	189
r1bqkb1r/pp2pppp/2n2n2/2pp4/3P1B2/2P1P3/PP1N1PPP/R2QKBNR b	302	284	222
rnbqk2r/ppp1ppbp/6p1/3n4/3P4/2N2N2/PP2PPPP/R1BQKB1R w	301	280	187
r3kbnr/pp2pppp/2n5/2pq4/3P2b1/2P2N2/PP3PPP/RNBQKB1R w	300	289	166
r1bqk2r/5ppp/p1np1b2/1p1Np3/4P3/N7/PPP2PPP/R2QKB1R w	300	297	233
rnbqkbnr/ppp3pp/4p3/3p1p2/2PP4/5N2/PP2PPPP/RNBQKB1R w	299	281	184
r1bqkb1r/pppnpppp/3p1n2/8/2PP4/5N2/PP2PPPP/RNBQKB1R w	299	275	180
r1bqkbnr/pp2pp1p/2p3p1/2p5/4P3/5N2/PPPP1PPP/RNBQK2R w	296	271	186
rnb1kbnr/pp3ppp/4p3/2pq4/8/2P2N2/PP1P1PPP/RNBQKB1R w	295	279	179
rnbq1rk1/ppp1bppp/4pn2/3p4/2P5/5NP1/PP1PPPBP/RNBQ1RK1 w	295	294	274
rnbq1rk1/pp2ppbp/3p1np1/2pP4/2P1PP2/2N2N2/PP4PP/R1BQKB1R b	295	287	195
r1bqkb1r/pp2pppp/2n2n2/3p4/3P1B2/2N5/PP2PPPP/R2QKBNR w	292	270	197
rnbqk2r/pppp1ppp/4pn2/8/1bPP4/2N2P2/PP2P1PP/R1BQKBNR b	291	281	215
rnbqk2r/ppp1bppp/4pn2/3p4/2P5/5NP1/PP1PPPBP/RNBQK2R w	291	288	261
rnbqkb1r/ppp2ppp/4pn2/3p4/5P2/1P2P3/PBPP2PP/RN1QKBNR b	290	271	178
rnbqkb1r/pp1p1ppp/4pn2/2pP4/2P5/5N2/PP2PPPP/RNBQKB1R b	290	271	203
rnbqk1nr/pp1pppbp/6p1/8/2PN4/2N5/PP2PPPP/R1BQKB1R b	290	269	170
rn1qkbnr/pp3ppp/2p1p3/3p4/4P3/2N2Q1P/PPPP1PP1/R1B1KB1R w	289	257	193
r2qkb1r/pp2pppp/2n2n2/3p4/3P1Bb1/1QPB4/PP3PPP/RN2K1NR b	289	273	185
rn1qkbnr/ppp1pppp/8/3p4/6b1/1P6/PBPPPPPP/RN1QKBNR w	288	267	182
rnb1kbnr/ppp2ppp/4p3/3q4/8/8/PPPPQPPP/RNB1KBNR w	286	265	172
rn1qkb1r/3ppppp/b4n2/2pP4/8/2N5/PP2PPPP/R1BQKBNR b	285	278	187
rnbqkb1r/pp1ppppp/8/2pnP3/8/2P2N2/PP1P1PPP/RNBQKB1R b	284	278	229
rnbqk1nr/pp1pppbp/6p1/8/2Pp4/2N2N2/PP2PPPP/R1BQKB1R w	284	265	168
rnbqkb1r/pp2pp1p/2p2p2/8/3P4/8/PPP2PPP/R1BQKBNR w	282	258	182
rnbqkb1r/pp2pppp/2p2n2/3p4/2P5/5NP1/PP1PPP1P/RNBQKB1R w	280	271	217
rnbq1rk1/ppp1ppbp/5np1/3p4/8/3P1NP1/PPP1PPBP/RNBQ1RK1 w	280	259	191
rnbqkb1r/1p3ppp/p2ppn2/8/3NP3/1BN5/PPP2PPP/R1BQK2R b	279	269	187
rnbq1rk1/pp2ppbp/3p1np1/2p5/2PPPP2/2N2N2/PP4PP/R1BQKB1R w	278	268	185
rnbqkbnr/pp3ppp/4p3/2pp4/4P3/3P1N2/PPPN1PPP/R1BQKB1R b	277	259	173
rn1qkb1r/ppp1pppp/5n2/3p1b2/8/5NP1/PPPPPPBP/RNBQ1RK1 b	277	240	167
rnbqk2r/ppp1ppbp/5np1/3P4/3P4/2N2N2/PP2PPPP/R1BQKB1R b	273	252	165
rnb1kbnr/1pqp1ppp/p3p3/8/2PNP3/8/PP3PPP/RNBQKB1R w	272	261	171
rnbqkb1r/pp1ppppp/5n2/8/3p4/2P2N2/PP2PPPP/RNBQKB1R w	271	249	185
rnbqkb1r/ppp1pp1p/5np1/3p4/8/5NP1/PPPPPPBP/RNBQ1RK1 b	271	245	183
r2qkbnr/pp1nppp1/2p3bp/7P/3P4/5NN1/PPP2PP1/R1BQKB1R b	271	263	186
rnbqkb1r/pp1ppppp/5n2/2p5/8/5NP1/PPPPPPBP/RNBQK2R b	270	243	168
r1bqkb1r/pp1npppp/2p5/8/4Q3/5N2/PPPP1PPP/R1B1KB1R w	268	266	185
rnbqkb1r/pp2pp1p/3p1np1/2pP4/4P3/2N5/PPP2PPP/R1BQKBNR w	266	240	178
rnbqk2r/ppp1ppbp/6p1/8/2BPP3/2P5/P4PPP/R1BQK1NR b	266	260	169
rnbq1rk1/pp3ppp/2pb1p2/8/3P4/2PB4/PPQ2PPP/R1B1K1NR b	266	255	214
rnbqkbnr/pp3ppp/3p4/2pPp3/4P3/2N5/PPP2PPP/R1BQKBNR b	265	253	196
rnbq1rk1/ppp1ppbp/3p1np1/8/2P1P3/2N3P1/PP1P1PBP/R1BQK1NR w	265	247	171
r2qkb1r/pp2pppp/2n5/3n4/3P2b1/2N2N2/PP3PPP/R1BQKB1R w	265	256	169
r1bqk1nr/pp2ppbp/2np2p1/2p5/4P3/2NP2P1/PPP2PBP/R1BQK1NR w	264	256	198
rnbqk2r/pp2nppp/4p3/2ppP3/3P4/P1P5/2P2PPP/R1BQKBNR w	262	261	220
r1bqkb1r/pp3ppp/2nppn2/6B1/3NP3/2N5/PPP2PPP/R2QKB1R w	261	248	197
rn1qkb1r/pp3ppp/2p1pn2/3p1b2/3P4/5NP1/PPP1PPBP/RNBQ1RK1 w	260	247	173
r1bqkbnr/pp1ppp1p/2n3p1/2p5/8/5NP1/PPPPPPBP/RNBQ1RK1 b	257	225	170
rn1qk2r/1p2bppp/p2pbn2/4p3/4P3/1NN1BP2/PPPQ2PP/R3KB1R b	256	250	173
rnbqk2r/ppppppbp/5np1/6B1/3P4/5N2/PPPNPPPP/R2QKB1R b	255	234	184
rnbqk2r/pp2bppp/2p2n2/3p2B1/3P4/2NBP3/PP3PPP/R2QK1NR b	254	250	179
r1bq1rk1/pp2ppbp/2np1np1/8/2BNP3/2N1BP2/PPPQ2PP/R3K2R b	252	241	181
r1bqk2r/p1p2ppp/5n2/3p4/1b6/2NB4/PPP2PPP/R1BQK2R w	251	239	170
rnbqk1nr/pp1pppbp/6p1/2p5/8/5NP1/PPPPPPBP/RNBQ1RK1 b	250	237	185
rnbqkb1r/pp1p1ppp/5n2/2pPp3/2P5/8/PP2PPPP/RNBQKBNR w	246	225	171
rnbqkb1r/pp2pp1p/2p2np1/3p4/8/5NP1/PPPPPPBP/RNBQ1RK1 w	246	231	193
r1bqkb1r/pp2pppp/2n2n2/3p4/3P1B2/2N1P3/PP3PPP/R2QKBNR b	246	230	177
rnbq1rk1/ppp2pbp/3p1np1/4p3/2PPP3/2N2N2/PP2BPPP/R1BQ1RK1 b	246	244	206
r1bq1rk1/pppnppbp/3p1np1/8/2PP4/5NP1/PP2PPBP/RNBQ1RK1 w	244	225	168
rnbq1rk1/pp2ppbp/2p2np1/3p4/2PP4/5NP1/PP2PPBP/RNBQ1RK1 w	243	234	188
rnbqkb1r/pppp1p1p/5pp1/8/2P5/1P6/P2PPPPP/RN1QKBNR b	237	232	180
rnbqk2r/ppppppbp/5np1/8/8/1P3NP1/PBPPPP1P/RN1QKB1R b	231	212	171
rn1qkb1r/pp2pppp/2p2n2/3p1b2/8/3P1NP1/PPP1PPBP/RNBQ1RK1 b	231	220	167
rn1qkb1r/pp2pppp/2p2n2/5b2/P1pP4/2N2N2/1P2PPPP/R1BQKB1R w	227	226	178
r1bqkb1r/pppn1ppp/3p1n2/4p3/2BPP3/2N2N2/PPP2PPP/R1BQK2R b	226	218	182
r1bqkbnr/pp1ppppp/8/1Bp5/3nP3/2N2N2/PPPP1PPP/R1BQK2R b	224	211	165
rnbqkb1r/pp1ppppp/5n2/2p5/3P4/5NP1/PPP1PP1P/RNBQKB1R b	223	216	167
rnbqkb1r/pp3p1p/3p1np1/2pP4/8/2N2N2/PP2PPPP/R1BQKB1R w	220	214	172
r1bqk1nr/pp1pppbp/2n3p1/1Bp5/4P3/5N2/PPPP1PPP/RNBQR1K1 b	218	209	174
rnbq1rk1/ppp1bppp/4pn2/8/2pP4/5NP1/PP2PPBP/RNBQ1RK1 w	215	213	190
r1bq1rk1/ppp1ppbp/2np1np1/8/2PP4/2N2NP1/PP2PPBP/R1BQ1RK1 b	206	201	169
r1bq1rk1/ppp1ppbp/2np1np1/8/2PP4/5NP1/PP2PPBP/RNBQ1RK1 w	203	196	165
rnbq1rk1/ppp1bppp/4pn2/3p4/8/3P1NP1/PPPNPPBP/R1BQ1RK1 b	199	196	174
rnbqr1k1/pp3ppp/2pb1p2/8/3P4/2PB4/PPQ1NPPP/R1B1K2R b	196	192	167
# band totals (games reaching ply 1): all=2994914 avg1600=1693546 avg2000=551554; rows kept: games_avg2000 >= 165
